[20880:20952:0601/204134.782:WARNING:chrome_main_delegate.cc(745)] This is Chrome version 128.0.6613.138 (not a warning)
[20880:4976:0601/204134.838:ERROR:google_update_settings.cc(265)] Failed opening key Software\Chromium to set usagestats; result: 5
[20880:20952:0601/204134.867:WARNING:account_consistency_mode_manager.cc(77)] Desktop Identity Consistency cannot be enabled as no OAuth client ID and client secret have been configured.
[11284:20408:0601/204143.125:WARNING:frame_impl.cc(430)] virtual CefFrameImpl::SendProcessMessage sent to detached frame 5-9934F27A8C23C8209821971A54770CC9 will be ignored
[20880:20952:0601/204143.296:ERROR:device_event_log_impl.cc(196)] [20:41:43.285] USB: usb_service_win.cc:105 SetupDiGetDeviceProperty({{A45C254E-DF1C-4EFD-8020-67D146A850E0}, 6}) failed: Eleman bulunamadı. (0x490)
[20880:20952:0601/204145.574:ERROR:extension_registrar.cc(549)] Failed to unregister service worker for extension ngpampappnmepgilojfohadhhmbhlaek
[20880:20952:0601/205112.011:ERROR:device_event_log_impl.cc(196)] [20:51:11.862] USB: usb_service_win.cc:105 SetupDiGetDeviceProperty({{A45C254E-DF1C-4EFD-8020-67D146A850E0}, 6}) failed: Eleman bulunamadı. (0x490)
[14948:5936:0601/205248.629:VERBOSE1:tls_handshaker.cc(105)] TlsClient: Continuing handshake
[14948:5936:0601/205248.629:VERBOSE1:tls_client_handshaker.cc(625)] 0-RTT handshake attempted but was rejected by the server
[14948:5936:0601/205248.629:VERBOSE1:tls_handshaker.cc(105)] TlsClient: Continuing handshake
[14948:5936:0601/205248.629:VERBOSE1:tls_handshaker.cc(105)] TlsClient: Continuing handshake
[14948:5936:0601/205248.630:VERBOSE1:tls_client_handshaker.cc(528)] Client: handshake finished
[20880:20952:0601/205252.074:VERBOSE1:device_event_log_impl.cc(198)] [20:52:52.074] Display: EVENT: screen_win.cc:893 Displays updated, count: 1
[20880:20952:0601/205252.074:VERBOSE1:device_event_log_impl.cc(198)] [20:52:52.074] Display: EVENT: screen_win.cc:895 Display[2291176582] bounds=[0,0 1536x864], workarea=[0,0 1536x816], scale=1.25, rotation=0, panel_rotation=0 external detected
[20880:20952:0601/205310.188:VERBOSE1:device_event_log_impl.cc(198)] [20:53:10.188] Display: EVENT: screen_win.cc:893 Displays updated, count: 1
[20880:20952:0601/205310.188:VERBOSE1:device_event_log_impl.cc(198)] [20:53:10.189] Display: EVENT: screen_win.cc:895 Display[2291176582] bounds=[0,0 1536x864], workarea=[0,0 1536x816], scale=1.25, rotation=0, panel_rotation=0 external detected
[20880:20952:0601/205320.816:VERBOSE1:device_event_log_impl.cc(198)] [20:53:20.816] Display: EVENT: screen_win.cc:893 Displays updated, count: 1
[20880:20952:0601/205320.816:VERBOSE1:device_event_log_impl.cc(198)] [20:53:20.816] Display: EVENT: screen_win.cc:895 Display[2291176582] bounds=[0,0 1536x864], workarea=[0,0 1536x816], scale=1.25, rotation=0, panel_rotation=0 external detected
[20880:20952:0601/205329.704:VERBOSE1:device_event_log_impl.cc(198)] [20:53:29.704] Display: EVENT: screen_win.cc:893 Displays updated, count: 1
[20880:20952:0601/205329.704:VERBOSE1:device_event_log_impl.cc(198)] [20:53:29.704] Display: EVENT: screen_win.cc:895 Display[2291176582] bounds=[0,0 1536x864], workarea=[0,0 1536x816], scale=1.25, rotation=0, panel_rotation=0 external detected
[20880:20952:0601/205347.397:VERBOSE1:device_event_log_impl.cc(198)] [20:53:47.397] Display: EVENT: screen_win.cc:893 Displays updated, count: 1
[20880:20952:0601/205347.397:VERBOSE1:device_event_log_impl.cc(198)] [20:53:47.397] Display: EVENT: screen_win.cc:895 Display[2291176582] bounds=[0,0 1536x864], workarea=[0,0 1536x816], scale=1.25, rotation=0, panel_rotation=0 external detected
[20880:20952:0601/205357.761:VERBOSE1:device_event_log_impl.cc(198)] [20:53:57.761] Display: EVENT: screen_win.cc:893 Displays updated, count: 1
[20880:20952:0601/205357.761:VERBOSE1:device_event_log_impl.cc(198)] [20:53:57.761] Display: EVENT: screen_win.cc:895 Display[2291176582] bounds=[0,0 1536x864], workarea=[0,0 1536x816], scale=1.25, rotation=0, panel_rotation=0 external detected
[20880:20952:0601/205412.740:VERBOSE1:device_event_log_impl.cc(198)] [20:54:12.740] Display: EVENT: screen_win.cc:893 Displays updated, count: 1
[20880:20952:0601/205412.740:VERBOSE1:device_event_log_impl.cc(198)] [20:54:12.740] Display: EVENT: screen_win.cc:895 Display[2291176582] bounds=[0,0 1536x864], workarea=[0,0 1536x816], scale=1.25, rotation=0, panel_rotation=0 external detected
[20880:20952:0601/205416.987:VERBOSE1:device_event_log_impl.cc(198)] [20:54:16.987] Display: EVENT: screen_win.cc:893 Displays updated, count: 1
[20880:20952:0601/205416.987:VERBOSE1:device_event_log_impl.cc(198)] [20:54:16.987] Display: EVENT: screen_win.cc:895 Display[2291176582] bounds=[0,0 1536x864], workarea=[0,0 1536x816], scale=1.25, rotation=0, panel_rotation=0 external detected
[20880:20952:0601/205422.933:VERBOSE1:device_event_log_impl.cc(198)] [20:54:22.933] Display: EVENT: screen_win.cc:893 Displays updated, count: 1
[20880:20952:0601/205422.933:VERBOSE1:device_event_log_impl.cc(198)] [20:54:22.933] Display: EVENT: screen_win.cc:895 Display[2291176582] bounds=[0,0 1536x864], workarea=[0,0 1536x816], scale=1.25, rotation=0, panel_rotation=0 external detected
[20880:20952:0601/205438.827:VERBOSE1:device_event_log_impl.cc(198)] [20:54:38.828] Display: EVENT: screen_win.cc:893 Displays updated, count: 1
[20880:20952:0601/205438.827:VERBOSE1:device_event_log_impl.cc(198)] [20:54:38.828] Display: EVENT: screen_win.cc:895 Display[2291176582] bounds=[0,0 1536x864], workarea=[0,0 1536x816], scale=1.25, rotation=0, panel_rotation=0 external detected
[20880:20952:0601/205519.228:VERBOSE1:device_event_log_impl.cc(198)] [20:55:19.228] Display: EVENT: screen_win.cc:893 Displays updated, count: 1
[20880:20952:0601/205519.228:VERBOSE1:device_event_log_impl.cc(198)] [20:55:19.228] Display: EVENT: screen_win.cc:895 Display[2291176582] bounds=[0,0 1536x864], workarea=[0,0 1536x816], scale=1.25, rotation=0, panel_rotation=0 external detected
[20880:20952:0601/205528.067:VERBOSE1:device_event_log_impl.cc(198)] [20:55:28.067] Display: EVENT: screen_win.cc:893 Displays updated, count: 1
[20880:20952:0601/205528.067:VERBOSE1:device_event_log_impl.cc(198)] [20:55:28.067] Display: EVENT: screen_win.cc:895 Display[2291176582] bounds=[0,0 1536x864], workarea=[0,0 1536x816], scale=1.25, rotation=0, panel_rotation=0 external detected
[14948:5936:0601/205540.525:VERBOSE1:network_delegate.cc(36)] NetworkDelegate::NotifyBeforeURLRequest: https://optimizationguide-pa.googleapis.com/v1:GetModels?key=dummytoken
[14948:5936:0601/205540.629:VERBOSE1:tls_handshaker.cc(105)] TlsClient: Continuing handshake
[14948:5936:0601/205540.629:VERBOSE1:tls_handshaker.cc(126)] TlsClient: SSL_do_handshake returned when entering early data. After retry, rv=-1, SSL_in_early_data=1
[14948:5936:0601/205540.684:VERBOSE1:tls_handshaker.cc(105)] TlsClient: Continuing handshake
[14948:5936:0601/205540.695:VERBOSE1:tls_handshaker.cc(105)] TlsClient: Continuing handshake
[14948:5936:0601/205540.695:VERBOSE1:tls_client_handshaker.cc(625)] 0-RTT handshake attempted but was rejected by the server
[14948:5936:0601/205540.695:VERBOSE1:tls_handshaker.cc(105)] TlsClient: Continuing handshake
[14948:5936:0601/205540.695:VERBOSE1:tls_handshaker.cc(105)] TlsClient: Continuing handshake
[14948:5936:0601/205540.695:VERBOSE1:tls_handshaker.cc(105)] TlsClient: Continuing handshake
[14948:5936:0601/205540.695:VERBOSE1:tls_handshaker.cc(105)] TlsClient: Continuing handshake
[14948:5936:0601/205540.695:VERBOSE1:tls_client_handshaker.cc(528)] Client: handshake finished
[20880:20952:0601/205559.703:VERBOSE1:device_event_log_impl.cc(198)] [20:55:59.704] Display: EVENT: screen_win.cc:893 Displays updated, count: 1
[20880:20952:0601/205559.703:VERBOSE1:device_event_log_impl.cc(198)] [20:55:59.704] Display: EVENT: screen_win.cc:895 Display[2291176582] bounds=[0,0 1536x864], workarea=[0,0 1536x816], scale=1.25, rotation=0, panel_rotation=0 external detected
[20880:20952:0601/205648.990:VERBOSE1:device_event_log_impl.cc(198)] [20:56:48.989] Display: EVENT: screen_win.cc:893 Displays updated, count: 1
[20880:20952:0601/205648.990:VERBOSE1:device_event_log_impl.cc(198)] [20:56:48.990] Display: EVENT: screen_win.cc:895 Display[2291176582] bounds=[0,0 1536x864], workarea=[0,0 1536x816], scale=1.25, rotation=0, panel_rotation=0 external detected
[20880:22232:0601/205659.583:VERBOSE1:media_stream_manager.cc(1533)] MSPL::OnSpeedLimitChange({this=0000588C001C2D40}, {new_limit=43})
[20880:22232:0601/205700.587:VERBOSE1:media_stream_manager.cc(1533)] MSPL::OnSpeedLimitChange({this=0000588C001C2D40}, {new_limit=47})
[20880:22232:0601/205701.588:VERBOSE1:media_stream_manager.cc(1533)] MSPL::OnSpeedLimitChange({this=0000588C001C2D40}, {new_limit=49})
[20880:22232:0601/205706.852:VERBOSE1:media_stream_manager.cc(1533)] MSPL::OnSpeedLimitChange({this=0000588C001C2D40}, {new_limit=47})
[20880:22232:0601/205707.843:VERBOSE1:media_stream_manager.cc(1533)] MSPL::OnSpeedLimitChange({this=0000588C001C2D40}, {new_limit=100})
[14948:5936:0601/205824.528:VERBOSE1:network_delegate.cc(36)] NetworkDelegate::NotifyBeforeURLRequest: https://optimizationguide-pa.googleapis.com/v1:GetModels?key=dummytoken
[14948:5936:0601/205824.626:VERBOSE1:tls_handshaker.cc(105)] TlsClient: Continuing handshake
[14948:5936:0601/205824.627:VERBOSE1:tls_handshaker.cc(126)] TlsClient: SSL_do_handshake returned when entering early data. After retry, rv=-1, SSL_in_early_data=1
[14948:5936:0601/205824.758:VERBOSE1:tls_handshaker.cc(105)] TlsClient: Continuing handshake
[14948:5936:0601/205824.768:VERBOSE1:tls_handshaker.cc(105)] TlsClient: Continuing handshake
[14948:5936:0601/205824.768:VERBOSE1:tls_client_handshaker.cc(625)] 0-RTT handshake attempted but was rejected by the server
[14948:5936:0601/205824.768:VERBOSE1:tls_handshaker.cc(105)] TlsClient: Continuing handshake
[14948:5936:0601/205824.768:VERBOSE1:tls_handshaker.cc(105)] TlsClient: Continuing handshake
[14948:5936:0601/205824.768:VERBOSE1:tls_client_handshaker.cc(528)] Client: handshake finished
[20880:20952:0601/205914.285:VERBOSE1:device_event_log_impl.cc(198)] [20:59:14.286] Display: EVENT: screen_win.cc:893 Displays updated, count: 1
[20880:20952:0601/205914.285:VERBOSE1:device_event_log_impl.cc(198)] [20:59:14.286] Display: EVENT: screen_win.cc:895 Display[2291176582] bounds=[0,0 1536x864], workarea=[0,0 1536x816], scale=1.25, rotation=0, panel_rotation=0 external detected
[14948:5936:0601/205950.100:VERBOSE1:network_delegate.cc(36)] NetworkDelegate::NotifyBeforeURLRequest: https://safebrowsing.googleapis.com/v4/threatListUpdates:fetch?$req=ChoKCGNocm9taXVtEg4xMjguMC42NjEzLjEzOBoMCAUQASIEIAEgAigBGgwIARABIgQgASACKAEaDAgDEAEiBCABIAIoARoMCAcQASIEIAEgAigBGgwIARAIIgQgASACKAQaDAgPEAEiBCABIAIoARoMCAkQASIEIAEgAigBIgIIAQ==&$ct=application/x-protobuf&key=dummytoken
[14948:5936:0601/205950.196:VERBOSE1:tls_handshaker.cc(105)] TlsClient: Continuing handshake
[14948:5936:0601/205950.258:VERBOSE1:tls_handshaker.cc(105)] TlsClient: Continuing handshake
[14948:5936:0601/205950.259:VERBOSE1:tls_handshaker.cc(105)] TlsClient: Continuing handshake
[14948:5936:0601/205950.259:VERBOSE1:tls_handshaker.cc(105)] TlsClient: Continuing handshake
[14948:5936:0601/205950.260:VERBOSE1:tls_client_handshaker.cc(528)] Client: handshake finished
[20880:20952:0601/210055.667:VERBOSE1:device_event_log_impl.cc(198)] [21:00:55.667] Display: EVENT: screen_win.cc:893 Displays updated, count: 1
[20880:20952:0601/210055.667:VERBOSE1:device_event_log_impl.cc(198)] [21:00:55.668] Display: EVENT: screen_win.cc:895 Display[2291176582] bounds=[0,0 1536x864], workarea=[0,0 1536x816], scale=1.25, rotation=0, panel_rotation=0 external detected
[14948:5936:0601/210110.308:VERBOSE1:network_delegate.cc(36)] NetworkDelegate::NotifyBeforeURLRequest: https://optimizationguide-pa.googleapis.com/v1:GetModels?key=dummytoken
[14948:5936:0601/210110.442:VERBOSE1:tls_handshaker.cc(105)] TlsClient: Continuing handshake
[14948:5936:0601/210110.443:VERBOSE1:tls_handshaker.cc(126)] TlsClient: SSL_do_handshake returned when entering early data. After retry, rv=-1, SSL_in_early_data=1
[14948:5936:0601/210110.609:VERBOSE1:tls_handshaker.cc(105)] TlsClient: Continuing handshake
[14948:5936:0601/210110.609:VERBOSE1:tls_handshaker.cc(105)] TlsClient: Continuing handshake
[14948:5936:0601/210110.609:VERBOSE1:tls_client_handshaker.cc(528)] Client: handshake finished
[20880:20952:0601/210129.419:VERBOSE1:device_event_log_impl.cc(198)] [21:01:29.419] Display: EVENT: screen_win.cc:893 Displays updated, count: 1
[20880:20952:0601/210129.419:VERBOSE1:device_event_log_impl.cc(198)] [21:01:29.419] Display: EVENT: screen_win.cc:895 Display[2291176582] bounds=[0,0 1536x864], workarea=[0,0 1536x816], scale=1.25, rotation=0, panel_rotation=0 external detected
[20880:20952:0601/210146.621:VERBOSE1:device_event_log_impl.cc(198)] [21:01:46.621] Display: EVENT: screen_win.cc:893 Displays updated, count: 1
[20880:20952:0601/210146.621:VERBOSE1:device_event_log_impl.cc(198)] [21:01:46.621] Display: EVENT: screen_win.cc:895 Display[2291176582] bounds=[0,0 1536x864], workarea=[0,0 1536x816], scale=1.25, rotation=0, panel_rotation=0 external detected
[20880:20952:0601/210200.160:VERBOSE1:device_event_log_impl.cc(198)] [21:02:00.160] Display: EVENT: screen_win.cc:893 Displays updated, count: 1
[20880:20952:0601/210200.160:VERBOSE1:device_event_log_impl.cc(198)] [21:02:00.160] Display: EVENT: screen_win.cc:895 Display[2291176582] bounds=[0,0 1536x864], workarea=[0,0 1536x816], scale=1.25, rotation=0, panel_rotation=0 external detected
[20880:20952:0601/210210.490:VERBOSE1:device_event_log_impl.cc(198)] [21:02:10.490] Display: EVENT: screen_win.cc:893 Displays updated, count: 1
[20880:20952:0601/210210.490:VERBOSE1:device_event_log_impl.cc(198)] [21:02:10.490] Display: EVENT: screen_win.cc:895 Display[2291176582] bounds=[0,0 1536x864], workarea=[0,0 1536x816], scale=1.25, rotation=0, panel_rotation=0 external detected
[20880:20952:0601/210246.715:VERBOSE1:device_event_log_impl.cc(198)] [21:02:46.715] Display: EVENT: screen_win.cc:893 Displays updated, count: 1
[20880:20952:0601/210246.715:VERBOSE1:device_event_log_impl.cc(198)] [21:02:46.715] Display: EVENT: screen_win.cc:895 Display[2291176582] bounds=[0,0 1536x864], workarea=[0,0 1536x816], scale=1.25, rotation=0, panel_rotation=0 external detected
[20880:22232:0601/210257.844:VERBOSE1:media_stream_manager.cc(1533)] MSPL::OnSpeedLimitChange({this=0000588C001C2D40}, {new_limit=45})
[20880:22232:0601/210259.836:VERBOSE1:media_stream_manager.cc(1533)] MSPL::OnSpeedLimitChange({this=0000588C001C2D40}, {new_limit=44})
[20880:20952:0601/210301.688:VERBOSE1:device_event_log_impl.cc(198)] [21:03:01.688] Display: EVENT: screen_win.cc:893 Displays updated, count: 1
[20880:20952:0601/210301.688:VERBOSE1:device_event_log_impl.cc(198)] [21:03:01.688] Display: EVENT: screen_win.cc:895 Display[2291176582] bounds=[0,0 1536x864], workarea=[0,0 1536x816], scale=1.25, rotation=0, panel_rotation=0 external detected
[20880:22232:0601/210301.899:VERBOSE1:media_stream_manager.cc(1533)] MSPL::OnSpeedLimitChange({this=0000588C001C2D40}, {new_limit=45})
[20880:20952:0601/210302.726:VERBOSE1:device_event_log_impl.cc(198)] [21:03:02.726] Display: EVENT: screen_win.cc:893 Displays updated, count: 1
[20880:20952:0601/210302.727:VERBOSE1:device_event_log_impl.cc(198)] [21:03:02.726] Display: EVENT: screen_win.cc:895 Display[2291176582] bounds=[0,0 1536x864], workarea=[0,0 1536x816], scale=1.25, rotation=0, panel_rotation=0 external detected
[20880:22232:0601/210302.875:VERBOSE1:media_stream_manager.cc(1533)] MSPL::OnSpeedLimitChange({this=0000588C001C2D40}, {new_limit=100})
[20880:20952:0601/210307.343:VERBOSE1:device_event_log_impl.cc(198)] [21:03:07.343] Display: EVENT: screen_win.cc:893 Displays updated, count: 1
[20880:20952:0601/210307.343:VERBOSE1:device_event_log_impl.cc(198)] [21:03:07.343] Display: EVENT: screen_win.cc:895 Display[2291176582] bounds=[0,0 1536x864], workarea=[0,0 1536x816], scale=1.25, rotation=0, panel_rotation=0 external detected
[20880:20952:0601/210312.858:VERBOSE1:device_event_log_impl.cc(198)] [21:03:12.858] Display: EVENT: screen_win.cc:893 Displays updated, count: 1
[20880:20952:0601/210312.858:VERBOSE1:device_event_log_impl.cc(198)] [21:03:12.858] Display: EVENT: screen_win.cc:895 Display[2291176582] bounds=[0,0 1536x864], workarea=[0,0 1536x816], scale=1.25, rotation=0, panel_rotation=0 external detected
[20880:20952:0601/210349.470:VERBOSE1:device_event_log_impl.cc(198)] [21:03:49.470] Display: EVENT: screen_win.cc:893 Displays updated, count: 1
[20880:20952:0601/210349.471:VERBOSE1:device_event_log_impl.cc(198)] [21:03:49.470] Display: EVENT: screen_win.cc:895 Display[2291176582] bounds=[0,0 1536x864], workarea=[0,0 1536x816], scale=1.25, rotation=0, panel_rotation=0 external detected
[14948:5936:0601/210351.277:VERBOSE1:network_delegate.cc(36)] NetworkDelegate::NotifyBeforeURLRequest: https://optimizationguide-pa.googleapis.com/v1:GetModels?key=dummytoken
[14948:5936:0601/210351.403:VERBOSE1:tls_handshaker.cc(105)] TlsClient: Continuing handshake
[14948:5936:0601/210351.404:VERBOSE1:tls_handshaker.cc(126)] TlsClient: SSL_do_handshake returned when entering early data. After retry, rv=-1, SSL_in_early_data=1
[14948:5936:0601/210351.493:VERBOSE1:tls_handshaker.cc(105)] TlsClient: Continuing handshake
[14948:5936:0601/210351.493:VERBOSE1:tls_handshaker.cc(105)] TlsClient: Continuing handshake
[14948:5936:0601/210351.493:VERBOSE1:tls_client_handshaker.cc(528)] Client: handshake finished
[20880:20952:0601/210358.051:VERBOSE1:device_event_log_impl.cc(198)] [21:03:58.050] Display: EVENT: screen_win.cc:893 Displays updated, count: 1
[20880:20952:0601/210358.051:VERBOSE1:device_event_log_impl.cc(198)] [21:03:58.050] Display: EVENT: screen_win.cc:895 Display[2291176582] bounds=[0,0 1536x864], workarea=[0,0 1536x816], scale=1.25, rotation=0, panel_rotation=0 external detected
[20880:22232:0601/210407.878:VERBOSE1:media_stream_manager.cc(1533)] MSPL::OnSpeedLimitChange({this=0000588C001C2D40}, {new_limit=66})
[20880:22232:0601/210408.879:VERBOSE1:media_stream_manager.cc(1533)] MSPL::OnSpeedLimitChange({this=0000588C001C2D40}, {new_limit=67})
[20880:22232:0601/210409.905:VERBOSE1:media_stream_manager.cc(1533)] MSPL::OnSpeedLimitChange({this=0000588C001C2D40}, {new_limit=66})
[20880:22232:0601/210410.897:VERBOSE1:media_stream_manager.cc(1533)] MSPL::OnSpeedLimitChange({this=0000588C001C2D40}, {new_limit=65})
[20880:22232:0601/210411.898:VERBOSE1:media_stream_manager.cc(1533)] MSPL::OnSpeedLimitChange({this=0000588C001C2D40}, {new_limit=68})
[20880:22232:0601/210412.884:VERBOSE1:media_stream_manager.cc(1533)] MSPL::OnSpeedLimitChange({this=0000588C001C2D40}, {new_limit=69})
[20880:22232:0601/210414.883:VERBOSE1:media_stream_manager.cc(1533)] MSPL::OnSpeedLimitChange({this=0000588C001C2D40}, {new_limit=66})
[20880:22232:0601/210417.016:VERBOSE1:media_stream_manager.cc(1533)] MSPL::OnSpeedLimitChange({this=0000588C001C2D40}, {new_limit=100})
[20880:20952:0601/210419.053:VERBOSE1:device_event_log_impl.cc(198)] [21:04:19.052] Display: EVENT: screen_win.cc:893 Displays updated, count: 1
[20880:20952:0601/210419.053:VERBOSE1:device_event_log_impl.cc(198)] [21:04:19.053] Display: EVENT: screen_win.cc:895 Display[2291176582] bounds=[0,0 1536x864], workarea=[0,0 1536x816], scale=1.25, rotation=0, panel_rotation=0 external detected
[20880:20952:0601/210425.598:VERBOSE1:device_event_log_impl.cc(198)] [21:04:25.598] Display: EVENT: screen_win.cc:893 Displays updated, count: 1
[20880:20952:0601/210425.598:VERBOSE1:device_event_log_impl.cc(198)] [21:04:25.598] Display: EVENT: screen_win.cc:895 Display[2291176582] bounds=[0,0 1536x864], workarea=[0,0 1536x816], scale=1.25, rotation=0, panel_rotation=0 external detected
[20880:20952:0601/210432.685:VERBOSE1:device_event_log_impl.cc(198)] [21:04:32.685] Display: EVENT: screen_win.cc:893 Displays updated, count: 1
[20880:20952:0601/210432.685:VERBOSE1:device_event_log_impl.cc(198)] [21:04:32.685] Display: EVENT: screen_win.cc:895 Display[2291176582] bounds=[0,0 1536x864], workarea=[0,0 1536x816], scale=1.25, rotation=0, panel_rotation=0 external detected
[20880:20952:0601/210438.815:VERBOSE1:device_event_log_impl.cc(198)] [21:04:38.816] Display: EVENT: screen_win.cc:893 Displays updated, count: 1
[20880:20952:0601/210438.817:VERBOSE1:device_event_log_impl.cc(198)] [21:04:38.816] Display: EVENT: screen_win.cc:895 Display[2291176582] bounds=[0,0 1536x864], workarea=[0,0 1536x816], scale=1.25, rotation=0, panel_rotation=0 external detected
[20880:20952:0601/210439.910:VERBOSE1:device_event_log_impl.cc(198)] [21:04:39.910] Display: EVENT: screen_win.cc:893 Displays updated, count: 1
[20880:20952:0601/210439.910:VERBOSE1:device_event_log_impl.cc(198)] [21:04:39.910] Display: EVENT: screen_win.cc:895 Display[2291176582] bounds=[0,0 1536x864], workarea=[0,0 1536x816], scale=1.25, rotation=0, panel_rotation=0 external detected
[20880:20952:0601/210452.864:VERBOSE1:device_event_log_impl.cc(198)] [21:04:52.864] Display: EVENT: screen_win.cc:893 Displays updated, count: 1
[20880:20952:0601/210452.864:VERBOSE1:device_event_log_impl.cc(198)] [21:04:52.864] Display: EVENT: screen_win.cc:895 Display[2291176582] bounds=[0,0 1536x864], workarea=[0,0 1536x816], scale=1.25, rotation=0, panel_rotation=0 external detected
[20880:20952:0601/210457.068:VERBOSE1:device_event_log_impl.cc(198)] [21:04:57.068] Display: EVENT: screen_win.cc:893 Displays updated, count: 1
[20880:20952:0601/210457.068:VERBOSE1:device_event_log_impl.cc(198)] [21:04:57.068] Display: EVENT: screen_win.cc:895 Display[2291176582] bounds=[0,0 1536x864], workarea=[0,0 1536x816], scale=1.25, rotation=0, panel_rotation=0 external detected
[20880:20952:0601/210503.283:VERBOSE1:device_event_log_impl.cc(198)] [21:05:03.283] Display: EVENT: screen_win.cc:893 Displays updated, count: 1
[20880:20952:0601/210503.283:VERBOSE1:device_event_log_impl.cc(198)] [21:05:03.283] Display: EVENT: screen_win.cc:895 Display[2291176582] bounds=[0,0 1536x864], workarea=[0,0 1536x816], scale=1.25, rotation=0, panel_rotation=0 external detected
[20880:20952:0601/210508.544:VERBOSE1:device_event_log_impl.cc(198)] [21:05:08.544] Display: EVENT: screen_win.cc:893 Displays updated, count: 1
[20880:20952:0601/210508.544:VERBOSE1:device_event_log_impl.cc(198)] [21:05:08.544] Display: EVENT: screen_win.cc:895 Display[2291176582] bounds=[0,0 1536x864], workarea=[0,0 1536x816], scale=1.25, rotation=0, panel_rotation=0 external detected
[20880:20952:0601/210514.488:VERBOSE1:device_event_log_impl.cc(198)] [21:05:14.488] Display: EVENT: screen_win.cc:893 Displays updated, count: 1
[20880:20952:0601/210514.488:VERBOSE1:device_event_log_impl.cc(198)] [21:05:14.488] Display: EVENT: screen_win.cc:895 Display[2291176582] bounds=[0,0 1536x864], workarea=[0,0 1536x816], scale=1.25, rotation=0, panel_rotation=0 external detected
[20880:20952:0601/210524.037:VERBOSE1:device_event_log_impl.cc(198)] [21:05:24.037] Display: EVENT: screen_win.cc:893 Displays updated, count: 1
[20880:20952:0601/210524.037:VERBOSE1:device_event_log_impl.cc(198)] [21:05:24.037] Display: EVENT: screen_win.cc:895 Display[2291176582] bounds=[0,0 1536x864], workarea=[0,0 1536x816], scale=1.25, rotation=0, panel_rotation=0 external detected
[20880:20952:0601/210530.908:VERBOSE1:device_event_log_impl.cc(198)] [21:05:30.908] Display: EVENT: screen_win.cc:893 Displays updated, count: 1
[20880:20952:0601/210530.908:VERBOSE1:device_event_log_impl.cc(198)] [21:05:30.908] Display: EVENT: screen_win.cc:895 Display[2291176582] bounds=[0,0 1536x864], workarea=[0,0 1536x816], scale=1.25, rotation=0, panel_rotation=0 external detected
[20880:20952:0601/210539.875:VERBOSE1:device_event_log_impl.cc(198)] [21:05:39.874] Display: EVENT: screen_win.cc:893 Displays updated, count: 1
[20880:20952:0601/210539.875:VERBOSE1:device_event_log_impl.cc(198)] [21:05:39.875] Display: EVENT: screen_win.cc:895 Display[2291176582] bounds=[0,0 1536x864], workarea=[0,0 1536x816], scale=1.25, rotation=0, panel_rotation=0 external detected
[20880:20952:0601/210548.819:VERBOSE1:device_event_log_impl.cc(198)] [21:05:48.819] Display: EVENT: screen_win.cc:893 Displays updated, count: 1
[20880:20952:0601/210548.819:VERBOSE1:device_event_log_impl.cc(198)] [21:05:48.819] Display: EVENT: screen_win.cc:895 Display[2291176582] bounds=[0,0 1536x864], workarea=[0,0 1536x816], scale=1.25, rotation=0, panel_rotation=0 external detected
[20880:20952:0601/210553.053:VERBOSE1:device_event_log_impl.cc(198)] [21:05:53.053] Display: EVENT: screen_win.cc:893 Displays updated, count: 1
[20880:20952:0601/210553.053:VERBOSE1:device_event_log_impl.cc(198)] [21:05:53.053] Display: EVENT: screen_win.cc:895 Display[2291176582] bounds=[0,0 1536x864], workarea=[0,0 1536x816], scale=1.25, rotation=0, panel_rotation=0 external detected
[20880:22232:0601/210602.968:VERBOSE1:media_stream_manager.cc(1533)] MSPL::OnSpeedLimitChange({this=0000588C001C2D40}, {new_limit=57})
[20880:22232:0601/210603.956:VERBOSE1:media_stream_manager.cc(1533)] MSPL::OnSpeedLimitChange({this=0000588C001C2D40}, {new_limit=58})
[20880:22232:0601/210604.970:VERBOSE1:media_stream_manager.cc(1533)] MSPL::OnSpeedLimitChange({this=0000588C001C2D40}, {new_limit=56})
[20880:22232:0601/210605.965:VERBOSE1:media_stream_manager.cc(1533)] MSPL::OnSpeedLimitChange({this=0000588C001C2D40}, {new_limit=55})
[20880:22232:0601/210606.970:VERBOSE1:media_stream_manager.cc(1533)] MSPL::OnSpeedLimitChange({this=0000588C001C2D40}, {new_limit=53})
[20880:22232:0601/210608.967:VERBOSE1:media_stream_manager.cc(1533)] MSPL::OnSpeedLimitChange({this=0000588C001C2D40}, {new_limit=52})
[20880:22232:0601/210609.978:VERBOSE1:media_stream_manager.cc(1533)] MSPL::OnSpeedLimitChange({this=0000588C001C2D40}, {new_limit=51})
[20880:22232:0601/210610.971:VERBOSE1:media_stream_manager.cc(1533)] MSPL::OnSpeedLimitChange({this=0000588C001C2D40}, {new_limit=48})
[20880:22232:0601/210611.965:VERBOSE1:media_stream_manager.cc(1533)] MSPL::OnSpeedLimitChange({this=0000588C001C2D40}, {new_limit=50})
[20880:22232:0601/210613.084:VERBOSE1:media_stream_manager.cc(1533)] MSPL::OnSpeedLimitChange({this=0000588C001C2D40}, {new_limit=100})
[20880:20952:0601/210615.541:VERBOSE1:device_event_log_impl.cc(198)] [21:06:15.541] Display: EVENT: screen_win.cc:893 Displays updated, count: 1
[20880:20952:0601/210615.541:VERBOSE1:device_event_log_impl.cc(198)] [21:06:15.541] Display: EVENT: screen_win.cc:895 Display[2291176582] bounds=[0,0 1536x864], workarea=[0,0 1536x816], scale=1.25, rotation=0, panel_rotation=0 external detected
[20880:20952:0601/210619.985:VERBOSE1:device_event_log_impl.cc(198)] [21:06:19.985] Display: EVENT: screen_win.cc:893 Displays updated, count: 1
[20880:20952:0601/210619.985:VERBOSE1:device_event_log_impl.cc(198)] [21:06:19.986] Display: EVENT: screen_win.cc:895 Display[2291176582] bounds=[0,0 1536x864], workarea=[0,0 1536x816], scale=1.25, rotation=0, panel_rotation=0 external detected
[20880:20952:0601/210624.683:VERBOSE1:device_event_log_impl.cc(198)] [21:06:24.683] Display: EVENT: screen_win.cc:893 Displays updated, count: 1
[20880:20952:0601/210624.683:VERBOSE1:device_event_log_impl.cc(198)] [21:06:24.683] Display: EVENT: screen_win.cc:895 Display[2291176582] bounds=[0,0 1536x864], workarea=[0,0 1536x816], scale=1.25, rotation=0, panel_rotation=0 external detected
[20880:20952:0601/210635.077:VERBOSE1:device_event_log_impl.cc(198)] [21:06:35.077] Display: EVENT: screen_win.cc:893 Displays updated, count: 1
[20880:20952:0601/210635.077:VERBOSE1:device_event_log_impl.cc(198)] [21:06:35.078] Display: EVENT: screen_win.cc:895 Display[2291176582] bounds=[0,0 1536x864], workarea=[0,0 1536x816], scale=1.25, rotation=0, panel_rotation=0 external detected
[14948:5936:0601/210636.910:VERBOSE1:network_delegate.cc(36)] NetworkDelegate::NotifyBeforeURLRequest: https://optimizationguide-pa.googleapis.com/v1:GetModels?key=dummytoken
[14948:5936:0601/210637.044:VERBOSE1:tls_handshaker.cc(105)] TlsClient: Continuing handshake
[14948:5936:0601/210637.045:VERBOSE1:tls_handshaker.cc(126)] TlsClient: SSL_do_handshake returned when entering early data. After retry, rv=-1, SSL_in_early_data=1
[14948:5936:0601/210637.157:VERBOSE1:tls_handshaker.cc(105)] TlsClient: Continuing handshake
[14948:5936:0601/210637.157:VERBOSE1:tls_handshaker.cc(105)] TlsClient: Continuing handshake
[14948:5936:0601/210637.157:VERBOSE1:tls_client_handshaker.cc(528)] Client: handshake finished
[20880:22232:0601/210645.214:VERBOSE1:media_stream_manager.cc(1533)] MSPL::OnSpeedLimitChange({this=0000588C001C2D40}, {new_limit=48})
[20880:22232:0601/210646.216:VERBOSE1:media_stream_manager.cc(1533)] MSPL::OnSpeedLimitChange({this=0000588C001C2D40}, {new_limit=100})
[20880:20952:0601/210656.502:VERBOSE1:device_event_log_impl.cc(198)] [21:06:56.502] Display: EVENT: screen_win.cc:893 Displays updated, count: 1
[20880:20952:0601/210656.502:VERBOSE1:device_event_log_impl.cc(198)] [21:06:56.502] Display: EVENT: screen_win.cc:895 Display[2291176582] bounds=[0,0 1536x864], workarea=[0,0 1536x816], scale=1.25, rotation=0, panel_rotation=0 external detected
[20880:20952:0601/210702.419:VERBOSE1:device_event_log_impl.cc(198)] [21:07:02.419] Display: EVENT: screen_win.cc:893 Displays updated, count: 1
[20880:20952:0601/210702.419:VERBOSE1:device_event_log_impl.cc(198)] [21:07:02.420] Display: EVENT: screen_win.cc:895 Display[2291176582] bounds=[0,0 1536x864], workarea=[0,0 1536x816], scale=1.25, rotation=0, panel_rotation=0 external detected
[20880:20952:0601/210706.468:VERBOSE1:device_event_log_impl.cc(198)] [21:07:06.467] Display: EVENT: screen_win.cc:893 Displays updated, count: 1
[20880:20952:0601/210706.468:VERBOSE1:device_event_log_impl.cc(198)] [21:07:06.467] Display: EVENT: screen_win.cc:895 Display[2291176582] bounds=[0,0 1536x864], workarea=[0,0 1536x816], scale=1.25, rotation=0, panel_rotation=0 external detected
[14948:5936:0601/210934.747:VERBOSE1:network_delegate.cc(36)] NetworkDelegate::NotifyBeforeURLRequest: https://optimizationguide-pa.googleapis.com/v1:GetModels?key=dummytoken
[14948:5936:0601/210934.887:VERBOSE1:tls_handshaker.cc(105)] TlsClient: Continuing handshake
[14948:5936:0601/210934.888:VERBOSE1:tls_handshaker.cc(126)] TlsClient: SSL_do_handshake returned when entering early data. After retry, rv=-1, SSL_in_early_data=1
[14948:5936:0601/210935.062:VERBOSE1:tls_handshaker.cc(105)] TlsClient: Continuing handshake
[14948:5936:0601/210935.062:VERBOSE1:tls_handshaker.cc(105)] TlsClient: Continuing handshake
[14948:5936:0601/210935.062:VERBOSE1:tls_client_handshaker.cc(528)] Client: handshake finished
[20880:20952:0601/210941.685:VERBOSE1:device_event_log_impl.cc(198)] [21:09:41.685] Display: EVENT: screen_win.cc:893 Displays updated, count: 1
[20880:20952:0601/210941.685:VERBOSE1:device_event_log_impl.cc(198)] [21:09:41.685] Display: EVENT: screen_win.cc:895 Display[2291176582] bounds=[0,0 1536x864], workarea=[0,0 1536x816], scale=1.25, rotation=0, panel_rotation=0 external detected
[20880:22232:0601/210951.146:VERBOSE1:media_stream_manager.cc(1533)] MSPL::OnSpeedLimitChange({this=0000588C001C2D40}, {new_limit=58})
[20880:22232:0601/210952.145:VERBOSE1:media_stream_manager.cc(1533)] MSPL::OnSpeedLimitChange({this=0000588C001C2D40}, {new_limit=59})
[20880:20952:0601/210952.426:VERBOSE1:device_event_log_impl.cc(198)] [21:09:52.426] Display: EVENT: screen_win.cc:893 Displays updated, count: 1
[20880:20952:0601/210952.426:VERBOSE1:device_event_log_impl.cc(198)] [21:09:52.426] Display: EVENT: screen_win.cc:895 Display[2291176582] bounds=[0,0 1536x864], workarea=[0,0 1536x816], scale=1.25, rotation=0, panel_rotation=0 external detected
[20880:22232:0601/210953.145:VERBOSE1:media_stream_manager.cc(1533)] MSPL::OnSpeedLimitChange({this=0000588C001C2D40}, {new_limit=55})
[20880:22232:0601/210954.182:VERBOSE1:media_stream_manager.cc(1533)] MSPL::OnSpeedLimitChange({this=0000588C001C2D40}, {new_limit=100})
[20880:20952:0601/210956.383:VERBOSE1:device_event_log_impl.cc(198)] [21:09:56.383] Display: EVENT: screen_win.cc:893 Displays updated, count: 1
[20880:20952:0601/210956.384:VERBOSE1:device_event_log_impl.cc(198)] [21:09:56.384] Display: EVENT: screen_win.cc:895 Display[2291176582] bounds=[0,0 1536x864], workarea=[0,0 1536x816], scale=1.25, rotation=0, panel_rotation=0 external detected
[20880:20952:0601/210959.034:VERBOSE1:device_event_log_impl.cc(198)] [21:09:59.034] Display: EVENT: screen_win.cc:893 Displays updated, count: 1
[20880:20952:0601/210959.034:VERBOSE1:device_event_log_impl.cc(198)] [21:09:59.034] Display: EVENT: screen_win.cc:895 Display[2291176582] bounds=[0,0 1536x864], workarea=[0,0 1536x816], scale=1.25, rotation=0, panel_rotation=0 external detected
[20880:20952:0601/211011.648:VERBOSE1:device_event_log_impl.cc(198)] [21:10:11.648] Display: EVENT: screen_win.cc:893 Displays updated, count: 1
[20880:20952:0601/211011.648:VERBOSE1:device_event_log_impl.cc(198)] [21:10:11.648] Display: EVENT: screen_win.cc:895 Display[2291176582] bounds=[0,0 1536x864], workarea=[0,0 1536x816], scale=1.25, rotation=0, panel_rotation=0 external detected
[20880:20952:0601/211019.738:VERBOSE1:device_event_log_impl.cc(198)] [21:10:19.737] Display: EVENT: screen_win.cc:893 Displays updated, count: 1
[20880:20952:0601/211019.738:VERBOSE1:device_event_log_impl.cc(198)] [21:10:19.737] Display: EVENT: screen_win.cc:895 Display[2291176582] bounds=[0,0 1536x864], workarea=[0,0 1536x816], scale=1.25, rotation=0, panel_rotation=0 external detected
[20880:20952:0601/211024.351:VERBOSE1:device_event_log_impl.cc(198)] [21:10:24.351] Display: EVENT: screen_win.cc:893 Displays updated, count: 1
[20880:20952:0601/211024.351:VERBOSE1:device_event_log_impl.cc(198)] [21:10:24.351] Display: EVENT: screen_win.cc:895 Display[2291176582] bounds=[0,0 1536x864], workarea=[0,0 1536x816], scale=1.25, rotation=0, panel_rotation=0 external detected
[20880:20952:0601/211032.834:VERBOSE1:device_event_log_impl.cc(198)] [21:10:32.834] Display: EVENT: screen_win.cc:893 Displays updated, count: 1
[20880:20952:0601/211032.834:VERBOSE1:device_event_log_impl.cc(198)] [21:10:32.834] Display: EVENT: screen_win.cc:895 Display[2291176582] bounds=[0,0 1536x864], workarea=[0,0 1536x816], scale=1.25, rotation=0, panel_rotation=0 external detected
[20880:22232:0601/211042.190:VERBOSE1:media_stream_manager.cc(1533)] MSPL::OnSpeedLimitChange({this=0000588C001C2D40}, {new_limit=70})
[20880:22232:0601/211043.187:VERBOSE1:media_stream_manager.cc(1533)] MSPL::OnSpeedLimitChange({this=0000588C001C2D40}, {new_limit=67})
[20880:22232:0601/211044.380:VERBOSE1:media_stream_manager.cc(1533)] MSPL::OnSpeedLimitChange({this=0000588C001C2D40}, {new_limit=100})
[20880:20952:0601/211045.243:VERBOSE1:device_event_log_impl.cc(198)] [21:10:45.242] Display: EVENT: screen_win.cc:893 Displays updated, count: 1
[20880:20952:0601/211045.243:VERBOSE1:device_event_log_impl.cc(198)] [21:10:45.242] Display: EVENT: screen_win.cc:895 Display[2291176582] bounds=[0,0 1536x864], workarea=[0,0 1536x816], scale=1.25, rotation=0, panel_rotation=0 external detected
[20880:20952:0601/211150.844:VERBOSE1:device_event_log_impl.cc(198)] [21:11:50.844] Display: EVENT: screen_win.cc:893 Displays updated, count: 1
[20880:20952:0601/211150.844:VERBOSE1:device_event_log_impl.cc(198)] [21:11:50.844] Display: EVENT: screen_win.cc:895 Display[2291176582] bounds=[0,0 1536x864], workarea=[0,0 1536x816], scale=1.25, rotation=0, panel_rotation=0 external detected
[20880:20952:0601/211212.978:VERBOSE1:device_event_log_impl.cc(198)] [21:12:12.978] Display: EVENT: screen_win.cc:893 Displays updated, count: 1
[20880:20952:0601/211212.978:VERBOSE1:device_event_log_impl.cc(198)] [21:12:12.978] Display: EVENT: screen_win.cc:895 Display[2291176582] bounds=[0,0 1536x864], workarea=[0,0 1536x816], scale=1.25, rotation=0, panel_rotation=0 external detected
[20880:20952:0601/211221.862:VERBOSE1:device_event_log_impl.cc(198)] [21:12:21.862] Display: EVENT: screen_win.cc:893 Displays updated, count: 1
[20880:20952:0601/211221.862:VERBOSE1:device_event_log_impl.cc(198)] [21:12:21.862] Display: EVENT: screen_win.cc:895 Display[2291176582] bounds=[0,0 1536x864], workarea=[0,0 1536x816], scale=1.25, rotation=0, panel_rotation=0 external detected
[14948:5936:0601/211224.012:VERBOSE1:network_delegate.cc(36)] NetworkDelegate::NotifyBeforeURLRequest: https://optimizationguide-pa.googleapis.com/v1:GetModels?key=dummytoken
[14948:5936:0601/211224.138:VERBOSE1:tls_handshaker.cc(105)] TlsClient: Continuing handshake
[14948:5936:0601/211224.167:VERBOSE1:tls_handshaker.cc(105)] TlsClient: Continuing handshake
[14948:5936:0601/211224.167:VERBOSE1:tls_handshaker.cc(126)] TlsClient: SSL_do_handshake returned when entering early data. After retry, rv=-1, SSL_in_early_data=1
[14948:5936:0601/211224.357:VERBOSE1:tls_handshaker.cc(105)] TlsClient: Continuing handshake
[14948:5936:0601/211224.365:VERBOSE1:tls_handshaker.cc(105)] TlsClient: Continuing handshake
[14948:5936:0601/211224.365:VERBOSE1:tls_client_handshaker.cc(625)] 0-RTT handshake attempted but was rejected by the server
[14948:5936:0601/211224.365:VERBOSE1:tls_handshaker.cc(105)] TlsClient: Continuing handshake
[14948:5936:0601/211224.365:VERBOSE1:tls_handshaker.cc(105)] TlsClient: Continuing handshake
[14948:5936:0601/211224.365:VERBOSE1:tls_handshaker.cc(105)] TlsClient: Continuing handshake
[14948:5936:0601/211224.365:VERBOSE1:tls_handshaker.cc(105)] TlsClient: Continuing handshake
[14948:5936:0601/211224.365:VERBOSE1:tls_client_handshaker.cc(528)] Client: handshake finished
[20880:20952:0601/211232.459:VERBOSE1:device_event_log_impl.cc(198)] [21:12:32.459] Display: EVENT: screen_win.cc:893 Displays updated, count: 1
[20880:20952:0601/211232.459:VERBOSE1:device_event_log_impl.cc(198)] [21:12:32.459] Display: EVENT: screen_win.cc:895 Display[2291176582] bounds=[0,0 1536x864], workarea=[0,0 1536x816], scale=1.25, rotation=0, panel_rotation=0 external detected
[20880:20952:0601/211241.776:VERBOSE1:device_event_log_impl.cc(198)] [21:12:41.776] Display: EVENT: screen_win.cc:893 Displays updated, count: 1
[20880:20952:0601/211241.776:VERBOSE1:device_event_log_impl.cc(198)] [21:12:41.776] Display: EVENT: screen_win.cc:895 Display[2291176582] bounds=[0,0 1536x864], workarea=[0,0 1536x816], scale=1.25, rotation=0, panel_rotation=0 external detected
[20880:20952:0601/211246.369:VERBOSE1:device_event_log_impl.cc(198)] [21:12:46.369] Display: EVENT: screen_win.cc:893 Displays updated, count: 1
[20880:20952:0601/211246.369:VERBOSE1:device_event_log_impl.cc(198)] [21:12:46.369] Display: EVENT: screen_win.cc:895 Display[2291176582] bounds=[0,0 1536x864], workarea=[0,0 1536x816], scale=1.25, rotation=0, panel_rotation=0 external detected
[20880:20952:0601/211300.498:VERBOSE1:device_event_log_impl.cc(198)] [21:13:00.497] Display: EVENT: screen_win.cc:893 Displays updated, count: 1
[20880:20952:0601/211300.498:VERBOSE1:device_event_log_impl.cc(198)] [21:13:00.498] Display: EVENT: screen_win.cc:895 Display[2291176582] bounds=[0,0 1536x864], workarea=[0,0 1536x816], scale=1.25, rotation=0, panel_rotation=0 external detected
[20880:20952:0601/211302.851:VERBOSE1:device_event_log_impl.cc(198)] [21:13:02.851] Display: EVENT: screen_win.cc:893 Displays updated, count: 1
[20880:20952:0601/211302.851:VERBOSE1:device_event_log_impl.cc(198)] [21:13:02.851] Display: EVENT: screen_win.cc:895 Display[2291176582] bounds=[0,0 1536x864], workarea=[0,0 1536x816], scale=1.25, rotation=0, panel_rotation=0 external detected
[20880:20952:0601/211310.781:VERBOSE1:device_event_log_impl.cc(198)] [21:13:10.780] Display: EVENT: screen_win.cc:893 Displays updated, count: 1
[20880:20952:0601/211310.781:VERBOSE1:device_event_log_impl.cc(198)] [21:13:10.781] Display: EVENT: screen_win.cc:895 Display[2291176582] bounds=[0,0 1536x864], workarea=[0,0 1536x816], scale=1.25, rotation=0, panel_rotation=0 external detected
[20880:22232:0601/211320.606:VERBOSE1:media_stream_manager.cc(1533)] MSPL::OnSpeedLimitChange({this=0000588C001C2D40}, {new_limit=54})
[20880:22232:0601/211321.605:VERBOSE1:media_stream_manager.cc(1533)] MSPL::OnSpeedLimitChange({this=0000588C001C2D40}, {new_limit=100})
[20880:20952:0601/211322.636:VERBOSE1:device_event_log_impl.cc(198)] [21:13:22.635] Display: EVENT: screen_win.cc:893 Displays updated, count: 1
[20880:20952:0601/211322.636:VERBOSE1:device_event_log_impl.cc(198)] [21:13:22.636] Display: EVENT: screen_win.cc:895 Display[2291176582] bounds=[0,0 1536x864], workarea=[0,0 1536x816], scale=1.25, rotation=0, panel_rotation=0 external detected
[20880:20952:0601/211330.290:VERBOSE1:device_event_log_impl.cc(198)] [21:13:30.290] Display: EVENT: screen_win.cc:893 Displays updated, count: 1
[20880:20952:0601/211330.290:VERBOSE1:device_event_log_impl.cc(198)] [21:13:30.290] Display: EVENT: screen_win.cc:895 Display[2291176582] bounds=[0,0 1536x864], workarea=[0,0 1536x816], scale=1.25, rotation=0, panel_rotation=0 external detected
[20880:20952:0601/211342.342:VERBOSE1:device_event_log_impl.cc(198)] [21:13:42.342] Display: EVENT: screen_win.cc:893 Displays updated, count: 1
[20880:20952:0601/211342.342:VERBOSE1:device_event_log_impl.cc(198)] [21:13:42.342] Display: EVENT: screen_win.cc:895 Display[2291176582] bounds=[0,0 1536x864], workarea=[0,0 1536x816], scale=1.25, rotation=0, panel_rotation=0 external detected
[20880:20952:0601/211352.423:VERBOSE1:device_event_log_impl.cc(198)] [21:13:52.422] Display: EVENT: screen_win.cc:893 Displays updated, count: 1
[20880:20952:0601/211352.423:VERBOSE1:device_event_log_impl.cc(198)] [21:13:52.422] Display: EVENT: screen_win.cc:895 Display[2291176582] bounds=[0,0 1536x864], workarea=[0,0 1536x816], scale=1.25, rotation=0, panel_rotation=0 external detected
[20880:20952:0601/211400.299:VERBOSE1:device_event_log_impl.cc(198)] [21:14:00.299] Display: EVENT: screen_win.cc:893 Displays updated, count: 1
[20880:20952:0601/211400.299:VERBOSE1:device_event_log_impl.cc(198)] [21:14:00.299] Display: EVENT: screen_win.cc:895 Display[2291176582] bounds=[0,0 1536x864], workarea=[0,0 1536x816], scale=1.25, rotation=0, panel_rotation=0 external detected
[20880:20952:0601/211419.779:VERBOSE1:device_event_log_impl.cc(198)] [21:14:19.779] Display: EVENT: screen_win.cc:893 Displays updated, count: 1
[20880:20952:0601/211419.779:VERBOSE1:device_event_log_impl.cc(198)] [21:14:19.779] Display: EVENT: screen_win.cc:895 Display[2291176582] bounds=[0,0 1536x864], workarea=[0,0 1536x816], scale=1.25, rotation=0, panel_rotation=0 external detected
[20880:22232:0601/211455.398:VERBOSE1:media_stream_manager.cc(1533)] MSPL::OnSpeedLimitChange({this=0000588C001C2D40}, {new_limit=70})
[20880:22232:0601/211456.404:VERBOSE1:media_stream_manager.cc(1533)] MSPL::OnSpeedLimitChange({this=0000588C001C2D40}, {new_limit=71})
[20880:22232:0601/211457.391:VERBOSE1:media_stream_manager.cc(1533)] MSPL::OnSpeedLimitChange({this=0000588C001C2D40}, {new_limit=67})
[20880:22232:0601/211458.515:VERBOSE1:media_stream_manager.cc(1533)] MSPL::OnSpeedLimitChange({this=0000588C001C2D40}, {new_limit=68})
[20880:22232:0601/211459.509:VERBOSE1:media_stream_manager.cc(1533)] MSPL::OnSpeedLimitChange({this=0000588C001C2D40}, {new_limit=100})
[14948:5936:0601/211518.851:VERBOSE1:network_delegate.cc(36)] NetworkDelegate::NotifyBeforeURLRequest: https://optimizationguide-pa.googleapis.com/v1:GetModels?key=dummytoken
[14948:5936:0601/211518.970:VERBOSE1:tls_handshaker.cc(105)] TlsClient: Continuing handshake
[14948:5936:0601/211518.971:VERBOSE1:tls_handshaker.cc(126)] TlsClient: SSL_do_handshake returned when entering early data. After retry, rv=-1, SSL_in_early_data=1
[14948:5936:0601/211519.070:VERBOSE1:tls_handshaker.cc(105)] TlsClient: Continuing handshake
[14948:5936:0601/211519.085:VERBOSE1:tls_handshaker.cc(105)] TlsClient: Continuing handshake
[14948:5936:0601/211519.085:VERBOSE1:tls_client_handshaker.cc(625)] 0-RTT handshake attempted but was rejected by the server
[14948:5936:0601/211519.085:VERBOSE1:tls_handshaker.cc(105)] TlsClient: Continuing handshake
[14948:5936:0601/211519.085:VERBOSE1:tls_handshaker.cc(105)] TlsClient: Continuing handshake
[14948:5936:0601/211519.085:VERBOSE1:tls_client_handshaker.cc(528)] Client: handshake finished
[20880:20952:0601/211534.829:VERBOSE1:device_event_log_impl.cc(198)] [21:15:34.829] Display: EVENT: screen_win.cc:893 Displays updated, count: 1
[20880:20952:0601/211534.829:VERBOSE1:device_event_log_impl.cc(198)] [21:15:34.829] Display: EVENT: screen_win.cc:895 Display[2291176582] bounds=[0,0 1536x864], workarea=[0,0 1536x816], scale=1.25, rotation=0, panel_rotation=0 external detected
[20880:20952:0601/211540.008:VERBOSE1:device_event_log_impl.cc(198)] [21:15:40.008] Display: EVENT: screen_win.cc:893 Displays updated, count: 1
[20880:20952:0601/211540.008:VERBOSE1:device_event_log_impl.cc(198)] [21:15:40.008] Display: EVENT: screen_win.cc:895 Display[2291176582] bounds=[0,0 1536x864], workarea=[0,0 1536x816], scale=1.25, rotation=0, panel_rotation=0 external detected
[20880:20952:0601/211543.452:VERBOSE1:device_event_log_impl.cc(198)] [21:15:43.452] Display: EVENT: screen_win.cc:893 Displays updated, count: 1
[20880:20952:0601/211543.452:VERBOSE1:device_event_log_impl.cc(198)] [21:15:43.452] Display: EVENT: screen_win.cc:895 Display[2291176582] bounds=[0,0 1536x864], workarea=[0,0 1536x816], scale=1.25, rotation=0, panel_rotation=0 external detected
[20880:20952:0601/211546.055:VERBOSE1:device_event_log_impl.cc(198)] [21:15:46.056] Display: EVENT: screen_win.cc:893 Displays updated, count: 1
[20880:20952:0601/211546.055:VERBOSE1:device_event_log_impl.cc(198)] [21:15:46.056] Display: EVENT: screen_win.cc:895 Display[2291176582] bounds=[0,0 1536x864], workarea=[0,0 1536x816], scale=1.25, rotation=0, panel_rotation=0 external detected
[20880:20952:0601/211558.083:VERBOSE1:device_event_log_impl.cc(198)] [21:15:58.082] Display: EVENT: screen_win.cc:893 Displays updated, count: 1
[20880:20952:0601/211558.083:VERBOSE1:device_event_log_impl.cc(198)] [21:15:58.082] Display: EVENT: screen_win.cc:895 Display[2291176582] bounds=[0,0 1536x864], workarea=[0,0 1536x816], scale=1.25, rotation=0, panel_rotation=0 external detected
[20880:20952:0601/211602.180:VERBOSE1:device_event_log_impl.cc(198)] [21:16:02.179] Display: EVENT: screen_win.cc:893 Displays updated, count: 1
[20880:20952:0601/211602.180:VERBOSE1:device_event_log_impl.cc(198)] [21:16:02.180] Display: EVENT: screen_win.cc:895 Display[2291176582] bounds=[0,0 1536x864], workarea=[0,0 1536x816], scale=1.25, rotation=0, panel_rotation=0 external detected
[20880:22232:0601/211618.469:VERBOSE1:media_stream_manager.cc(1533)] MSPL::OnSpeedLimitChange({this=0000588C001C2D40}, {new_limit=65})
[20880:22232:0601/211619.454:VERBOSE1:media_stream_manager.cc(1533)] MSPL::OnSpeedLimitChange({this=0000588C001C2D40}, {new_limit=100})
[20880:22232:0601/211636.463:VERBOSE1:media_stream_manager.cc(1533)] MSPL::OnSpeedLimitChange({this=0000588C001C2D40}, {new_limit=70})
[20880:22232:0601/211638.462:VERBOSE1:media_stream_manager.cc(1533)] MSPL::OnSpeedLimitChange({this=0000588C001C2D40}, {new_limit=100})
[14948:5936:0601/211802.785:VERBOSE1:network_delegate.cc(36)] NetworkDelegate::NotifyBeforeURLRequest: https://optimizationguide-pa.googleapis.com/v1:GetModels?key=dummytoken
[14948:5936:0601/211802.885:VERBOSE1:tls_handshaker.cc(105)] TlsClient: Continuing handshake
[14948:5936:0601/211802.886:VERBOSE1:tls_handshaker.cc(126)] TlsClient: SSL_do_handshake returned when entering early data. After retry, rv=-1, SSL_in_early_data=1
[14948:5936:0601/211802.992:VERBOSE1:tls_handshaker.cc(105)] TlsClient: Continuing handshake
[14948:5936:0601/211802.993:VERBOSE1:tls_handshaker.cc(105)] TlsClient: Continuing handshake
[14948:5936:0601/211802.993:VERBOSE1:tls_client_handshaker.cc(528)] Client: handshake finished
[20880:20952:0601/211907.032:VERBOSE1:device_event_log_impl.cc(198)] [21:19:07.032] Display: EVENT: screen_win.cc:893 Displays updated, count: 1
[20880:20952:0601/211907.032:VERBOSE1:device_event_log_impl.cc(198)] [21:19:07.032] Display: EVENT: screen_win.cc:895 Display[2291176582] bounds=[0,0 1536x864], workarea=[0,0 1536x816], scale=1.25, rotation=0, panel_rotation=0 external detected
[20880:20952:0601/211920.410:VERBOSE1:device_event_log_impl.cc(198)] [21:19:20.411] Display: EVENT: screen_win.cc:893 Displays updated, count: 1
[20880:20952:0601/211920.410:VERBOSE1:device_event_log_impl.cc(198)] [21:19:20.411] Display: EVENT: screen_win.cc:895 Display[2291176582] bounds=[0,0 1536x864], workarea=[0,0 1536x816], scale=1.25, rotation=0, panel_rotation=0 external detected
[20880:20952:0601/211929.801:VERBOSE1:device_event_log_impl.cc(198)] [21:19:29.801] Display: EVENT: screen_win.cc:893 Displays updated, count: 1
[20880:20952:0601/211929.801:VERBOSE1:device_event_log_impl.cc(198)] [21:19:29.801] Display: EVENT: screen_win.cc:895 Display[2291176582] bounds=[0,0 1536x864], workarea=[0,0 1536x816], scale=1.25, rotation=0, panel_rotation=0 external detected
[20880:20952:0601/211947.263:VERBOSE1:device_event_log_impl.cc(198)] [21:19:47.262] Display: EVENT: screen_win.cc:893 Displays updated, count: 1
[20880:20952:0601/211947.263:VERBOSE1:device_event_log_impl.cc(198)] [21:19:47.263] Display: EVENT: screen_win.cc:895 Display[2291176582] bounds=[0,0 1536x864], workarea=[0,0 1536x816], scale=1.25, rotation=0, panel_rotation=0 external detected
[20880:20952:0601/212010.375:VERBOSE1:device_event_log_impl.cc(198)] [21:20:10.375] Display: EVENT: screen_win.cc:893 Displays updated, count: 1
[20880:20952:0601/212010.375:VERBOSE1:device_event_log_impl.cc(198)] [21:20:10.375] Display: EVENT: screen_win.cc:895 Display[2291176582] bounds=[0,0 1536x864], workarea=[0,0 1536x816], scale=1.25, rotation=0, panel_rotation=0 external detected
[20880:20952:0601/212022.550:VERBOSE1:device_event_log_impl.cc(198)] [21:20:22.550] Display: EVENT: screen_win.cc:893 Displays updated, count: 1
[20880:20952:0601/212022.550:VERBOSE1:device_event_log_impl.cc(198)] [21:20:22.551] Display: EVENT: screen_win.cc:895 Display[2291176582] bounds=[0,0 1536x864], workarea=[0,0 1536x816], scale=1.25, rotation=0, panel_rotation=0 external detected
[20880:20952:0601/212023.848:VERBOSE1:device_event_log_impl.cc(198)] [21:20:23.848] Display: EVENT: screen_win.cc:893 Displays updated, count: 1
[20880:20952:0601/212023.848:VERBOSE1:device_event_log_impl.cc(198)] [21:20:23.848] Display: EVENT: screen_win.cc:895 Display[2291176582] bounds=[0,0 1536x864], workarea=[0,0 1536x816], scale=1.25, rotation=0, panel_rotation=0 external detected
[20880:20952:0601/212033.088:VERBOSE1:device_event_log_impl.cc(198)] [21:20:33.087] Display: EVENT: screen_win.cc:893 Displays updated, count: 1
[20880:20952:0601/212033.088:VERBOSE1:device_event_log_impl.cc(198)] [21:20:33.088] Display: EVENT: screen_win.cc:895 Display[2291176582] bounds=[0,0 1536x864], workarea=[0,0 1536x816], scale=1.25, rotation=0, panel_rotation=0 external detected
[20880:20952:0601/212040.045:VERBOSE1:device_event_log_impl.cc(198)] [21:20:40.045] Display: EVENT: screen_win.cc:893 Displays updated, count: 1
[20880:20952:0601/212040.045:VERBOSE1:device_event_log_impl.cc(198)] [21:20:40.045] Display: EVENT: screen_win.cc:895 Display[2291176582] bounds=[0,0 1536x864], workarea=[0,0 1536x816], scale=1.25, rotation=0, panel_rotation=0 external detected
[20880:20952:0601/212059.003:VERBOSE1:device_event_log_impl.cc(198)] [21:20:59.002] Display: EVENT: screen_win.cc:893 Displays updated, count: 1
[20880:20952:0601/212059.003:VERBOSE1:device_event_log_impl.cc(198)] [21:20:59.003] Display: EVENT: screen_win.cc:895 Display[2291176582] bounds=[0,0 1536x864], workarea=[0,0 1536x816], scale=1.25, rotation=0, panel_rotation=0 external detected
[14948:5936:0601/212101.864:VERBOSE1:network_delegate.cc(36)] NetworkDelegate::NotifyBeforeURLRequest: https://optimizationguide-pa.googleapis.com/v1:GetModels?key=dummytoken
[14948:5936:0601/212101.978:VERBOSE1:tls_handshaker.cc(105)] TlsClient: Continuing handshake
[14948:5936:0601/212101.979:VERBOSE1:tls_handshaker.cc(126)] TlsClient: SSL_do_handshake returned when entering early data. After retry, rv=-1, SSL_in_early_data=1
[14948:5936:0601/212102.037:VERBOSE1:tls_handshaker.cc(105)] TlsClient: Continuing handshake
[14948:5936:0601/212102.044:VERBOSE1:tls_handshaker.cc(105)] TlsClient: Continuing handshake
[14948:5936:0601/212102.044:VERBOSE1:tls_client_handshaker.cc(625)] 0-RTT handshake attempted but was rejected by the server
[14948:5936:0601/212102.044:VERBOSE1:tls_handshaker.cc(105)] TlsClient: Continuing handshake
[14948:5936:0601/212102.044:VERBOSE1:tls_handshaker.cc(105)] TlsClient: Continuing handshake
[14948:5936:0601/212102.045:VERBOSE1:tls_handshaker.cc(105)] TlsClient: Continuing handshake
[14948:5936:0601/212102.045:VERBOSE1:tls_handshaker.cc(105)] TlsClient: Continuing handshake
[14948:5936:0601/212102.531:VERBOSE1:tls_handshaker.cc(105)] TlsClient: Continuing handshake
[14948:5936:0601/212102.532:VERBOSE1:tls_client_handshaker.cc(528)] Client: handshake finished
[20880:20952:0601/212136.567:VERBOSE1:device_event_log_impl.cc(198)] [21:21:36.567] Display: EVENT: screen_win.cc:893 Displays updated, count: 1
[20880:20952:0601/212136.567:VERBOSE1:device_event_log_impl.cc(198)] [21:21:36.567] Display: EVENT: screen_win.cc:895 Display[2291176582] bounds=[0,0 1536x864], workarea=[0,0 1536x816], scale=1.25, rotation=0, panel_rotation=0 external detected
[20880:20952:0601/212152.840:VERBOSE1:device_event_log_impl.cc(198)] [21:21:52.841] Display: EVENT: screen_win.cc:893 Displays updated, count: 1
[20880:20952:0601/212152.840:VERBOSE1:device_event_log_impl.cc(198)] [21:21:52.841] Display: EVENT: screen_win.cc:895 Display[2291176582] bounds=[0,0 1536x864], workarea=[0,0 1536x816], scale=1.25, rotation=0, panel_rotation=0 external detected
[20880:20952:0601/212153.444:VERBOSE1:device_event_log_impl.cc(198)] [21:21:53.445] Display: EVENT: screen_win.cc:893 Displays updated, count: 1
[20880:20952:0601/212153.444:VERBOSE1:device_event_log_impl.cc(198)] [21:21:53.445] Display: EVENT: screen_win.cc:895 Display[2291176582] bounds=[0,0 1536x864], workarea=[0,0 1536x816], scale=1.25, rotation=0, panel_rotation=0 external detected
[20880:20952:0601/212220.420:VERBOSE1:device_event_log_impl.cc(198)] [21:22:20.419] Display: EVENT: screen_win.cc:893 Displays updated, count: 1
[20880:20952:0601/212220.420:VERBOSE1:device_event_log_impl.cc(198)] [21:22:20.420] Display: EVENT: screen_win.cc:895 Display[2291176582] bounds=[0,0 1536x864], workarea=[0,0 1536x816], scale=1.25, rotation=0, panel_rotation=0 external detected
[20880:20952:0601/212230.998:VERBOSE1:device_event_log_impl.cc(198)] [21:22:30.998] Display: EVENT: screen_win.cc:893 Displays updated, count: 1
[20880:20952:0601/212230.998:VERBOSE1:device_event_log_impl.cc(198)] [21:22:30.998] Display: EVENT: screen_win.cc:895 Display[2291176582] bounds=[0,0 1536x864], workarea=[0,0 1536x816], scale=1.25, rotation=0, panel_rotation=0 external detected
[14948:5936:0601/212342.302:VERBOSE1:network_delegate.cc(36)] NetworkDelegate::NotifyBeforeURLRequest: https://optimizationguide-pa.googleapis.com/v1:GetModels?key=dummytoken
[14948:5936:0601/212342.416:VERBOSE1:tls_handshaker.cc(105)] TlsClient: Continuing handshake
[14948:5936:0601/212342.416:VERBOSE1:tls_handshaker.cc(126)] TlsClient: SSL_do_handshake returned when entering early data. After retry, rv=-1, SSL_in_early_data=1
[14948:5936:0601/212342.472:VERBOSE1:tls_handshaker.cc(105)] TlsClient: Continuing handshake
[14948:5936:0601/212342.479:VERBOSE1:tls_handshaker.cc(105)] TlsClient: Continuing handshake
[14948:5936:0601/212342.480:VERBOSE1:tls_client_handshaker.cc(625)] 0-RTT handshake attempted but was rejected by the server
[14948:5936:0601/212342.480:VERBOSE1:tls_handshaker.cc(105)] TlsClient: Continuing handshake
[14948:5936:0601/212342.480:VERBOSE1:tls_handshaker.cc(105)] TlsClient: Continuing handshake
[14948:5936:0601/212342.481:VERBOSE1:tls_client_handshaker.cc(528)] Client: handshake finished
[20880:20952:0601/212343.643:VERBOSE1:device_event_log_impl.cc(198)] [21:23:43.643] Display: EVENT: screen_win.cc:893 Displays updated, count: 1
[20880:20952:0601/212343.643:VERBOSE1:device_event_log_impl.cc(198)] [21:23:43.643] Display: EVENT: screen_win.cc:895 Display[2291176582] bounds=[0,0 1536x864], workarea=[0,0 1536x816], scale=1.25, rotation=0, panel_rotation=0 external detected
[20880:20952:0601/212357.620:VERBOSE1:device_event_log_impl.cc(198)] [21:23:57.619] Display: EVENT: screen_win.cc:893 Displays updated, count: 1
[20880:20952:0601/212357.620:VERBOSE1:device_event_log_impl.cc(198)] [21:23:57.619] Display: EVENT: screen_win.cc:895 Display[2291176582] bounds=[0,0 1536x864], workarea=[0,0 1536x816], scale=1.25, rotation=0, panel_rotation=0 external detected
[11520:20104:0601/212402.975:VERBOSE1:frame_impl.cc(620)] frame 6-E764981488440FDD5792A0FC1E79A2FF disconnected (reason=BROWSER_FRAME_DISCONNECT, current_state=CONNECTION_ACKED)
[11520:20104:0601/212402.976:VERBOSE1:frame_impl.cc(633)] frame 6-E764981488440FDD5792A0FC1E79A2FF connection retry scheduled
[20880:20952:0601/212402.977:VERBOSE1:frame_host_impl.cc(515)] frame 6-E764981488440FDD5792A0FC1E79A2FF (main) detached (reason=NEW_MAIN_FRAME, is_connected=1)
[20880:20952:0601/212403.010:VERBOSE1:account_reconcilor.cc(264)] AccountReconcilor::Shutdown
[20880:20952:0601/212403.010:VERBOSE1:account_reconcilor.cc(718)] AccountReconcilor::AbortReconcile: try again later
[20880:20952:0601/212403.010:VERBOSE1:account_reconcilor.cc(827)] AccountReconcilor::CalculateIfMultiloginReconcileIsDone: Error was 
[20880:20952:0601/212403.010:VERBOSE1:account_reconcilor.cc(313)] AccountReconcilor::UnregisterWithIdentityManager
[20880:20952:0601/212403.010:VERBOSE1:account_reconcilor.cc(286)] AccountReconcilor::UnregisterWithContentSettings
[20880:20952:0601/212403.011:VERBOSE1:gaia_cookie_manager_service.cc(628)] GaiaCookieManagerService::CancelAll
[20880:20952:0601/212403.011:VERBOSE1:mutable_profile_oauth2_token_service_delegate.cc(752)] MutablePO2TS::Shutdown
[20880:20952:0601/212403.011:VERBOSE1:mutable_profile_oauth2_token_service_delegate.cc(235)] MutablePO2TS::~MutablePO2TS
[20880:20952:0601/212403.013:VERBOSE1:device_event_log_impl.cc(198)] [21:24:03.013] Bluetooth: EVENT: bluetooth_api.cc:109 BluetoothAPI: Shutdown
[20880:20952:0601/212403.032:VERBOSE1:account_reconcilor.cc(193)] AccountReconcilor::~AccountReconcilor
[20880:20952:0601/212403.044:VERBOSE1:device_event_log_impl.cc(198)] [21:24:03.044] Bluetooth: EVENT: bluetooth_api.cc:95 ~BluetoothAPI: 0000588C0033DA00
[20880:20952:0601/212403.242:VERBOSE1:component_updater_service.cc(180)] CrxUpdateService stopping
[20880:20952:0601/212403.243:WARNING:pref_notifier_impl.cc(41)] Pref observer for media_router.cast_allow_all_ips found at shutdown.
[20880:20952:0601/212403.279:VERBOSE1:statistics_recorder.cc(607)] Collections of all histograms
Histogram: API.StorageAccess.AllowedRequests2 recorded 126 samples, mean = 0.1 (flags = 0x41)
0  ------------------------------------------------------------------------O (117 = 92.9%)
1  ------O                                                                   (9 = 7.1%) {92.9%}
2  ... 

Histogram: API.StorageAccess.DocumentInheritedStorageAccess recorded 5 samples, mean = 0.0 (flags = 0x41)
0  -----O                                                                    (5 = 100.0%)
1  ... 

Histogram: API.StorageAccess.DocumentLoadedWithStorageAccess recorded 5 samples, mean = 0.0 (flags = 0x41)
0  -----O                                                                    (5 = 100.0%)
1  ... 

Histogram: Accessibility.CaptionSettingsLoadedFromSystemSettings recorded 1 samples, mean = 0.0 (flags = 0x41)
0  -O                                                                        (1 = 100.0%)
1  ... 

Histogram: Accessibility.ImageLabels2 recorded 1 samples, mean = 0.0 (flags = 0x41)
0  -O                                                                        (1 = 100.0%)
1  ... 

Histogram: Accessibility.LiveCaption.FeatureEnabled2 recorded 1 samples, mean = 1.0 (flags = 0x41)
0  O                                                                         (0 = 0.0%)
1  -O                                                                        (1 = 100.0%) {0.0%}
2  O                                                                         (0 = 0.0%) {100.0%}

Histogram: Accessibility.LiveCaption2 recorded 1 samples, mean = 0.0 (flags = 0x41)
0  -O                                                                        (1 = 100.0%)
1  ... 

Histogram: Accessibility.ManuallyEnabled recorded 1 samples, mean = 0.0 (flags = 0x41)
0  -O                                                                        (1 = 100.0%)
1  ... 

Histogram: Accessibility.WinJAWS recorded 1 samples, mean = 0.0 (flags = 0x41)
0  -O                                                                        (1 = 100.0%)
1  ... 

Histogram: Accessibility.WinNVDA recorded 1 samples, mean = 0.0 (flags = 0x41)
0  -O                                                                        (1 = 100.0%)
1  ... 

Histogram: Accessibility.WinSAToGo recorded 1 samples, mean = 0.0 (flags = 0x41)
0  -O                                                                        (1 = 100.0%)
1  ... 

Histogram: Accessibility.WinScreenReader2 recorded 1 samples, mean = 0.0 (flags = 0x41)
0  -O                                                                        (1 = 100.0%)
1  ... 

Histogram: Accessibility.WinStickyKeys recorded 1 samples, mean = 0.0 (flags = 0x41)
0  -O                                                                        (1 = 100.0%)
1  ... 

Histogram: Accessibility.WinSupernova recorded 1 samples, mean = 0.0 (flags = 0x41)
0  -O                                                                        (1 = 100.0%)
1  ... 

Histogram: Accessibility.WinZoomText recorded 1 samples, mean = 0.0 (flags = 0x41)
0  -O                                                                        (1 = 100.0%)
1  ... 

Histogram: AppBanners.InstallableStatusCode recorded 2 samples (flags = 0x41)
8  --O                                                                       (2 = 100.0%)

Histogram: Apps.PreferredApps.EntryCount recorded 1 samples, mean = 0.0 (flags = 0x41)
0  -O                                                                        (1 = 100.0%)
1  ... 

Histogram: Autofill.Address.IsEnabled.Startup recorded 1 samples, mean = 1.0 (flags = 0x41)
0  O                                                                         (0 = 0.0%)
1  -O                                                                        (1 = 100.0%) {0.0%}
2  O                                                                         (0 = 0.0%) {100.0%}

Histogram: Autofill.CreditCard.IsEnabled.Startup recorded 1 samples, mean = 1.0 (flags = 0x41)
0  O                                                                         (0 = 0.0%)
1  -O                                                                        (1 = 100.0%) {0.0%}
2  O                                                                         (0 = 0.0%) {100.0%}

Histogram: Autofill.DOMContentLoadedInOutermostMainFrame recorded 2 samples, mean = 1.0 (flags = 0x41)
0  O                                                                         (0 = 0.0%)
1  --O                                                                       (2 = 100.0%) {0.0%}
2  O                                                                         (0 = 0.0%) {100.0%}

Histogram: Autofill.Funnel.ParsedAsType.Address recorded 3 samples, mean = 0.0 (flags = 0x41)
0  ---O                                                                      (3 = 100.0%)
1  ... 

Histogram: Autofill.Funnel.ParsedAsType.CreditCard recorded 3 samples, mean = 0.0 (flags = 0x41)
0  ---O                                                                      (3 = 100.0%)
1  ... 

Histogram: Autofill.Funnel.ParsedAsType.VirtualCard.StandaloneCvc recorded 3 samples, mean = 0.0 (flags = 0x41)
0  ---O                                                                      (3 = 100.0%)
1  ... 

Histogram: Autofill.IsEnabled.Startup recorded 1 samples, mean = 1.0 (flags = 0x41)
0  O                                                                         (0 = 0.0%)
1  -O                                                                        (1 = 100.0%) {0.0%}
2  O                                                                         (0 = 0.0%) {100.0%}

Histogram: Autofill.Leipzig.Duplication.NumberOfLocalSupersetProfilesOnStartup recorded 1 samples, mean = 0.0 (flags = 0x41)
0  -O                                                                        (1 = 100.0%)
1  ... 

Histogram: Autofill.NumberOfDriversPerFactory recorded 1 samples, mean = 1.0 (flags = 0x41)
0  O                                                                         (0 = 0.0%)
1  -O                                                                        (1 = 100.0%) {0.0%}
2  ... 

Histogram: Autofill.Offer.StoredOfferCount2.CardLinkedOffer recorded 1 samples, mean = 0.0 (flags = 0x41)
0  -O                                                                        (1 = 100.0%)
1  ... 

Histogram: Autofill.Offer.StoredOfferCount2.GPayPromoCodeOffer recorded 1 samples, mean = 0.0 (flags = 0x41)
0  -O                                                                        (1 = 100.0%)
1  ... 

Histogram: Autofill.PaymentMethods.CvcStorageIsEnabled.Startup recorded 1 samples, mean = 0.0 (flags = 0x41)
0  -O                                                                        (1 = 100.0%)
1  ... 

Histogram: Autofill.StoredCreditCardCount recorded 1 samples, mean = 0.0 (flags = 0x41)
0  -O                                                                        (1 = 100.0%)
1  ... 

Histogram: Autofill.StoredCreditCardCount.Local recorded 1 samples, mean = 0.0 (flags = 0x41)
0  -O                                                                        (1 = 100.0%)
1  ... 

Histogram: Autofill.StoredCreditCardCount.Local.WithInvalidCardNumber recorded 1 samples, mean = 0.0 (flags = 0x41)
0  -O                                                                        (1 = 100.0%)
1  ... 

Histogram: Autofill.StoredCreditCardCount.Local.WithNickname recorded 1 samples, mean = 0.0 (flags = 0x41)
0  -O                                                                        (1 = 100.0%)
1  ... 

Histogram: Autofill.StoredCreditCardCount.Server recorded 1 samples, mean = 0.0 (flags = 0x41)
0  -O                                                                        (1 = 100.0%)
1  ... 

Histogram: Autofill.StoredCreditCardCount.Server.Masked recorded 1 samples, mean = 0.0 (flags = 0x41)
0  -O                                                                        (1 = 100.0%)
1  ... 

Histogram: Autofill.StoredCreditCardCount.Server.Masked.WithNickname recorded 1 samples, mean = 0.0 (flags = 0x41)
0  -O                                                                        (1 = 100.0%)
1  ... 

Histogram: Autofill.StoredCreditCardCount.Server.Unmasked recorded 1 samples, mean = 0.0 (flags = 0x41)
0  -O                                                                        (1 = 100.0%)
1  ... 

Histogram: Autofill.StoredCreditCardCount.Server.WithCardArtImage recorded 1 samples, mean = 0.0 (flags = 0x41)
0  -O                                                                        (1 = 100.0%)
1  ... 

Histogram: Autofill.StoredCreditCardCount.Server.WithVirtualCardMetadata recorded 1 samples, mean = 0.0 (flags = 0x41)
0  -O                                                                        (1 = 100.0%)
1  ... 

Histogram: Autofill.StoredIbanCount recorded 1 samples, mean = 0.0 (flags = 0x41)
0  -O                                                                        (1 = 100.0%)
1  ... 

Histogram: Autofill.StoredProfileCount.AccountChrome recorded 1 samples, mean = 0.0 (flags = 0x41)
0  -O                                                                        (1 = 100.0%)
1  ... 

Histogram: Autofill.StoredProfileCount.AccountNonChrome recorded 1 samples, mean = 0.0 (flags = 0x41)
0  -O                                                                        (1 = 100.0%)
1  ... 

Histogram: Autofill.StoredProfileCount.Legacy recorded 1 samples, mean = 0.0 (flags = 0x41)
0  -O                                                                        (1 = 100.0%)
1  ... 

Histogram: Autofill.StoredProfileCount.Total recorded 1 samples, mean = 0.0 (flags = 0x41)
0  -O                                                                        (1 = 100.0%)
1  ... 

Histogram: Autofill.TimingInterval.ExtractFormData.GetFormDataFromUnownedInputElements.AutofillAgentReset recorded 3 samples, mean = 1269197.0 (flags = 0x41)
0        ... 
82675    -O                                                                        (1 = 33.3%) {0.0%}
96506    ... 
1562508  -O                                                                        (1 = 33.3%) {33.3%}
1823911  O                                                                         (0 = 0.0%) {66.7%}
2129046  -O                                                                        (1 = 33.3%) {66.7%}
2485230  ... 

Histogram: Autofill.TimingInterval.ExtractFormData.GetFormDataFromUnownedInputElements.DOMContentLoaded recorded 3 samples, mean = 1431837568.0 (flags = 0x41)
0         ... 
529117    -O                                                                        (1 = 33.3%) {0.0%}
617637    ... 
10000000  --O                                                                       (2 = 66.7%) {33.3%}

Histogram: Autofill.TimingInterval.ExtractFormData.UpdateFormCache.AutofillAgentReset recorded 3 samples, mean = 1269204.4 (flags = 0x41)
0        ... 
82675    -O                                                                        (1 = 33.3%) {0.0%}
96506    ... 
1562508  -O                                                                        (1 = 33.3%) {33.3%}
1823911  O                                                                         (0 = 0.0%) {66.7%}
2129046  -O                                                                        (1 = 33.3%) {66.7%}
2485230  ... 

Histogram: Autofill.TimingInterval.ExtractFormData.UpdateFormCache.DOMContentLoaded recorded 3 samples, mean = 181807.3 (flags = 0x41)
0       ... 
3       -O                                                                        (1 = 33.3%) {0.0%}
4       ... 
6       -O                                                                        (1 = 33.3%) {33.3%}
7       ... 
529117  -O                                                                        (1 = 33.3%) {66.7%}
617637  ... 

Histogram: Autofill.TimingInterval.UpdateFormCache.UpdateFormCache.AutofillAgentReset recorded 3 samples, mean = 1269219.4 (flags = 0x41)
0        ... 
82675    -O                                                                        (1 = 33.3%) {0.0%}
96506    ... 
1562508  -O                                                                        (1 = 33.3%) {33.3%}
1823911  O                                                                         (0 = 0.0%) {66.7%}
2129046  -O                                                                        (1 = 33.3%) {66.7%}
2485230  ... 

Histogram: Autofill.TimingInterval.UpdateFormCache.UpdateFormCache.DOMContentLoaded recorded 3 samples, mean = 181822.3 (flags = 0x41)
0       ... 
6       -O                                                                        (1 = 33.3%) {0.0%}
7       ... 
32      -O                                                                        (1 = 33.3%) {33.3%}
37      ... 
529117  -O                                                                        (1 = 33.3%) {66.7%}
617637  ... 

Histogram: Autofill.TimingPrecise.ExtractFormData recorded 6 samples, mean = 38.5 (flags = 0x41)
0    ... 
2    -O                                                                        (1 = 16.7%) {0.0%}
3    --O                                                                       (2 = 33.3%) {16.7%}
4    ... 
32   -O                                                                        (1 = 16.7%) {50.0%}
36   ... 
77   -O                                                                        (1 = 16.7%) {66.7%}
88   O                                                                         (0 = 0.0%) {83.3%}
100  -O                                                                        (1 = 16.7%) {83.3%}
114  ... 

Histogram: Autofill.TimingPrecise.ExtractFormData.GetFormDataFromUnownedInputElements recorded 3 samples, mean = 49.0 (flags = 0x41)
0    ... 
3    -O                                                                        (1 = 33.3%) {0.0%}
4    ... 
32   -O                                                                        (1 = 33.3%) {33.3%}
36   ... 
100  -O                                                                        (1 = 33.3%) {66.7%}
114  ... 

Histogram: Autofill.TimingPrecise.ExtractFormData.UpdateFormCache recorded 3 samples, mean = 28.0 (flags = 0x41)
0   ... 
2   -O                                                                        (1 = 33.3%) {0.0%}
3   -O                                                                        (1 = 33.3%) {33.3%}
4   ... 
77  -O                                                                        (1 = 33.3%) {66.7%}
88  ... 

Histogram: Autofill.TimingPrecise.InferLabelForElement recorded 6 samples, mean = 0.3 (flags = 0x41)
0  ----O                                                                     (4 = 66.7%)
1  --O                                                                       (2 = 33.3%) {66.7%}
2  ... 

Histogram: Autofill.TimingPrecise.UpdateFormCache recorded 3 samples, mean = 47.3 (flags = 0x41)
0    ... 
6    -O                                                                        (1 = 33.3%) {0.0%}
7    ... 
32   -O                                                                        (1 = 33.3%) {33.3%}
36   ... 
100  -O                                                                        (1 = 33.3%) {66.7%}
114  ... 

Histogram: Autofill.TimingPrecise.UpdateFormCache.UpdateFormCache recorded 3 samples, mean = 47.3 (flags = 0x41)
0    ... 
6    -O                                                                        (1 = 33.3%) {0.0%}
7    ... 
32   -O                                                                        (1 = 33.3%) {33.3%}
36   ... 
100  -O                                                                        (1 = 33.3%) {66.7%}
114  ... 

Histogram: Autofill.VirtualCardUsageData.StoredUsageDataCount recorded 1 samples, mean = 0.0 (flags = 0x41)
0  -O                                                                        (1 = 100.0%)
1  ... 

Histogram: Blink.CSSStyleSheetResource.ParseTime recorded 8 samples, mean = 2026.5 (flags = 0x41)
0      ... 
105    ---O                                                                      (3 = 37.5%) {0.0%}
146    -O                                                                        (1 = 12.5%) {37.5%}
203    -O                                                                        (1 = 12.5%) {50.0%}
282    ... 
1447   --O                                                                       (2 = 25.0%) {62.5%}
2008   ... 
10321  -O                                                                        (1 = 12.5%) {87.5%}
14319  ... 

Histogram: Blink.CommitDocumentLoaderTime recorded 5 samples, mean = 7.0 (flags = 0x41)
0   -O                                                                        (1 = 20.0%)
1   O                                                                         (0 = 0.0%) {20.0%}
2   --O                                                                       (2 = 40.0%) {20.0%}
3   ... 
10  -O                                                                        (1 = 20.0%) {60.0%}
12  ... 
20  -O                                                                        (1 = 20.0%) {80.0%}
24  ... 

Histogram: Blink.CookiesTime recorded 40 samples, mean = 0.0 (flags = 0x41)
0  ----------------------------------------O                                 (40 = 100.0%)
1  ... 

Histogram: Blink.CullRect.UpdateTime recorded 46 samples, mean = 8.5 (flags = 0x41)
0   ------O                                                                   (6 = 13.0%)
1   ----------------------O                                                   (22 = 47.8%) {13.0%}
2   -O                                                                        (1 = 2.2%) {60.9%}
3   -O                                                                        (1 = 2.2%) {63.0%}
4   ---O                                                                      (3 = 6.5%) {65.2%}
6   ---O                                                                      (3 = 6.5%) {71.7%}
8   -O                                                                        (1 = 2.2%) {78.3%}
11  O                                                                         (0 = 0.0%) {80.4%}
15  ---O                                                                      (3 = 6.5%) {80.4%}
21  -O                                                                        (1 = 2.2%) {87.0%}
29  O                                                                         (0 = 0.0%) {89.1%}
40  ----O                                                                     (4 = 8.7%) {89.1%}
55  -O                                                                        (1 = 2.2%) {97.8%}
76  ... 

Histogram: Blink.DocumentLoader.CommitNavigationToStartLoadingResponse.Time.OutermostMainFrame.NewNavigation.IsHTTPOrHTTPS recorded 1 samples, mean = 2.0 (flags = 0x41)
0  ... 
2  -O                                                                        (1 = 100.0%) {0.0%}
3  ... 

Histogram: Blink.DocumentLoader.CreateParserPostCommit.Time.OutermostMainFrame.NewNavigation.IsHTTPOrHTTPS recorded 1 samples, mean = 18.0 (flags = 0x41)
0   ... 
17  -O                                                                        (1 = 100.0%) {0.0%}
20  ... 

Histogram: Blink.EffectiveZoom recorded 15 samples (flags = 0x41)
125  ---------------O                                                          (15 = 100.0%)

Histogram: Blink.Experimental.Cookies.CacheLookupResult2 recorded 40 samples, mean = 0.9 (flags = 0x41)
0  --O                                                                       (2 = 5.0%)
1  --------------------------------------O                                   (38 = 95.0%) {5.0%}
2  ... 

Histogram: Blink.Experimental.Cookies.FirstCookieRequest recorded 2 samples, mean = 1.0 (flags = 0x41)
0  O                                                                         (0 = 0.0%)
1  --O                                                                       (2 = 100.0%) {0.0%}
2  ... 

Histogram: Blink.Fetch.RequestResourceTime2 recorded 224 samples, mean = 261.2 (flags = 0x41)
0      ... 
15     -O                                                                        (1 = 0.4%) {0.0%}
21     -----------------------O                                                  (23 = 10.3%) {0.4%}
29     ----------------------O                                                   (22 = 9.8%) {10.7%}
40     ----------------------------------------------------------------O         (64 = 28.6%) {20.5%}
55     --------------------O                                                     (20 = 8.9%) {49.1%}
76     ----------------O                                                         (16 = 7.1%) {58.0%}
105    ---------------O                                                          (15 = 6.7%) {65.2%}
146    ----------------O                                                         (16 = 7.1%) {71.9%}
203    ---------O                                                                (9 = 4.0%) {79.0%}
282    -----------O                                                              (11 = 4.9%) {83.0%}
391    -----------O                                                              (11 = 4.9%) {87.9%}
542    ----O                                                                     (4 = 1.8%) {92.9%}
752    ------O                                                                   (6 = 2.7%) {94.6%}
1043   --O                                                                       (2 = 0.9%) {97.3%}
1447   -O                                                                        (1 = 0.4%) {98.2%}
2008   --O                                                                       (2 = 0.9%) {98.7%}
2786   ... 
14319  -O                                                                        (1 = 0.4%) {99.6%}
19866  ... 

Histogram: Blink.Fetch.RequestResourceTime2.Preload recorded 82 samples, mean = 140.2 (flags = 0x41)
0     ... 
15    -O                                                                        (1 = 1.2%) {0.0%}
21    ----O                                                                     (4 = 4.9%) {1.2%}
29    ----O                                                                     (4 = 4.9%) {6.1%}
40    -------------------------------O                                          (31 = 37.8%) {11.0%}
55    -----O                                                                    (5 = 6.1%) {48.8%}
76    --------------O                                                           (14 = 17.1%) {54.9%}
105   ------O                                                                   (6 = 7.3%) {72.0%}
146   -----O                                                                    (5 = 6.1%) {79.3%}
203   -O                                                                        (1 = 1.2%) {85.4%}
282   ----O                                                                     (4 = 4.9%) {86.6%}
391   ----O                                                                     (4 = 4.9%) {91.5%}
542   O                                                                         (0 = 0.0%) {96.3%}
752   -O                                                                        (1 = 1.2%) {96.3%}
1043  --O                                                                       (2 = 2.4%) {97.6%}
1447  ... 

Histogram: Blink.FetchQueuedPreloadsTime.MainFrame.Initial recorded 2 samples, mean = 2.5 (flags = 0x41)
0  O                                                                         (0 = 0.0%)
1  -O                                                                        (1 = 50.0%) {0.0%}
2  ... 
4  -O                                                                        (1 = 50.0%) {50.0%}
5  ... 

Histogram: Blink.Fonts.DecodeTime recorded 5 samples, mean = 10867.2 (flags = 0x41)
0      ... 
7439   ----O                                                                     (4 = 80.0%) {0.0%}
10321  O                                                                         (0 = 0.0%) {80.0%}
14319  -O                                                                        (1 = 20.0%) {80.0%}
19866  ... 

Histogram: Blink.Fonts.VariableFontsRatio recorded 5 samples, mean = 1.2 (flags = 0x41)
0  O                                                                         (0 = 0.0%)
1  ----O                                                                     (4 = 80.0%) {0.0%}
2  -O                                                                        (1 = 20.0%) {80.0%}
3  ... 

Histogram: Blink.ForcedStyleAndLayout.UpdateTime.PreFCP recorded 3 samples, mean = 9740.0 (flags = 0x41)
0      ... 
11     -O                                                                        (1 = 33.3%) {0.0%}
15     -O                                                                        (1 = 33.3%) {33.3%}
21     ... 
27562  -O                                                                        (1 = 33.3%) {66.7%}
38240  ... 

Histogram: Blink.HTMLFastPathParser.AbortedParseSize recorded 51 samples, mean = 2.7 (flags = 0x41)
0  -------O                                                                  (7 = 13.7%)
1  O                                                                         (0 = 0.0%) {13.7%}
2  ------------------O                                                       (18 = 35.3%) {13.7%}
3  O                                                                         (0 = 0.0%) {49.0%}
4  --------------------------O                                               (26 = 51.0%) {49.0%}
6  ... 

Histogram: Blink.HTMLFastPathParser.AbortedParseTime2 recorded 51 samples, mean = 3.5 (flags = 0x41)
0   --------O                                                                 (8 = 15.7%)
1   ----------------------O                                                   (22 = 43.1%) {15.7%}
2   ----O                                                                     (4 = 7.8%) {58.8%}
3   --O                                                                       (2 = 3.9%) {66.7%}
4   -------O                                                                  (7 = 13.7%) {70.6%}
5   --O                                                                       (2 = 3.9%) {84.3%}
6   -O                                                                        (1 = 2.0%) {88.2%}
7   -O                                                                        (1 = 2.0%) {90.2%}
8   ... 
11  -O                                                                        (1 = 2.0%) {92.2%}
12  ... 
19  --O                                                                       (2 = 3.9%) {94.1%}
21  ... 
40  -O                                                                        (1 = 2.0%) {98.0%}
43  ... 

Histogram: Blink.HTMLFastPathParser.ParseResult recorded 102 samples, mean = 8.0 (flags = 0x41)
0   ---------------------------------------------------O                      (51 = 50.0%)
1   ... 
4   -------O                                                                  (7 = 6.9%) {50.0%}
5   ... 
18  --------------------------------------------O                             (44 = 43.1%) {56.9%}
19  ... 

Histogram: Blink.HTMLFastPathParser.SuccessfulParseSize recorded 51 samples, mean = 422.3 (flags = 0x41)
0    ... 
282  --------------------------O                                               (26 = 51.0%) {0.0%}
391  ------------------O                                                       (18 = 35.3%) {51.0%}
542  -------O                                                                  (7 = 13.7%) {86.3%}
752  ... 

Histogram: Blink.HTMLFastPathParser.SuccessfulParseTime2 recorded 51 samples, mean = 6.4 (flags = 0x41)
0   O                                                                         (0 = 0.0%)
1   ---O                                                                      (3 = 5.9%) {0.0%}
2   ------------O                                                             (12 = 23.5%) {5.9%}
3   ------O                                                                   (6 = 11.8%) {29.4%}
4   ----------O                                                               (10 = 19.6%) {41.2%}
5   -----O                                                                    (5 = 9.8%) {60.8%}
6   ----O                                                                     (4 = 7.8%) {70.6%}
7   -O                                                                        (1 = 2.0%) {78.4%}
8   -O                                                                        (1 = 2.0%) {80.4%}
9   O                                                                         (0 = 0.0%) {82.4%}
10  -O                                                                        (1 = 2.0%) {82.4%}
11  -O                                                                        (1 = 2.0%) {84.3%}
12  -O                                                                        (1 = 2.0%) {86.3%}
13  -O                                                                        (1 = 2.0%) {88.2%}
14  ... 
16  -O                                                                        (1 = 2.0%) {90.2%}
17  O                                                                         (0 = 0.0%) {92.2%}
18  -O                                                                        (1 = 2.0%) {92.2%}
19  ... 
23  -O                                                                        (1 = 2.0%) {94.1%}
25  ... 
34  -O                                                                        (1 = 2.0%) {96.1%}
37  -O                                                                        (1 = 2.0%) {98.0%}
40  ... 

Histogram: Blink.HTMLFastPathParser.TotalParseTime2 recorded 102 samples, mean = 33.0 (flags = 0x41)
0    O                                                                         (0 = 0.0%)
1    -O                                                                        (1 = 1.0%) {0.0%}
2    ----------O                                                               (10 = 9.8%) {1.0%}
3    --------O                                                                 (8 = 7.8%) {10.8%}
4    ---O                                                                      (3 = 2.9%) {18.6%}
5    -------O                                                                  (7 = 6.9%) {21.6%}
6    -------O                                                                  (7 = 6.9%) {28.4%}
7    ---O                                                                      (3 = 2.9%) {35.3%}
8    ---O                                                                      (3 = 2.9%) {38.2%}
9    -O                                                                        (1 = 1.0%) {41.2%}
10   --O                                                                       (2 = 2.0%) {42.2%}
11   -O                                                                        (1 = 1.0%) {44.1%}
12   -----O                                                                    (5 = 4.9%) {45.1%}
13   -----O                                                                    (5 = 4.9%) {50.0%}
14   ----O                                                                     (4 = 3.9%) {54.9%}
15   --O                                                                       (2 = 2.0%) {58.8%}
16   -O                                                                        (1 = 1.0%) {60.8%}
17   O                                                                         (0 = 0.0%) {61.8%}
18   -O                                                                        (1 = 1.0%) {61.8%}
19   ---O                                                                      (3 = 2.9%) {62.7%}
21   --O                                                                       (2 = 2.0%) {65.7%}
23   ---O                                                                      (3 = 2.9%) {67.6%}
25   -O                                                                        (1 = 1.0%) {70.6%}
27   --O                                                                       (2 = 2.0%) {71.6%}
29   -O                                                                        (1 = 1.0%) {73.5%}
31   -O                                                                        (1 = 1.0%) {74.5%}
34   -O                                                                        (1 = 1.0%) {75.5%}
37   --O                                                                       (2 = 2.0%) {76.5%}
40   --O                                                                       (2 = 2.0%) {78.4%}
43   -O                                                                        (1 = 1.0%) {80.4%}
46   ... 
63   ------O                                                                   (6 = 5.9%) {81.4%}
68   O                                                                         (0 = 0.0%) {87.3%}
74   ----O                                                                     (4 = 3.9%) {87.3%}
80   --O                                                                       (2 = 2.0%) {91.2%}
86   O                                                                         (0 = 0.0%) {93.1%}
93   ---O                                                                      (3 = 2.9%) {93.1%}
101  O                                                                         (0 = 0.0%) {96.1%}
109  -O                                                                        (1 = 1.0%) {96.1%}
118  -O                                                                        (1 = 1.0%) {97.1%}
128  ... 
408  -O                                                                        (1 = 1.0%) {98.0%}
441  ... 
516  -O                                                                        (1 = 1.0%) {99.0%}
558  ... 

Histogram: Blink.HTMLParsing.ChunkCount4 recorded 2 samples, mean = 1.5 (flags = 0x41)
0  O                                                                         (0 = 0.0%)
1  -O                                                                        (1 = 50.0%) {0.0%}
2  -O                                                                        (1 = 50.0%) {50.0%}
3  ... 

Histogram: Blink.HTMLParsing.InputCharacterCount4 recorded 2 samples, mean = 159318.0 (flags = 0x41)
0       ... 
141691  --O                                                                       (2 = 100.0%) {0.0%}
196583  ... 

Histogram: Blink.HTMLParsing.ParsingTimeMax4 recorded 2 samples, mean = 4756.5 (flags = 0x41)
0     ... 
3409  -O                                                                        (1 = 50.0%) {0.0%}
3462  ... 
6008  -O                                                                        (1 = 50.0%) {50.0%}
6101  ... 

Histogram: Blink.HTMLParsing.ParsingTimeMin4 recorded 2 samples, mean = 3055.0 (flags = 0x41)
0     ... 
11    -O                                                                        (1 = 50.0%) {0.0%}
13    ... 
5548  -O                                                                        (1 = 50.0%) {50.0%}
6317  ... 

Histogram: Blink.HTMLParsing.ParsingTimeTotal4 recorded 2 samples, mean = 4762.0 (flags = 0x41)
0     ... 
3409  -O                                                                        (1 = 50.0%) {0.0%}
3462  ... 
6008  -O                                                                        (1 = 50.0%) {50.0%}
6101  ... 

Histogram: Blink.HTMLParsing.PreloadRequestCount recorded 2 samples, mean = 33.0 (flags = 0x41)
0   ... 
33  --O                                                                       (2 = 100.0%) {0.0%}
37  ... 

Histogram: Blink.HTMLParsing.TimeToDeferredPumpTokenizer4 recorded 2 samples, mean = 37209.5 (flags = 0x41)
0      ... 
217    -O                                                                        (1 = 50.0%) {0.0%}
247    ... 
65415  -O                                                                        (1 = 50.0%) {50.0%}
74486  ... 

Histogram: Blink.HTMLParsing.TokensParsedAverage4 recorded 2 samples, mean = 192.5 (flags = 0x41)
0    ... 
113  -O                                                                        (1 = 50.0%) {0.0%}
149  ... 
258  -O                                                                        (1 = 50.0%) {50.0%}
340  ... 

Histogram: Blink.HTMLParsing.TokensParsedMax4 recorded 2 samples, mean = 321.0 (flags = 0x41)
0    ... 
113  -O                                                                        (1 = 50.0%) {0.0%}
149  ... 
448  -O                                                                        (1 = 50.0%) {50.0%}
590  ... 

Histogram: Blink.HTMLParsing.TokensParsedMin4 recorded 2 samples, mean = 64.0 (flags = 0x41)
0    O                                                                         (0 = 0.0%)
1    -O                                                                        (1 = 50.0%) {0.0%}
2    ... 
114  -O                                                                        (1 = 50.0%) {50.0%}
135  ... 

Histogram: Blink.HTMLParsing.TokensParsedTotal4 recorded 2 samples, mean = 321.5 (flags = 0x41)
0    ... 
105  -O                                                                        (1 = 50.0%) {0.0%}
146  ... 
391  -O                                                                        (1 = 50.0%) {50.0%}
542  ... 

Histogram: Blink.HTMLParsing.YieldedTimeAverage4 recorded 2 samples, mean = 37225.5 (flags = 0x41)
0      ... 
32680  -O                                                                        (1 = 50.0%) {0.0%}
38147  -O                                                                        (1 = 50.0%) {50.0%}
44529  ... 

Histogram: Blink.HTMLParsing.YieldedTimeMax4 recorded 2 samples, mean = 72929.5 (flags = 0x41)
0      ... 
70896  -O                                                                        (1 = 50.0%) {0.0%}
71991  O                                                                         (0 = 0.0%) {50.0%}
73103  -O                                                                        (1 = 50.0%) {50.0%}
74232  ... 

Histogram: Blink.HTMLParsing.YieldedTimeMin4 recorded 2 samples, mean = 1521.5 (flags = 0x41)
0     ... 
198   -O                                                                        (1 = 50.0%) {0.0%}
231   ... 
2751  -O                                                                        (1 = 50.0%) {50.0%}
3211  ... 

Histogram: Blink.History.VisitedLinks.IsLinkStyledAsVisited recorded 101 samples, mean = 0.0 (flags = 0x41)
0  ------------------------------------------------------------------------O (101 = 100.0%)
1  ... 

Histogram: Blink.JavascriptDocumentUpdate.UpdateTime.PreFCP recorded 2 samples, mean = 14603.5 (flags = 0x41)
0      ... 
15     -O                                                                        (1 = 50.0%) {0.0%}
21     ... 
27562  -O                                                                        (1 = 50.0%) {50.0%}
38240  ... 

Histogram: Blink.Layout.InlineNode.ShapeText.MaxTime.InOutermostMainFrame3 recorded 2 samples, mean = 1826.5 (flags = 0x41)
0     ... 
203   -O                                                                        (1 = 50.0%) {0.0%}
282   ... 
2786  -O                                                                        (1 = 50.0%) {50.0%}
3865  ... 

Histogram: Blink.Layout.InlineNode.ShapeText.TotalTime.InOutermostMainFrame3 recorded 2 samples, mean = 17183.0 (flags = 0x41)
0      ... 
1447   -O                                                                        (1 = 50.0%) {0.0%}
2008   ... 
27562  -O                                                                        (1 = 50.0%) {50.0%}
38240  ... 

Histogram: Blink.Layout.SVGImage.Count.InOutermostMainFrame recorded 2 samples, mean = 0.0 (flags = 0x41)
0  --O                                                                       (2 = 100.0%)
1  ... 

Histogram: Blink.Layout.SVGImage.TotalTime.InOutermostMainFrame recorded 2 samples, mean = 0.0 (flags = 0x41)
0  --O                                                                       (2 = 100.0%)
1  ... 

Histogram: Blink.MainFrame.UpdateTime.PreFCP recorded 45 samples, mean = 5020.2 (flags = 0x41)
0      ... 
55     -O                                                                        (1 = 2.2%) {0.0%}
76     O                                                                         (0 = 0.0%) {2.2%}
105    -----------O                                                              (11 = 24.4%) {2.2%}
146    ---------O                                                                (9 = 20.0%) {26.7%}
203    ---O                                                                      (3 = 6.7%) {46.7%}
282    -O                                                                        (1 = 2.2%) {53.3%}
391    ---O                                                                      (3 = 6.7%) {55.6%}
542    --O                                                                       (2 = 4.4%) {62.2%}
752    O                                                                         (0 = 0.0%) {66.7%}
1043   -O                                                                        (1 = 2.2%) {66.7%}
1447   --O                                                                       (2 = 4.4%) {68.9%}
2008   -O                                                                        (1 = 2.2%) {73.3%}
2786   -O                                                                        (1 = 2.2%) {75.6%}
3865   O                                                                         (0 = 0.0%) {77.8%}
5362   --O                                                                       (2 = 4.4%) {77.8%}
7439   --O                                                                       (2 = 4.4%) {82.2%}
10321  O                                                                         (0 = 0.0%) {86.7%}
14319  ---O                                                                      (3 = 6.7%) {86.7%}
19866  -O                                                                        (1 = 2.2%) {93.3%}
27562  O                                                                         (0 = 0.0%) {95.6%}
38240  -O                                                                        (1 = 2.2%) {95.6%}
53055  -O                                                                        (1 = 2.2%) {97.8%}
73609  ... 

Histogram: Blink.MemoryCache.CrossDocumentCachedResource2 recorded 33 samples, mean = 2.8 (flags = 0x41)
0  ... 
2  --------O                                                                 (8 = 24.2%) {0.0%}
3  ------------------------O                                                 (24 = 72.7%) {24.2%}
4  -O                                                                        (1 = 3.0%) {97.0%}
5  ... 

Histogram: Blink.MemoryCache.RevalidationPolicy.AsyncScript recorded 94 samples, mean = 0.8 (flags = 0x41)
0  ---------------------------------------------------------------------O    (69 = 73.4%)
1  O                                                                         (0 = 0.0%) {73.4%}
2  -O                                                                        (1 = 1.1%) {73.4%}
3  ------------------------O                                                 (24 = 25.5%) {74.5%}
4  ... 

Histogram: Blink.MemoryCache.RevalidationPolicy.CSSStyleSheet recorded 16 samples, mean = 0.0 (flags = 0x41)
0  ----------------O                                                         (16 = 100.0%)
1  ... 

Histogram: Blink.MemoryCache.RevalidationPolicy.Dead.CSSStyleSheet recorded 24 samples, mean = 0.0 (flags = 0x41)
0  ------------------------O                                                 (24 = 100.0%)
1  ... 

Histogram: Blink.MemoryCache.RevalidationPolicy.Dead.Font recorded 4 samples, mean = 0.0 (flags = 0x41)
0  ----O                                                                     (4 = 100.0%)
1  ... 

Histogram: Blink.MemoryCache.RevalidationPolicy.Dead.Script recorded 71 samples, mean = 0.0 (flags = 0x41)
0  ----------------------------------------------------------------------O   (70 = 98.6%)
1  O                                                                         (0 = 0.0%) {98.6%}
2  -O                                                                        (1 = 1.4%) {98.6%}
3  ... 

Histogram: Blink.MemoryCache.RevalidationPolicy.Font recorded 23 samples, mean = 4.0 (flags = 0x41)
0  -O                                                                        (1 = 4.3%)
1  ... 
4  ------------------O                                                       (18 = 78.3%) {4.3%}
5  ----O                                                                     (4 = 17.4%) {82.6%}
6  O                                                                         (0 = 0.0%) {100.0%}

Histogram: Blink.MemoryCache.RevalidationPolicy.Image recorded 41 samples, mean = 4.0 (flags = 0x41)
0  ... 
3  --O                                                                       (2 = 4.9%) {0.0%}
4  ---------------------------------------O                                  (39 = 95.1%) {4.9%}
5  ... 

Histogram: Blink.MemoryCache.RevalidationPolicy.Manifest recorded 2 samples, mean = 3.0 (flags = 0x41)
0  ... 
3  --O                                                                       (2 = 100.0%) {0.0%}
4  ... 

Histogram: Blink.MemoryCache.RevalidationPolicy.Preload.CSSStyleSheet recorded 30 samples, mean = 0.8 (flags = 0x41)
0  ----------------------O                                                   (22 = 73.3%)
1  ... 
3  --------O                                                                 (8 = 26.7%) {73.3%}
4  ... 

Histogram: Blink.MemoryCache.RevalidationPolicy.Preload.Font recorded 4 samples, mean = 0.8 (flags = 0x41)
0  ---O                                                                      (3 = 75.0%)
1  ... 
3  -O                                                                        (1 = 25.0%) {75.0%}
4  ... 

Histogram: Blink.MemoryCache.RevalidationPolicy.Preload.Script recorded 48 samples, mean = 1.4 (flags = 0x41)
0  -------------------------O                                                (25 = 52.1%)
1  O                                                                         (0 = 0.0%) {52.1%}
2  -O                                                                        (1 = 2.1%) {52.1%}
3  ----------------------O                                                   (22 = 45.8%) {54.2%}
4  ... 

Histogram: Blink.MemoryCache.RevalidationPolicy.Raw recorded 14 samples, mean = 3.0 (flags = 0x41)
0  ... 
3  --------------O                                                           (14 = 100.0%) {0.0%}
4  ... 

Histogram: Blink.MemoryCache.RevalidationPolicy.Script recorded 50 samples, mean = 0.2 (flags = 0x41)
0  -----------------------------------------------O                          (47 = 94.0%)
1  ... 
3  ---O                                                                      (3 = 6.0%) {94.0%}
4  ... 

Histogram: Blink.PreloadRequestStartDuration recorded 82 samples, mean = 142.7 (flags = 0x41)
0     ... 
15    -O                                                                        (1 = 1.2%) {0.0%}
21    ----O                                                                     (4 = 4.9%) {1.2%}
29    ----O                                                                     (4 = 4.9%) {6.1%}
40    ------------------------------O                                           (30 = 36.6%) {11.0%}
55    ------O                                                                   (6 = 7.3%) {47.6%}
76    --------------O                                                           (14 = 17.1%) {54.9%}
105   -----O                                                                    (5 = 6.1%) {72.0%}
146   ------O                                                                   (6 = 7.3%) {78.0%}
203   -O                                                                        (1 = 1.2%) {85.4%}
282   ----O                                                                     (4 = 4.9%) {86.6%}
391   ----O                                                                     (4 = 4.9%) {91.5%}
542   O                                                                         (0 = 0.0%) {96.3%}
752   -O                                                                        (1 = 1.2%) {96.3%}
1043  -O                                                                        (1 = 1.2%) {97.6%}
1447  -O                                                                        (1 = 1.2%) {98.8%}
2008  ... 

Histogram: Blink.PreloadRequestWaitTime recorded 62 samples, mean = 2.1 (flags = 0x41)
0  ---------O                                                                (9 = 14.5%)
1  -------------------O                                                      (19 = 30.6%) {14.5%}
2  -------------O                                                            (13 = 21.0%) {45.2%}
3  ----------O                                                               (10 = 16.1%) {66.1%}
4  ---O                                                                      (3 = 4.8%) {82.3%}
5  ------O                                                                   (6 = 9.7%) {87.1%}
6  --O                                                                       (2 = 3.2%) {96.8%}
7  ... 

Histogram: Blink.PrepareToStopParsingTime recorded 56 samples, mean = 1.3 (flags = 0x41)
0   ------------------------------------------------------O                   (54 = 96.4%)
1   ... 
5   -O                                                                        (1 = 1.8%) {96.4%}
6   ... 
57  -O                                                                        (1 = 1.8%) {98.2%}
68  ... 

Histogram: Blink.PumpTokenizerTime recorded 114 samples, mean = 0.3 (flags = 0x41)
0   ------------------------------------------------------------------------O (109 = 95.6%)
1   ... 
3   -O                                                                        (1 = 0.9%) {95.6%}
4   O                                                                         (0 = 0.0%) {96.5%}
5   -O                                                                        (1 = 0.9%) {96.5%}
6   ... 
8   -O                                                                        (1 = 0.9%) {97.4%}
10  -O                                                                        (1 = 0.9%) {98.2%}
12  -O                                                                        (1 = 0.9%) {99.1%}
14  ... 

Histogram: Blink.ResourceRequest.BackgroundResourceFetchSupportStatus recorded 57 samples, mean = 0.1 (flags = 0x41)
0  -------------------------------------------------------O                  (55 = 96.5%)
1  O                                                                         (0 = 0.0%) {96.5%}
2  --O                                                                       (2 = 3.5%) {96.5%}
3  ... 

Histogram: Blink.ResourceRequest.CompletionDelay2 recorded 57 samples, mean = 17.0 (flags = 0x41)
0    ---------O                                                                (9 = 15.8%)
1    --------O                                                                 (8 = 14.0%) {15.8%}
2    -O                                                                        (1 = 1.8%) {29.8%}
3    --O                                                                       (2 = 3.5%) {31.6%}
4    ... 
6    ---O                                                                      (3 = 5.3%) {35.1%}
7    O                                                                         (0 = 0.0%) {40.4%}
8    -O                                                                        (1 = 1.8%) {40.4%}
10   --O                                                                       (2 = 3.5%) {42.1%}
12   ---O                                                                      (3 = 5.3%) {45.6%}
14   --------------O                                                           (14 = 24.6%) {50.9%}
17   ----O                                                                     (4 = 7.0%) {75.4%}
20   --O                                                                       (2 = 3.5%) {82.5%}
24   ... 
34   --O                                                                       (2 = 3.5%) {86.0%}
40   -O                                                                        (1 = 1.8%) {89.5%}
48   -O                                                                        (1 = 1.8%) {91.2%}
57   -O                                                                        (1 = 1.8%) {93.0%}
68   O                                                                         (0 = 0.0%) {94.7%}
81   -O                                                                        (1 = 1.8%) {94.7%}
96   -O                                                                        (1 = 1.8%) {96.5%}
114  -O                                                                        (1 = 1.8%) {98.2%}
135  ... 

Histogram: Blink.ResourceRequest.RedirectDelay2 recorded 2 samples, mean = 0.0 (flags = 0x41)
0  --O                                                                       (2 = 100.0%)
1  ... 

Histogram: Blink.ResourceRequest.ResponseDelay2 recorded 57 samples, mean = 20.2 (flags = 0x41)
0    ----O                                                                     (4 = 7.0%)
1    -------------O                                                            (13 = 22.8%) {7.0%}
2    --O                                                                       (2 = 3.5%) {29.8%}
3    -O                                                                        (1 = 1.8%) {33.3%}
4    O                                                                         (0 = 0.0%) {35.1%}
5    --O                                                                       (2 = 3.5%) {35.1%}
6    --O                                                                       (2 = 3.5%) {38.6%}
7    O                                                                         (0 = 0.0%) {42.1%}
8    --O                                                                       (2 = 3.5%) {42.1%}
10   O                                                                         (0 = 0.0%) {45.6%}
12   --O                                                                       (2 = 3.5%) {45.6%}
14   --O                                                                       (2 = 3.5%) {49.1%}
17   ------------O                                                             (12 = 21.1%) {52.6%}
20   -------O                                                                  (7 = 12.3%) {73.7%}
24   ... 
40   -O                                                                        (1 = 1.8%) {86.0%}
48   -O                                                                        (1 = 1.8%) {87.7%}
57   -O                                                                        (1 = 1.8%) {89.5%}
68   -O                                                                        (1 = 1.8%) {91.2%}
81   O                                                                         (0 = 0.0%) {93.0%}
96   --O                                                                       (2 = 3.5%) {93.0%}
114  --O                                                                       (2 = 3.5%) {96.5%}
135  ... 

Histogram: Blink.ResourceRequest.StartDelay2 recorded 57 samples, mean = 103.1 (flags = 0x41)
0     ... 
4     --O                                                                       (2 = 3.5%) {0.0%}
5     --O                                                                       (2 = 3.5%) {3.5%}
6     --O                                                                       (2 = 3.5%) {7.0%}
7     -O                                                                        (1 = 1.8%) {10.5%}
8     ---O                                                                      (3 = 5.3%) {12.3%}
10    ... 
14    ---O                                                                      (3 = 5.3%) {17.5%}
17    ---O                                                                      (3 = 5.3%) {22.8%}
20    O                                                                         (0 = 0.0%) {28.1%}
24    -O                                                                        (1 = 1.8%) {28.1%}
29    O                                                                         (0 = 0.0%) {29.8%}
34    ----O                                                                     (4 = 7.0%) {29.8%}
40    --O                                                                       (2 = 3.5%) {36.8%}
48    --O                                                                       (2 = 3.5%) {40.4%}
57    -O                                                                        (1 = 1.8%) {43.9%}
68    O                                                                         (0 = 0.0%) {45.6%}
81    ----------------------O                                                   (22 = 38.6%) {45.6%}
96    ... 
135   -O                                                                        (1 = 1.8%) {84.2%}
160   -------O                                                                  (7 = 12.3%) {86.0%}
190   ... 
1782  -O                                                                        (1 = 1.8%) {98.2%}
2117  ... 

Histogram: Blink.SVGImage.DataChanged recorded 1 samples, mean = 1960.0 (flags = 0x41)
0     ... 
1447  -O                                                                        (1 = 100.0%) {0.0%}
2008  ... 

Histogram: Blink.SVGImage.IsolatedSVGDocumentHostCreationTime recorded 1 samples, mean = 803.0 (flags = 0x41)
0    ... 
752  -O                                                                        (1 = 100.0%) {0.0%}
1043 ... 

Histogram: Blink.ScanAndPreloadTime.MainFrame.Initial recorded 2 samples, mean = 4.0 (flags = 0x41)
0  ... 
2  -O                                                                        (1 = 50.0%) {0.0%}
3  ... 
6  -O                                                                        (1 = 50.0%) {50.0%}
7  ... 

Histogram: Blink.ScanAndPreloadTime.MainFrame.NonInitial recorded 1 samples, mean = 0.0 (flags = 0x41)
0  -O                                                                        (1 = 100.0%)
1  ... 

Histogram: Blink.ScanAndPreloadTime2.MainFrame.Initial recorded 2 samples, mean = 4512.5 (flags = 0x41)
0     ... 
2008  -O                                                                        (1 = 50.0%) {0.0%}
2786  ... 
5362  -O                                                                        (1 = 50.0%) {50.0%}
7439  ... 

Histogram: Blink.ScanAndPreloadTime2.MainFrame.NonInitial recorded 1 samples, mean = 46.0 (flags = 0x41)
0   ... 
40  -O                                                                        (1 = 100.0%) {0.0%}
55  ... 

Histogram: Blink.ScanAndPreloadTime2.Preload.MainFrame.Initial recorded 2 samples, mean = 3087.0 (flags = 0x41)
0     ... 
1447  -O                                                                        (1 = 50.0%) {0.0%}
2008  ... 
3865  -O                                                                        (1 = 50.0%) {50.0%}
5362  ... 

Histogram: Blink.ScanAndPreloadTime2.Preload.MainFrame.NonInitial recorded 1 samples, mean = 2.0 (flags = 0x41)
0  ... 
2  -O                                                                        (1 = 100.0%) {0.0%}
3  ... 

Histogram: Blink.ScanAndPreloadTime2.Scan.MainFrame.Initial recorded 2 samples, mean = 1412.0 (flags = 0x41)
0     ... 
542   -O                                                                        (1 = 50.0%) {0.0%}
752   ... 
2008  -O                                                                        (1 = 50.0%) {50.0%}
2786  ... 

Histogram: Blink.ScanAndPreloadTime2.Scan.MainFrame.NonInitial recorded 1 samples, mean = 3.0 (flags = 0x41)
0  ... 
3  -O                                                                        (1 = 100.0%) {0.0%}
4  ... 

Histogram: Blink.Script.AsyncScript.FromReadyToStartExecution.Time recorded 50 samples, mean = 12.0 (flags = 0x41)
0   ------------O                                                             (12 = 24.0%)
1   -----O                                                                    (5 = 10.0%) {24.0%}
2   O                                                                         (0 = 0.0%) {34.0%}
3   --O                                                                       (2 = 4.0%) {34.0%}
4   O                                                                         (0 = 0.0%) {38.0%}
5   -O                                                                        (1 = 2.0%) {38.0%}
6   ------O                                                                   (6 = 12.0%) {40.0%}
8   -O                                                                        (1 = 2.0%) {52.0%}
10  ... 
16  -----O                                                                    (5 = 10.0%) {54.0%}
20  ---------------O                                                          (15 = 30.0%) {64.0%}
25  -O                                                                        (1 = 2.0%) {94.0%}
32  O                                                                         (0 = 0.0%) {96.0%}
41  -O                                                                        (1 = 2.0%) {96.0%}
52  O                                                                         (0 = 0.0%) {98.0%}
66  -O                                                                        (1 = 2.0%) {98.0%}
84  ... 

Histogram: Blink.Script.SchedulingType recorded 80 samples, mean = 5.3 (flags = 0x41)
0  ... 
3  -O                                                                        (1 = 1.2%) {0.0%}
4  O                                                                         (0 = 0.0%) {1.2%}
5  --------------------------------------------------O                       (50 = 62.5%) {1.2%}
6  -----------------------------O                                            (29 = 36.2%) {63.8%}
7  ... 

Histogram: Blink.UseCounter.AnimatedCSSProperties recorded 2 samples, mean = 1.0 (flags = 0x41)
0  O                                                                         (0 = 0.0%)
1  --O                                                                       (2 = 100.0%) {0.0%}
2  ... 

Histogram: Blink.UseCounter.CSSProperties recorded 110 samples, mean = 258.0 (flags = 0x41)
0    O                                                                         (0 = 0.0%)
1    --O                                                                       (2 = 1.8%) {0.0%}
2    --O                                                                       (2 = 1.8%) {1.8%}
3    -O                                                                        (1 = 0.9%) {3.6%}
4    -O                                                                        (1 = 0.9%) {4.5%}
5    -O                                                                        (1 = 0.9%) {5.5%}
6    -O                                                                        (1 = 0.9%) {6.4%}
7    -O                                                                        (1 = 0.9%) {7.3%}
8    -O                                                                        (1 = 0.9%) {8.2%}
9    O                                                                         (0 = 0.0%) {9.1%}
10   -O                                                                        (1 = 0.9%) {9.1%}
11   ... 
14   -O                                                                        (1 = 0.9%) {10.0%}
15   ... 
20   -O                                                                        (1 = 0.9%) {10.9%}
21   -O                                                                        (1 = 0.9%) {11.8%}
22   ... 
24   -O                                                                        (1 = 0.9%) {12.7%}
25   ... 
34   --O                                                                       (2 = 1.8%) {13.6%}
35   ... 
42   -O                                                                        (1 = 0.9%) {15.5%}
43   ... 
53   -O                                                                        (1 = 0.9%) {16.4%}
54   ... 
59   -O                                                                        (1 = 0.9%) {17.3%}
60   ... 
66   -O                                                                        (1 = 0.9%) {18.2%}
67   ... 
69   -O                                                                        (1 = 0.9%) {19.1%}
70   ... 
72   --O                                                                       (2 = 1.8%) {20.0%}
73   O                                                                         (0 = 0.0%) {21.8%}
74   -O                                                                        (1 = 0.9%) {21.8%}
75   ... 
77   -O                                                                        (1 = 0.9%) {22.7%}
78   ... 
81   --O                                                                       (2 = 1.8%) {23.6%}
82   ... 
84   -O                                                                        (1 = 0.9%) {25.5%}
85   ... 
89   --O                                                                       (2 = 1.8%) {26.4%}
90   ... 
95   -O                                                                        (1 = 0.9%) {28.2%}
96   -O                                                                        (1 = 0.9%) {29.1%}
97   -O                                                                        (1 = 0.9%) {30.0%}
98   -O                                                                        (1 = 0.9%) {30.9%}
99   O                                                                         (0 = 0.0%) {31.8%}
100  -O                                                                        (1 = 0.9%) {31.8%}
101  ... 
105  --O                                                                       (2 = 1.8%) {32.7%}
106  -O                                                                        (1 = 0.9%) {34.5%}
107  -O                                                                        (1 = 0.9%) {35.5%}
108  O                                                                         (0 = 0.0%) {36.4%}
109  --O                                                                       (2 = 1.8%) {36.4%}
110  ... 
118  -O                                                                        (1 = 0.9%) {38.2%}
119  --O                                                                       (2 = 1.8%) {39.1%}
120  ... 
124  -O                                                                        (1 = 0.9%) {40.9%}
125  ... 
127  -O                                                                        (1 = 0.9%) {41.8%}
128  -O                                                                        (1 = 0.9%) {42.7%}
129  -O                                                                        (1 = 0.9%) {43.6%}
130  ... 
143  -O                                                                        (1 = 0.9%) {44.5%}
144  ... 
150  -O                                                                        (1 = 0.9%) {45.5%}
151  O                                                                         (0 = 0.0%) {46.4%}
152  -O                                                                        (1 = 0.9%) {46.4%}
153  -O                                                                        (1 = 0.9%) {47.3%}
154  -O                                                                        (1 = 0.9%) {48.2%}
155  O                                                                         (0 = 0.0%) {49.1%}
156  -O                                                                        (1 = 0.9%) {49.1%}
157  -O                                                                        (1 = 0.9%) {50.0%}
158  O                                                                         (0 = 0.0%) {50.9%}
159  --O                                                                       (2 = 1.8%) {50.9%}
160  O                                                                         (0 = 0.0%) {52.7%}
161  --O                                                                       (2 = 1.8%) {52.7%}
162  ... 
164  --O                                                                       (2 = 1.8%) {54.5%}
165  -O                                                                        (1 = 0.9%) {56.4%}
166  ... 
175  -O                                                                        (1 = 0.9%) {57.3%}
176  ... 
231  -O                                                                        (1 = 0.9%) {58.2%}
232  -O                                                                        (1 = 0.9%) {59.1%}
233  O                                                                         (0 = 0.0%) {60.0%}
234  -O                                                                        (1 = 0.9%) {60.0%}
235  -O                                                                        (1 = 0.9%) {60.9%}
236  O                                                                         (0 = 0.0%) {61.8%}
237  -O                                                                        (1 = 0.9%) {61.8%}
238  -O                                                                        (1 = 0.9%) {62.7%}
239  -O                                                                        (1 = 0.9%) {63.6%}
240  -O                                                                        (1 = 0.9%) {64.5%}
241  O                                                                         (0 = 0.0%) {65.5%}
242  -O                                                                        (1 = 0.9%) {65.5%}
243  ... 
303  -O                                                                        (1 = 0.9%) {66.4%}
304  ... 
369  -O                                                                        (1 = 0.9%) {67.3%}
370  --O                                                                       (2 = 1.8%) {68.2%}
371  ... 
415  -O                                                                        (1 = 0.9%) {70.0%}
416  ... 
432  -O                                                                        (1 = 0.9%) {70.9%}
433  -O                                                                        (1 = 0.9%) {71.8%}
434  ... 
437  -O                                                                        (1 = 0.9%) {72.7%}
438  ... 
446  -O                                                                        (1 = 0.9%) {73.6%}
447  ... 
508  -O                                                                        (1 = 0.9%) {74.5%}
509  ... 
514  -O                                                                        (1 = 0.9%) {75.5%}
515  --O                                                                       (2 = 1.8%) {76.4%}
516  -O                                                                        (1 = 0.9%) {78.2%}
517  ... 
537  -O                                                                        (1 = 0.9%) {79.1%}
538  ... 
549  -O                                                                        (1 = 0.9%) {80.0%}
550  ... 
563  -O                                                                        (1 = 0.9%) {80.9%}
564  ... 
591  -O                                                                        (1 = 0.9%) {81.8%}
592  -O                                                                        (1 = 0.9%) {82.7%}
593  O                                                                         (0 = 0.0%) {83.6%}
594  -O                                                                        (1 = 0.9%) {83.6%}
595  -O                                                                        (1 = 0.9%) {84.5%}
596  ... 
598  -O                                                                        (1 = 0.9%) {85.5%}
599  -O                                                                        (1 = 0.9%) {86.4%}
600  ... 
618  -O                                                                        (1 = 0.9%) {87.3%}
619  -O                                                                        (1 = 0.9%) {88.2%}
620  -O                                                                        (1 = 0.9%) {89.1%}
621  -O                                                                        (1 = 0.9%) {90.0%}
622  ... 
636  -O                                                                        (1 = 0.9%) {90.9%}
637  ... 
657  -O                                                                        (1 = 0.9%) {91.8%}
658  -O                                                                        (1 = 0.9%) {92.7%}
659  ... 
662  -O                                                                        (1 = 0.9%) {93.6%}
663  ... 
672  -O                                                                        (1 = 0.9%) {94.5%}
673  -O                                                                        (1 = 0.9%) {95.5%}
674  O                                                                         (0 = 0.0%) {96.4%}
675  -O                                                                        (1 = 0.9%) {96.4%}
676  ... 
696  -O                                                                        (1 = 0.9%) {97.3%}
697  ... 
746  -O                                                                        (1 = 0.9%) {98.2%}
747  ... 
770  -O                                                                        (1 = 0.9%) {99.1%}
771  ... 

Histogram: Blink.UseCounter.Features recorded 328 samples, mean = 2226.2 (flags = 0x41)
0     ... 
13    --O                                                                       (2 = 0.6%) {0.0%}
14    ... 
16    --O                                                                       (2 = 0.6%) {0.6%}
17    ... 
52    --O                                                                       (2 = 0.6%) {1.2%}
53    ... 
69    --O                                                                       (2 = 0.6%) {1.8%}
70    ... 
123   --O                                                                       (2 = 0.6%) {2.4%}
124   --O                                                                       (2 = 0.6%) {3.0%}
125   --O                                                                       (2 = 0.6%) {3.7%}
126   ... 
138   --O                                                                       (2 = 0.6%) {4.3%}
139   ... 
240   --O                                                                       (2 = 0.6%) {4.9%}
241   ... 
250   --O                                                                       (2 = 0.6%) {5.5%}
251   ... 
429   --O                                                                       (2 = 0.6%) {6.1%}
430   --O                                                                       (2 = 0.6%) {6.7%}
431   --O                                                                       (2 = 0.6%) {7.3%}
432   --O                                                                       (2 = 0.6%) {7.9%}
433   ... 
469   -O                                                                        (1 = 0.3%) {8.5%}
470   ... 
494   --O                                                                       (2 = 0.6%) {8.8%}
495   ... 
522   --O                                                                       (2 = 0.6%) {9.5%}
523   -O                                                                        (1 = 0.3%) {10.1%}
524   --O                                                                       (2 = 0.6%) {10.4%}
525   ... 
540   --O                                                                       (2 = 0.6%) {11.0%}
541   ... 
587   -O                                                                        (1 = 0.3%) {11.6%}
588   -O                                                                        (1 = 0.3%) {11.9%}
589   ... 
675   --O                                                                       (2 = 0.6%) {12.2%}
676   O                                                                         (0 = 0.0%) {12.8%}
677   --O                                                                       (2 = 0.6%) {12.8%}
678   ... 
710   --O                                                                       (2 = 0.6%) {13.4%}
711   --O                                                                       (2 = 0.6%) {14.0%}
712   --O                                                                       (2 = 0.6%) {14.6%}
713   ... 
717   --O                                                                       (2 = 0.6%) {15.2%}
718   ... 
730   --O                                                                       (2 = 0.6%) {15.9%}
731   ... 
744   --O                                                                       (2 = 0.6%) {16.5%}
745   ... 
780   --O                                                                       (2 = 0.6%) {17.1%}
781   --O                                                                       (2 = 0.6%) {17.7%}
782   ... 
786   --O                                                                       (2 = 0.6%) {18.3%}
787   --O                                                                       (2 = 0.6%) {18.9%}
788   ... 
804   --O                                                                       (2 = 0.6%) {19.5%}
805   ... 
900   --O                                                                       (2 = 0.6%) {20.1%}
901   --O                                                                       (2 = 0.6%) {20.7%}
902   ... 
907   --O                                                                       (2 = 0.6%) {21.3%}
908   ... 
954   --O                                                                       (2 = 0.6%) {22.0%}
955   ... 
970   -O                                                                        (1 = 0.3%) {22.6%}
971   O                                                                         (0 = 0.0%) {22.9%}
972   -O                                                                        (1 = 0.3%) {22.9%}
973   -O                                                                        (1 = 0.3%) {23.2%}
974   ... 
976   -O                                                                        (1 = 0.3%) {23.5%}
977   ... 
1023  --O                                                                       (2 = 0.6%) {23.8%}
1024  ... 
1069  --O                                                                       (2 = 0.6%) {24.4%}
1070  --O                                                                       (2 = 0.6%) {25.0%}
1071  ... 
1075  -O                                                                        (1 = 0.3%) {25.6%}
1076  --O                                                                       (2 = 0.6%) {25.9%}
1077  ... 
1124  --O                                                                       (2 = 0.6%) {26.5%}
1125  ... 
1302  --O                                                                       (2 = 0.6%) {27.1%}
1303  ... 
1347  --O                                                                       (2 = 0.6%) {27.7%}
1348  ... 
1351  -O                                                                        (1 = 0.3%) {28.4%}
1352  ... 
1354  -O                                                                        (1 = 0.3%) {28.7%}
1355  ... 
1368  --O                                                                       (2 = 0.6%) {29.0%}
1369  ... 
1417  --O                                                                       (2 = 0.6%) {29.6%}
1418  ... 
1441  --O                                                                       (2 = 0.6%) {30.2%}
1442  ... 
1458  --O                                                                       (2 = 0.6%) {30.8%}
1459  --O                                                                       (2 = 0.6%) {31.4%}
1460  ... 
1462  --O                                                                       (2 = 0.6%) {32.0%}
1463  --O                                                                       (2 = 0.6%) {32.6%}
1464  ... 
1467  --O                                                                       (2 = 0.6%) {33.2%}
1468  ... 
1502  --O                                                                       (2 = 0.6%) {33.8%}
1503  ... 
1692  --O                                                                       (2 = 0.6%) {34.5%}
1693  --O                                                                       (2 = 0.6%) {35.1%}
1694  ... 
1827  --O                                                                       (2 = 0.6%) {35.7%}
1828  ... 
2013  --O                                                                       (2 = 0.6%) {36.3%}
2014  ... 
2077  --O                                                                       (2 = 0.6%) {36.9%}
2078  ... 
2094  --O                                                                       (2 = 0.6%) {37.5%}
2095  O                                                                         (0 = 0.0%) {38.1%}
2096  --O                                                                       (2 = 0.6%) {38.1%}
2097  ... 
2100  --O                                                                       (2 = 0.6%) {38.7%}
2101  ... 
2112  --O                                                                       (2 = 0.6%) {39.3%}
2113  ... 
2121  --O                                                                       (2 = 0.6%) {39.9%}
2122  ... 
2157  --O                                                                       (2 = 0.6%) {40.5%}
2158  ... 
2188  --O                                                                       (2 = 0.6%) {41.2%}
2189  O                                                                         (0 = 0.0%) {41.8%}
2190  --O                                                                       (2 = 0.6%) {41.8%}
2191  --O                                                                       (2 = 0.6%) {42.4%}
2192  ... 
2195  --O                                                                       (2 = 0.6%) {43.0%}
2196  ... 
2203  --O                                                                       (2 = 0.6%) {43.6%}
2204  -O                                                                        (1 = 0.3%) {44.2%}
2205  ... 
2217  --O                                                                       (2 = 0.6%) {44.5%}
2218  ... 
2226  --O                                                                       (2 = 0.6%) {45.1%}
2227  -O                                                                        (1 = 0.3%) {45.7%}
2228  --O                                                                       (2 = 0.6%) {46.0%}
2229  --O                                                                       (2 = 0.6%) {46.6%}
2230  ... 
2236  --O                                                                       (2 = 0.6%) {47.3%}
2237  ... 
2298  -O                                                                        (1 = 0.3%) {47.9%}
2299  ... 
2314  -O                                                                        (1 = 0.3%) {48.2%}
2315  ... 
2319  -O                                                                        (1 = 0.3%) {48.5%}
2320  ... 
2322  -O                                                                        (1 = 0.3%) {48.8%}
2323  ... 
2347  --O                                                                       (2 = 0.6%) {49.1%}
2348  ... 
2355  -O                                                                        (1 = 0.3%) {49.7%}
2356  ... 
2361  --O                                                                       (2 = 0.6%) {50.0%}
2362  ... 
2387  -O                                                                        (1 = 0.3%) {50.6%}
2388  -O                                                                        (1 = 0.3%) {50.9%}
2389  ... 
2399  --O                                                                       (2 = 0.6%) {51.2%}
2400  ... 
2413  --O                                                                       (2 = 0.6%) {51.8%}
2414  ... 
2429  --O                                                                       (2 = 0.6%) {52.4%}
2430  O                                                                         (0 = 0.0%) {53.0%}
2431  -O                                                                        (1 = 0.3%) {53.0%}
2432  ... 
2487  --O                                                                       (2 = 0.6%) {53.4%}
2488  ... 
2518  --O                                                                       (2 = 0.6%) {54.0%}
2519  ... 
2598  --O                                                                       (2 = 0.6%) {54.6%}
2599  ... 
2618  --O                                                                       (2 = 0.6%) {55.2%}
2619  ... 
2654  --O                                                                       (2 = 0.6%) {55.8%}
2655  --O                                                                       (2 = 0.6%) {56.4%}
2656  --O                                                                       (2 = 0.6%) {57.0%}
2657  --O                                                                       (2 = 0.6%) {57.6%}
2658  --O                                                                       (2 = 0.6%) {58.2%}
2659  --O                                                                       (2 = 0.6%) {58.8%}
2660  --O                                                                       (2 = 0.6%) {59.5%}
2661  --O                                                                       (2 = 0.6%) {60.1%}
2662  --O                                                                       (2 = 0.6%) {60.7%}
2663  --O                                                                       (2 = 0.6%) {61.3%}
2664  ... 
2699  --O                                                                       (2 = 0.6%) {61.9%}
2700  --O                                                                       (2 = 0.6%) {62.5%}
2701  --O                                                                       (2 = 0.6%) {63.1%}
2702  --O                                                                       (2 = 0.6%) {63.7%}
2703  --O                                                                       (2 = 0.6%) {64.3%}
2704  --O                                                                       (2 = 0.6%) {64.9%}
2705  --O                                                                       (2 = 0.6%) {65.5%}
2706  --O                                                                       (2 = 0.6%) {66.2%}
2707  --O                                                                       (2 = 0.6%) {66.8%}
2708  ... 
2710  --O                                                                       (2 = 0.6%) {67.4%}
2711  --O                                                                       (2 = 0.6%) {68.0%}
2712  ... 
2714  --O                                                                       (2 = 0.6%) {68.6%}
2715  --O                                                                       (2 = 0.6%) {69.2%}
2716  --O                                                                       (2 = 0.6%) {69.8%}
2717  ... 
2723  --O                                                                       (2 = 0.6%) {70.4%}
2724  ... 
2738  --O                                                                       (2 = 0.6%) {71.0%}
2739  ... 
2769  --O                                                                       (2 = 0.6%) {71.6%}
2770  ... 
2841  --O                                                                       (2 = 0.6%) {72.3%}
2842  ... 
2903  --O                                                                       (2 = 0.6%) {72.9%}
2904  --O                                                                       (2 = 0.6%) {73.5%}
2905  ... 
2927  --O                                                                       (2 = 0.6%) {74.1%}
2928  ... 
2935  --O                                                                       (2 = 0.6%) {74.7%}
2936  ... 
3004  --O                                                                       (2 = 0.6%) {75.3%}
3005  ... 
3019  --O                                                                       (2 = 0.6%) {75.9%}
3020  --O                                                                       (2 = 0.6%) {76.5%}
3021  ... 
3028  --O                                                                       (2 = 0.6%) {77.1%}
3029  ... 
3066  -O                                                                        (1 = 0.3%) {77.7%}
3067  ... 
3157  -O                                                                        (1 = 0.3%) {78.0%}
3158  ... 
3198  --O                                                                       (2 = 0.6%) {78.4%}
3199  ... 
3254  --O                                                                       (2 = 0.6%) {79.0%}
3255  ... 
3258  -O                                                                        (1 = 0.3%) {79.6%}
3259  ... 
3275  --O                                                                       (2 = 0.6%) {79.9%}
3276  ... 
3279  --O                                                                       (2 = 0.6%) {80.5%}
3280  ... 
3307  --O                                                                       (2 = 0.6%) {81.1%}
3308  --O                                                                       (2 = 0.6%) {81.7%}
3309  ... 
3349  --O                                                                       (2 = 0.6%) {82.3%}
3350  ... 
3359  --O                                                                       (2 = 0.6%) {82.9%}
3360  ... 
3408  -O                                                                        (1 = 0.3%) {83.5%}
3409  ... 
3444  --O                                                                       (2 = 0.6%) {83.8%}
3445  ... 
3469  -O                                                                        (1 = 0.3%) {84.5%}
3470  ... 
3580  --O                                                                       (2 = 0.6%) {84.8%}
3581  --O                                                                       (2 = 0.6%) {85.4%}
3582  ... 
3698  -O                                                                        (1 = 0.3%) {86.0%}
3699  ... 
3789  --O                                                                       (2 = 0.6%) {86.3%}
3790  --O                                                                       (2 = 0.6%) {86.9%}
3791  ... 
3803  --O                                                                       (2 = 0.6%) {87.5%}
3804  ... 
3870  --O                                                                       (2 = 0.6%) {88.1%}
3871  ... 
3973  --O                                                                       (2 = 0.6%) {88.7%}
3974  ... 
4007  -O                                                                        (1 = 0.3%) {89.3%}
4008  ... 
4113  -O                                                                        (1 = 0.3%) {89.6%}
4114  ... 
4161  --O                                                                       (2 = 0.6%) {89.9%}
4162  ... 
4177  --O                                                                       (2 = 0.6%) {90.5%}
4178  ... 
4194  --O                                                                       (2 = 0.6%) {91.2%}
4195  O                                                                         (0 = 0.0%) {91.8%}
4196  --O                                                                       (2 = 0.6%) {91.8%}
4197  ... 
4240  -O                                                                        (1 = 0.3%) {92.4%}
4241  O                                                                         (0 = 0.0%) {92.7%}
4242  --O                                                                       (2 = 0.6%) {92.7%}
4243  ... 
4307  --O                                                                       (2 = 0.6%) {93.3%}
4308  ... 
4317  --O                                                                       (2 = 0.6%) {93.9%}
4318  ... 
4346  --O                                                                       (2 = 0.6%) {94.5%}
4347  ... 
4372  -O                                                                        (1 = 0.3%) {95.1%}
4373  ... 
4379  --O                                                                       (2 = 0.6%) {95.4%}
4380  ... 
4419  --O                                                                       (2 = 0.6%) {96.0%}
4420  ... 
4561  --O                                                                       (2 = 0.6%) {96.6%}
4562  ... 
4673  --O                                                                       (2 = 0.6%) {97.3%}
4674  ... 
4743  -O                                                                        (1 = 0.3%) {97.9%}
4744  ... 
4877  --O                                                                       (2 = 0.6%) {98.2%}
4878  ... 
4961  --O                                                                       (2 = 0.6%) {98.8%}
4962  ... 
4994  --O                                                                       (2 = 0.6%) {99.4%}
4995  ... 

Histogram: Blink.UseCounter.MainFrame.Features recorded 328 samples, mean = 2226.2 (flags = 0x41)
0     ... 
13    --O                                                                       (2 = 0.6%) {0.0%}
14    ... 
16    --O                                                                       (2 = 0.6%) {0.6%}
17    ... 
52    --O                                                                       (2 = 0.6%) {1.2%}
53    ... 
69    --O                                                                       (2 = 0.6%) {1.8%}
70    ... 
123   --O                                                                       (2 = 0.6%) {2.4%}
124   --O                                                                       (2 = 0.6%) {3.0%}
125   --O                                                                       (2 = 0.6%) {3.7%}
126   ... 
138   --O                                                                       (2 = 0.6%) {4.3%}
139   ... 
240   --O                                                                       (2 = 0.6%) {4.9%}
241   ... 
250   --O                                                                       (2 = 0.6%) {5.5%}
251   ... 
429   --O                                                                       (2 = 0.6%) {6.1%}
430   --O                                                                       (2 = 0.6%) {6.7%}
431   --O                                                                       (2 = 0.6%) {7.3%}
432   --O                                                                       (2 = 0.6%) {7.9%}
433   ... 
469   -O                                                                        (1 = 0.3%) {8.5%}
470   ... 
494   --O                                                                       (2 = 0.6%) {8.8%}
495   ... 
522   --O                                                                       (2 = 0.6%) {9.5%}
523   -O                                                                        (1 = 0.3%) {10.1%}
524   --O                                                                       (2 = 0.6%) {10.4%}
525   ... 
540   --O                                                                       (2 = 0.6%) {11.0%}
541   ... 
587   -O                                                                        (1 = 0.3%) {11.6%}
588   -O                                                                        (1 = 0.3%) {11.9%}
589   ... 
675   --O                                                                       (2 = 0.6%) {12.2%}
676   O                                                                         (0 = 0.0%) {12.8%}
677   --O                                                                       (2 = 0.6%) {12.8%}
678   ... 
710   --O                                                                       (2 = 0.6%) {13.4%}
711   --O                                                                       (2 = 0.6%) {14.0%}
712   --O                                                                       (2 = 0.6%) {14.6%}
713   ... 
717   --O                                                                       (2 = 0.6%) {15.2%}
718   ... 
730   --O                                                                       (2 = 0.6%) {15.9%}
731   ... 
744   --O                                                                       (2 = 0.6%) {16.5%}
745   ... 
780   --O                                                                       (2 = 0.6%) {17.1%}
781   --O                                                                       (2 = 0.6%) {17.7%}
782   ... 
786   --O                                                                       (2 = 0.6%) {18.3%}
787   --O                                                                       (2 = 0.6%) {18.9%}
788   ... 
804   --O                                                                       (2 = 0.6%) {19.5%}
805   ... 
900   --O                                                                       (2 = 0.6%) {20.1%}
901   --O                                                                       (2 = 0.6%) {20.7%}
902   ... 
907   --O                                                                       (2 = 0.6%) {21.3%}
908   ... 
954   --O                                                                       (2 = 0.6%) {22.0%}
955   ... 
970   -O                                                                        (1 = 0.3%) {22.6%}
971   O                                                                         (0 = 0.0%) {22.9%}
972   -O                                                                        (1 = 0.3%) {22.9%}
973   -O                                                                        (1 = 0.3%) {23.2%}
974   ... 
976   -O                                                                        (1 = 0.3%) {23.5%}
977   ... 
1023  --O                                                                       (2 = 0.6%) {23.8%}
1024  ... 
1069  --O                                                                       (2 = 0.6%) {24.4%}
1070  --O                                                                       (2 = 0.6%) {25.0%}
1071  ... 
1075  -O                                                                        (1 = 0.3%) {25.6%}
1076  --O                                                                       (2 = 0.6%) {25.9%}
1077  ... 
1124  --O                                                                       (2 = 0.6%) {26.5%}
1125  ... 
1302  --O                                                                       (2 = 0.6%) {27.1%}
1303  ... 
1347  --O                                                                       (2 = 0.6%) {27.7%}
1348  ... 
1351  -O                                                                        (1 = 0.3%) {28.4%}
1352  ... 
1354  -O                                                                        (1 = 0.3%) {28.7%}
1355  ... 
1368  --O                                                                       (2 = 0.6%) {29.0%}
1369  ... 
1417  --O                                                                       (2 = 0.6%) {29.6%}
1418  ... 
1441  --O                                                                       (2 = 0.6%) {30.2%}
1442  ... 
1458  --O                                                                       (2 = 0.6%) {30.8%}
1459  --O                                                                       (2 = 0.6%) {31.4%}
1460  ... 
1462  --O                                                                       (2 = 0.6%) {32.0%}
1463  --O                                                                       (2 = 0.6%) {32.6%}
1464  ... 
1467  --O                                                                       (2 = 0.6%) {33.2%}
1468  ... 
1502  --O                                                                       (2 = 0.6%) {33.8%}
1503  ... 
1692  --O                                                                       (2 = 0.6%) {34.5%}
1693  --O                                                                       (2 = 0.6%) {35.1%}
1694  ... 
1827  --O                                                                       (2 = 0.6%) {35.7%}
1828  ... 
2013  --O                                                                       (2 = 0.6%) {36.3%}
2014  ... 
2077  --O                                                                       (2 = 0.6%) {36.9%}
2078  ... 
2094  --O                                                                       (2 = 0.6%) {37.5%}
2095  O                                                                         (0 = 0.0%) {38.1%}
2096  --O                                                                       (2 = 0.6%) {38.1%}
2097  ... 
2100  --O                                                                       (2 = 0.6%) {38.7%}
2101  ... 
2112  --O                                                                       (2 = 0.6%) {39.3%}
2113  ... 
2121  --O                                                                       (2 = 0.6%) {39.9%}
2122  ... 
2157  --O                                                                       (2 = 0.6%) {40.5%}
2158  ... 
2188  --O                                                                       (2 = 0.6%) {41.2%}
2189  O                                                                         (0 = 0.0%) {41.8%}
2190  --O                                                                       (2 = 0.6%) {41.8%}
2191  --O                                                                       (2 = 0.6%) {42.4%}
2192  ... 
2195  --O                                                                       (2 = 0.6%) {43.0%}
2196  ... 
2203  --O                                                                       (2 = 0.6%) {43.6%}
2204  -O                                                                        (1 = 0.3%) {44.2%}
2205  ... 
2217  --O                                                                       (2 = 0.6%) {44.5%}
2218  ... 
2226  --O                                                                       (2 = 0.6%) {45.1%}
2227  -O                                                                        (1 = 0.3%) {45.7%}
2228  --O                                                                       (2 = 0.6%) {46.0%}
2229  --O                                                                       (2 = 0.6%) {46.6%}
2230  ... 
2236  --O                                                                       (2 = 0.6%) {47.3%}
2237  ... 
2298  -O                                                                        (1 = 0.3%) {47.9%}
2299  ... 
2314  -O                                                                        (1 = 0.3%) {48.2%}
2315  ... 
2319  -O                                                                        (1 = 0.3%) {48.5%}
2320  ... 
2322  -O                                                                        (1 = 0.3%) {48.8%}
2323  ... 
2347  --O                                                                       (2 = 0.6%) {49.1%}
2348  ... 
2355  -O                                                                        (1 = 0.3%) {49.7%}
2356  ... 
2361  --O                                                                       (2 = 0.6%) {50.0%}
2362  ... 
2387  -O                                                                        (1 = 0.3%) {50.6%}
2388  -O                                                                        (1 = 0.3%) {50.9%}
2389  ... 
2399  --O                                                                       (2 = 0.6%) {51.2%}
2400  ... 
2413  --O                                                                       (2 = 0.6%) {51.8%}
2414  ... 
2429  --O                                                                       (2 = 0.6%) {52.4%}
2430  O                                                                         (0 = 0.0%) {53.0%}
2431  -O                                                                        (1 = 0.3%) {53.0%}
2432  ... 
2487  --O                                                                       (2 = 0.6%) {53.4%}
2488  ... 
2518  --O                                                                       (2 = 0.6%) {54.0%}
2519  ... 
2598  --O                                                                       (2 = 0.6%) {54.6%}
2599  ... 
2618  --O                                                                       (2 = 0.6%) {55.2%}
2619  ... 
2654  --O                                                                       (2 = 0.6%) {55.8%}
2655  --O                                                                       (2 = 0.6%) {56.4%}
2656  --O                                                                       (2 = 0.6%) {57.0%}
2657  --O                                                                       (2 = 0.6%) {57.6%}
2658  --O                                                                       (2 = 0.6%) {58.2%}
2659  --O                                                                       (2 = 0.6%) {58.8%}
2660  --O                                                                       (2 = 0.6%) {59.5%}
2661  --O                                                                       (2 = 0.6%) {60.1%}
2662  --O                                                                       (2 = 0.6%) {60.7%}
2663  --O                                                                       (2 = 0.6%) {61.3%}
2664  ... 
2699  --O                                                                       (2 = 0.6%) {61.9%}
2700  --O                                                                       (2 = 0.6%) {62.5%}
2701  --O                                                                       (2 = 0.6%) {63.1%}
2702  --O                                                                       (2 = 0.6%) {63.7%}
2703  --O                                                                       (2 = 0.6%) {64.3%}
2704  --O                                                                       (2 = 0.6%) {64.9%}
2705  --O                                                                       (2 = 0.6%) {65.5%}
2706  --O                                                                       (2 = 0.6%) {66.2%}
2707  --O                                                                       (2 = 0.6%) {66.8%}
2708  ... 
2710  --O                                                                       (2 = 0.6%) {67.4%}
2711  --O                                                                       (2 = 0.6%) {68.0%}
2712  ... 
2714  --O                                                                       (2 = 0.6%) {68.6%}
2715  --O                                                                       (2 = 0.6%) {69.2%}
2716  --O                                                                       (2 = 0.6%) {69.8%}
2717  ... 
2723  --O                                                                       (2 = 0.6%) {70.4%}
2724  ... 
2738  --O                                                                       (2 = 0.6%) {71.0%}
2739  ... 
2769  --O                                                                       (2 = 0.6%) {71.6%}
2770  ... 
2841  --O                                                                       (2 = 0.6%) {72.3%}
2842  ... 
2903  --O                                                                       (2 = 0.6%) {72.9%}
2904  --O                                                                       (2 = 0.6%) {73.5%}
2905  ... 
2927  --O                                                                       (2 = 0.6%) {74.1%}
2928  ... 
2935  --O                                                                       (2 = 0.6%) {74.7%}
2936  ... 
3004  --O                                                                       (2 = 0.6%) {75.3%}
3005  ... 
3019  --O                                                                       (2 = 0.6%) {75.9%}
3020  --O                                                                       (2 = 0.6%) {76.5%}
3021  ... 
3028  --O                                                                       (2 = 0.6%) {77.1%}
3029  ... 
3066  -O                                                                        (1 = 0.3%) {77.7%}
3067  ... 
3157  -O                                                                        (1 = 0.3%) {78.0%}
3158  ... 
3198  --O                                                                       (2 = 0.6%) {78.4%}
3199  ... 
3254  --O                                                                       (2 = 0.6%) {79.0%}
3255  ... 
3258  -O                                                                        (1 = 0.3%) {79.6%}
3259  ... 
3275  --O                                                                       (2 = 0.6%) {79.9%}
3276  ... 
3279  --O                                                                       (2 = 0.6%) {80.5%}
3280  ... 
3307  --O                                                                       (2 = 0.6%) {81.1%}
3308  --O                                                                       (2 = 0.6%) {81.7%}
3309  ... 
3349  --O                                                                       (2 = 0.6%) {82.3%}
3350  ... 
3359  --O                                                                       (2 = 0.6%) {82.9%}
3360  ... 
3408  -O                                                                        (1 = 0.3%) {83.5%}
3409  ... 
3444  --O                                                                       (2 = 0.6%) {83.8%}
3445  ... 
3469  -O                                                                        (1 = 0.3%) {84.5%}
3470  ... 
3580  --O                                                                       (2 = 0.6%) {84.8%}
3581  --O                                                                       (2 = 0.6%) {85.4%}
3582  ... 
3698  -O                                                                        (1 = 0.3%) {86.0%}
3699  ... 
3789  --O                                                                       (2 = 0.6%) {86.3%}
3790  --O                                                                       (2 = 0.6%) {86.9%}
3791  ... 
3803  --O                                                                       (2 = 0.6%) {87.5%}
3804  ... 
3870  --O                                                                       (2 = 0.6%) {88.1%}
3871  ... 
3973  --O                                                                       (2 = 0.6%) {88.7%}
3974  ... 
4007  -O                                                                        (1 = 0.3%) {89.3%}
4008  ... 
4113  -O                                                                        (1 = 0.3%) {89.6%}
4114  ... 
4161  --O                                                                       (2 = 0.6%) {89.9%}
4162  ... 
4177  --O                                                                       (2 = 0.6%) {90.5%}
4178  ... 
4194  --O                                                                       (2 = 0.6%) {91.2%}
4195  O                                                                         (0 = 0.0%) {91.8%}
4196  --O                                                                       (2 = 0.6%) {91.8%}
4197  ... 
4240  -O                                                                        (1 = 0.3%) {92.4%}
4241  O                                                                         (0 = 0.0%) {92.7%}
4242  --O                                                                       (2 = 0.6%) {92.7%}
4243  ... 
4307  --O                                                                       (2 = 0.6%) {93.3%}
4308  ... 
4317  --O                                                                       (2 = 0.6%) {93.9%}
4318  ... 
4346  --O                                                                       (2 = 0.6%) {94.5%}
4347  ... 
4372  -O                                                                        (1 = 0.3%) {95.1%}
4373  ... 
4379  --O                                                                       (2 = 0.6%) {95.4%}
4380  ... 
4419  --O                                                                       (2 = 0.6%) {96.0%}
4420  ... 
4561  --O                                                                       (2 = 0.6%) {96.6%}
4562  ... 
4673  --O                                                                       (2 = 0.6%) {97.3%}
4674  ... 
4743  -O                                                                        (1 = 0.3%) {97.9%}
4744  ... 
4877  --O                                                                       (2 = 0.6%) {98.2%}
4878  ... 
4961  --O                                                                       (2 = 0.6%) {98.8%}
4962  ... 
4994  --O                                                                       (2 = 0.6%) {99.4%}
4995  ... 

Histogram: Blink.UseCounter.PermissionsPolicy.Allow2 recorded 0 samples (flags = 0x41)
0 ... 

Histogram: Blink.UseCounter.PermissionsPolicy.Header2 recorded 0 samples (flags = 0x41)
0 ... 

Histogram: Blink.UseCounter.PermissionsPolicy.Violation.Enforce recorded 0 samples (flags = 0x41)
0 ... 

Histogram: Blink.UseCounter.WebDXFeatures recorded 22 samples, mean = 40.9 (flags = 0x41)
0   ... 
5   -O                                                                        (1 = 4.5%) {0.0%}
6   ... 
8   -O                                                                        (1 = 4.5%) {4.5%}
9   -O                                                                        (1 = 4.5%) {9.1%}
10  O                                                                         (0 = 0.0%) {13.6%}
11  -O                                                                        (1 = 4.5%) {13.6%}
12  ... 
27  --O                                                                       (2 = 9.1%) {18.2%}
28  --O                                                                       (2 = 9.1%) {27.3%}
29  -O                                                                        (1 = 4.5%) {36.4%}
30  ... 
38  --O                                                                       (2 = 9.1%) {40.9%}
39  -O                                                                        (1 = 4.5%) {50.0%}
40  ... 
45  --O                                                                       (2 = 9.1%) {54.5%}
46  -O                                                                        (1 = 4.5%) {63.6%}
47  ... 
58  --O                                                                       (2 = 9.1%) {68.2%}
59  ... 
68  --O                                                                       (2 = 9.1%) {77.3%}
69  ... 
71  --O                                                                       (2 = 9.1%) {86.4%}
72  ... 
83  -O                                                                        (1 = 4.5%) {95.5%}
84  ... 

Histogram: Blink.UserDrivenDocumentUpdate.UpdateTime.PreFCP recorded 1 samples, mean = 13.0 (flags = 0x41)
0   ... 
11  -O                                                                        (1 = 100.0%) {0.0%}
15  ... 

Histogram: Bookmarks.BookmarkBar.Shown recorded 1 samples, mean = 0.0 (flags = 0x41)
0  -O                                                                        (1 = 100.0%)
1  ... 

Histogram: Bookmarks.Count.OnProfileLoad3 recorded 1 samples, mean = 0.0 (flags = 0x41)
0  -O                                                                        (1 = 100.0%)
1  ... 

Histogram: Bookmarks.Storage.TimeToLoadAtStartup2 recorded 1 samples, mean = 3977.0 (flags = 0x41)
0     ... 
3553  -O                                                                        (1 = 100.0%) {0.0%}
4222  ... 

Histogram: Bookmarks.Times.OnProfileLoad.TimeSinceAdded3 recorded 1 samples, mean = 0.0 (flags = 0x41)
0  -O                                                                        (1 = 100.0%)
1  ... 

Histogram: Bookmarks.Utilization.OnProfileLoad.PercentageUsed recorded 1 samples, mean = 0.0 (flags = 0x41)
0  -O                                                                        (1 = 100.0%)
1  ... 

Histogram: Bookmarks.Utilization.OnProfileLoad.TotalUnused recorded 1 samples, mean = 0.0 (flags = 0x41)
0  -O                                                                        (1 = 100.0%)
1  ... 

Histogram: Bookmarks.Utilization.OnProfileLoad.TotalUsed recorded 1 samples, mean = 0.0 (flags = 0x41)
0  -O                                                                        (1 = 100.0%)
1  ... 

Histogram: BrotliFilter.CompressionPercent recorded 39 samples, mean = 42.0 (flags = 0x41)
0    ... 
10   -O                                                                        (1 = 2.6%) {0.0%}
11   ---O                                                                      (3 = 7.7%) {2.6%}
12   -O                                                                        (1 = 2.6%) {10.3%}
13   O                                                                         (0 = 0.0%) {12.8%}
14   -O                                                                        (1 = 2.6%) {12.8%}
15   -O                                                                        (1 = 2.6%) {15.4%}
16   -O                                                                        (1 = 2.6%) {17.9%}
17   -O                                                                        (1 = 2.6%) {20.5%}
18   -O                                                                        (1 = 2.6%) {23.1%}
19   ... 
22   -O                                                                        (1 = 2.6%) {25.6%}
23   -O                                                                        (1 = 2.6%) {28.2%}
24   -O                                                                        (1 = 2.6%) {30.8%}
25   -O                                                                        (1 = 2.6%) {33.3%}
26   -O                                                                        (1 = 2.6%) {35.9%}
27   O                                                                         (0 = 0.0%) {38.5%}
28   -O                                                                        (1 = 2.6%) {38.5%}
29   ---O                                                                      (3 = 7.7%) {41.0%}
30   --O                                                                       (2 = 5.1%) {48.7%}
31   O                                                                         (0 = 0.0%) {53.8%}
32   -O                                                                        (1 = 2.6%) {53.8%}
33   -O                                                                        (1 = 2.6%) {56.4%}
34   -O                                                                        (1 = 2.6%) {59.0%}
35   ... 
38   -O                                                                        (1 = 2.6%) {61.5%}
39   --O                                                                       (2 = 5.1%) {64.1%}
40   ... 
43   -O                                                                        (1 = 2.6%) {69.2%}
44   ... 
46   -O                                                                        (1 = 2.6%) {71.8%}
47   ---O                                                                      (3 = 7.7%) {74.4%}
48   ... 
84   ---O                                                                      (3 = 7.7%) {82.1%}
85   ... 
101  ----O                                                                     (4 = 10.3%) {89.7%}

Histogram: BrotliFilter.Status recorded 39 samples, mean = 1.0 (flags = 0x41)
0  O                                                                         (0 = 0.0%)
1  ---------------------------------------O                                  (39 = 100.0%) {0.0%}
2  ... 

Histogram: BrotliFilter.UsedMemoryKB recorded 39 samples, mean = 200.7 (flags = 0x41)
0    ... 
16   ----O                                                                     (4 = 10.3%) {0.0%}
20   O                                                                         (0 = 0.0%) {10.3%}
25   ------O                                                                   (6 = 15.4%) {10.3%}
31   -------O                                                                  (7 = 17.9%) {25.6%}
39   O                                                                         (0 = 0.0%) {43.6%}
49   --O                                                                       (2 = 5.1%) {43.6%}
61   O                                                                         (0 = 0.0%) {48.7%}
76   ----O                                                                     (4 = 10.3%) {48.7%}
95   O                                                                         (0 = 0.0%) {59.0%}
119  ---O                                                                      (3 = 7.7%) {59.0%}
149  O                                                                         (0 = 0.0%) {66.7%}
187  -O                                                                        (1 = 2.6%) {66.7%}
234  ... 
367  --------O                                                                 (8 = 20.5%) {69.2%}
460  O                                                                         (0 = 0.0%) {89.7%}
576  -O                                                                        (1 = 2.6%) {89.7%}
722  ---O                                                                      (3 = 7.7%) {92.3%}
905  ... 

Histogram: Browser.MainThreadsCongestion.RunningOnly recorded 84 samples, mean = 0.0 (flags = 0x41)
0  ------------------------------------------------------------------------O (84 = 100.0%)
1  ... 

Histogram: Browser.MainThreadsCongestion.RunningOnly.Initial recorded 1 samples, mean = 0.0 (flags = 0x41)
0  -O                                                                        (1 = 100.0%)
1  ... 

Histogram: Browser.Responsiveness.IOJanksTotalPerMinute recorded 42 samples, mean = 0.0 (flags = 0x41)
0  ------------------------------------------O                               (42 = 100.0%)
1  ... 

Histogram: Browser.Responsiveness.IOJankyIntervalsPerMinute recorded 42 samples, mean = 0.0 (flags = 0x41)
0  ------------------------------------------O                               (42 = 100.0%)
1  ... 

Histogram: BrowserRenderProcessHost.Cleanup.DelayReason recorded 9 samples, mean = 6.0 (flags = 0x41)
0  ---O                                                                      (3 = 33.3%)
1  ... 
9  ------O                                                                   (6 = 66.7%) {33.3%}
10 ... 

Histogram: BrowserRenderProcessHost.Cleanup.Total recorded 9 samples, mean = 1.0 (flags = 0x41)
0  O                                                                         (0 = 0.0%)
1  ---------O                                                                (9 = 100.0%) {0.0%}
2  O                                                                         (0 = 0.0%) {100.0%}

Histogram: BrowserRenderProcessHost.ExistingRendererIsInitializedAndNotDead recorded 1 samples, mean = 1.0 (flags = 0x41)
0  O                                                                         (0 = 0.0%)
1  -O                                                                        (1 = 100.0%) {0.0%}
2  O                                                                         (0 = 0.0%) {100.0%}

Histogram: BrowserRenderProcessHost.FastShutdownIfPossible.DelayReason recorded 1 samples, mean = 4.0 (flags = 0x41)
0  ... 
4  -O                                                                        (1 = 100.0%) {0.0%}
5  ... 

Histogram: BrowserRenderProcessHost.FastShutdownIfPossible.Total recorded 1 samples, mean = 1.0 (flags = 0x41)
0  O                                                                         (0 = 0.0%)
1  -O                                                                        (1 = 100.0%) {0.0%}
2  O                                                                         (0 = 0.0%) {100.0%}

Histogram: BrowserRenderProcessHost.SpareProcessEvictedOtherSpare recorded 2 samples, mean = 0.0 (flags = 0x41)
0  --O                                                                       (2 = 100.0%)
1  ... 

Histogram: BrowserRenderProcessHost.SpareProcessMaybeTakeAction recorded 2 samples, mean = 2.0 (flags = 0x41)
0  -O                                                                        (1 = 50.0%)
1  ... 
4  -O                                                                        (1 = 50.0%) {50.0%}
5  ... 

Histogram: BrowserRenderProcessHost.SpareProcessStartupTime recorded 2 samples, mean = 2023.0 (flags = 0x41)
0     ... 
96    -O                                                                        (1 = 50.0%) {0.0%}
114   ... 
3553  -O                                                                        (1 = 50.0%) {50.0%}
4222  ... 

Histogram: BrowserSwitcher.ExternalGreylistSize recorded 1 samples, mean = 0.0 (flags = 0x41)
0  -O                                                                        (1 = 100.0%)
1  ... 

Histogram: BrowserSwitcher.ExternalSitelistSize recorded 1 samples, mean = 0.0 (flags = 0x41)
0  -O                                                                        (1 = 100.0%)
1  ... 

Histogram: BrowserSwitcher.IeemSitelistSize recorded 1 samples, mean = 0.0 (flags = 0x41)
0  -O                                                                        (1 = 100.0%)
1  ... 

Histogram: BrowsingTopics.BrowsingTopicsState.LoadFinishStatus recorded 1 samples, mean = 1.0 (flags = 0x41)
0  O                                                                         (0 = 0.0%)
1  -O                                                                        (1 = 100.0%) {0.0%}
2  O                                                                         (0 = 0.0%) {100.0%}

Histogram: BrowsingTopics.SiteDataStorage.FileSize.KB recorded 1 samples, mean = 28.0 (flags = 0x41)
0   ... 
28  -O                                                                        (1 = 100.0%) {0.0%}
37  ... 

Histogram: BrowsingTopics.SiteDataStorage.InitStatus recorded 1 samples, mean = 1.0 (flags = 0x41)
0  O                                                                         (0 = 0.0%)
1  -O                                                                        (1 = 100.0%) {0.0%}
2  O                                                                         (0 = 0.0%) {100.0%}

Histogram: CPU.Experimental.CpuEstimationTaskMigrated recorded 8 samples, mean = 0.0 (flags = 0x41)
0  --------O                                                                 (8 = 100.0%)
1  ... 

Histogram: CPU.Experimental.CpuEstimationTaskQueuedTime.Performance recorded 8 samples, mean = 18.4 (flags = 0x41)
0   ... 
9   -O                                                                        (1 = 12.5%) {0.0%}
12  ---O                                                                      (3 = 37.5%) {12.5%}
16  --O                                                                       (2 = 25.0%) {50.0%}
21  -O                                                                        (1 = 12.5%) {75.0%}
28  -O                                                                        (1 = 12.5%) {87.5%}
37  ... 

Histogram: CPU.Experimental.CpuEstimationTaskThreadTime.Performance recorded 8 samples, mean = 125.5 (flags = 0x41)
0    ... 
113  --------O                                                                 (8 = 100.0%) {0.0%}
149  ... 

Histogram: CPU.Experimental.CpuEstimationTaskTotalTime.Performance recorded 8 samples, mean = 147.1 (flags = 0x41)
0    ... 
113  ----O                                                                     (4 = 50.0%) {0.0%}
149  ----O                                                                     (4 = 50.0%) {50.0%}
196  ... 

Histogram: CPU.Experimental.CpuEstimationTaskWallTime.Performance recorded 8 samples, mean = 128.8 (flags = 0x41)
0    ... 
113  --------O                                                                 (8 = 100.0%) {0.0%}
149  ... 

Histogram: CPU.Experimental.CpuEstimationThreadTimePercent.Performance recorded 8 samples, mean = 97.1 (flags = 0x41)
0   ... 
96  ---O                                                                      (3 = 37.5%) {0.0%}
97  --O                                                                       (2 = 25.0%) {37.5%}
98  --O                                                                       (2 = 25.0%) {62.5%}
99  -O                                                                        (1 = 12.5%) {87.5%}
100 ... 

Histogram: CPU.Experimental.EstimatedFrequencyAsPercentOfLimit.Performance recorded 8 samples, mean = 144.0 (flags = 0x41)
0    ... 
101  --------O                                                                 (8 = 100.0%) {0.0%}

Histogram: CPU.Experimental.EstimatedFrequencyAsPercentOfMax.Performance recorded 8 samples, mean = 144.0 (flags = 0x41)
0    ... 
101  --------O                                                                 (8 = 100.0%) {0.0%}

Histogram: CertificateType2.BR.Intermediate.ECDSA recorded 15 samples, mean = 273.1 (flags = 0x41)
0    ... 
256  -------------O                                                            (13 = 86.7%) {0.0%}
257  ... 
384  --O                                                                       (2 = 13.3%) {86.7%}
385  ... 

Histogram: CertificateType2.BR.Intermediate.RSA recorded 4 samples, mean = 2048.0 (flags = 0x41)
0     ... 
2048  ----O                                                                     (4 = 100.0%) {0.0%}
2049  ... 

Histogram: CertificateType2.BR.Leaf.ECDSA recorded 17 samples, mean = 256.0 (flags = 0x41)
0    ... 
256  -----------------O                                                        (17 = 100.0%) {0.0%}
257  ... 

Histogram: CertificateType2.BR.Leaf.RSA recorded 2 samples, mean = 2048.0 (flags = 0x41)
0     ... 
2048  --O                                                                       (2 = 100.0%) {0.0%}
2049  ... 

Histogram: CertificateType2.BR.Root.ECDSA recorded 13 samples, mean = 384.0 (flags = 0x41)
0    ... 
384  -------------O                                                            (13 = 100.0%) {0.0%}
385  ... 

Histogram: CertificateType2.BR.Root.RSA recorded 6 samples, mean = 3413.3 (flags = 0x41)
0     ... 
2048  --O                                                                       (2 = 33.3%) {0.0%}
2049  ... 
4096  ----O                                                                     (4 = 66.7%) {33.3%}
4097  ... 

Histogram: ChildProcess.Launched.UtilityProcessHash recorded 5 samples (flags = 0x41)
-2043041185 -O                                                                        (1 = 20.0%)
-1706449158 -O                                                                        (1 = 20.0%)
-1468742076 -O                                                                        (1 = 20.0%)
331504207   -O                                                                        (1 = 20.0%)
1411170475  -O                                                                        (1 = 20.0%)

Histogram: ChildProcess.ProcessLifetime.Utility recorded 5 samples, mean = 1017752.2 (flags = 0x41)
0        ... 
14       -O                                                                        (1 = 20.0%) {0.0%}
19       ... 
118      -O                                                                        (1 = 20.0%) {20.0%}
160      ... 
294      -O                                                                        (1 = 20.0%) {40.0%}
398      ... 
1961199  --O                                                                       (2 = 40.0%) {60.0%}
2657126  ... 

Histogram: Chrome.ProcessSingleton.NotifyResult recorded 1 samples, mean = 0.0 (flags = 0x41)
0  -O                                                                        (1 = 100.0%)
1  ... 

Histogram: Chrome.ProcessSingleton.TimeToCreate recorded 1 samples, mean = 0.0 (flags = 0x41)
0  -O                                                                        (1 = 100.0%)
10 ... 

Histogram: Chrome.SystemNetworkContextManager.NetworkSandboxState recorded 4 samples, mean = 0.0 (flags = 0x41)
0  ----O                                                                     (4 = 100.0%)
1  ... 

Histogram: ChromeElf.Beacon.RetryAttemptsBeforeSuccess recorded 1 samples, mean = 0.0 (flags = 0x41)
0  -O                                                                        (1 = 100.0%)
1  ... 

Histogram: ChromeElf.Beacon.SetupStatus recorded 1 samples, mean = 1.0 (flags = 0x41)
0  O                                                                         (0 = 0.0%)
1  -O                                                                        (1 = 100.0%) {0.0%}
2  ... 

Histogram: ChromeElf.ExtensionPoint.EnableState recorded 1 samples, mean = 1.0 (flags = 0x41)
0  O                                                                         (0 = 0.0%)
1  -O                                                                        (1 = 100.0%) {0.0%}
2  O                                                                         (0 = 0.0%) {100.0%}

Histogram: ClientHints.CriticalCHRestart recorded 2 samples, mean = 0.0 (flags = 0x41)
0  --O                                                                       (2 = 100.0%)
1  ... 

Histogram: ClientHints.FetchLatency_PrefRead recorded 6 samples, mean = 6.5 (flags = 0x41)
0   ... 
2   -O                                                                        (1 = 16.7%) {0.0%}
3   ---O                                                                      (3 = 50.0%) {16.7%}
4   -O                                                                        (1 = 16.7%) {66.7%}
6   ... 
21  -O                                                                        (1 = 16.7%) {83.3%}
29  ... 

Histogram: ClientHints.FetchLatency_PrerenderHost recorded 6 samples, mean = 0.8 (flags = 0x41)
0  ---O                                                                      (3 = 50.0%)
1  --O                                                                       (2 = 33.3%) {50.0%}
2  O                                                                         (0 = 0.0%) {83.3%}
3  -O                                                                        (1 = 16.7%) {83.3%}
4  ... 

Histogram: ClientHints.FetchLatency_Total recorded 6 samples, mean = 7.3 (flags = 0x41)
0   ... 
2   -O                                                                        (1 = 16.7%) {0.0%}
3   -O                                                                        (1 = 16.7%) {16.7%}
4   ---O                                                                      (3 = 50.0%) {33.3%}
6   ... 
21  -O                                                                        (1 = 16.7%) {83.3%}
29  ... 

Histogram: ComponentUpdater.Calls recorded 1 samples, mean = 1.0 (flags = 0x41)
0  O                                                                         (0 = 0.0%)
1  -O                                                                        (1 = 100.0%) {0.0%}
2  O                                                                         (0 = 0.0%) {100.0%}

Histogram: ComponentUpdater.UpdateCompleteError recorded 1 samples, mean = 0.0 (flags = 0x41)
0  -O                                                                        (1 = 100.0%)
1  ... 

Histogram: ComponentUpdater.UpdateCompleteResult recorded 1 samples, mean = 0.0 (flags = 0x41)
0  -O                                                                        (1 = 100.0%)
1  ... 

Histogram: ComponentUpdater.UpdateCompleteTime recorded 1 samples, mean = 2334.0 (flags = 0x41)
0     ... 
2074  -O                                                                        (1 = 100.0%) {0.0%}
2394  ... 

Histogram: Compositing.Browser.CompositorFrame.Quads recorded 3 samples, mean = 1.0 (flags = 0x41)
0  O                                                                         (0 = 0.0%)
1  ---O                                                                      (3 = 100.0%) {0.0%}
2  ... 

Histogram: Compositing.Browser.LayerTreeImpl.CalculateDrawPropertiesUs recorded 4 samples, mean = 39.5 (flags = 0x41)
0   ... 
12  --O                                                                       (2 = 50.0%) {0.0%}
16  ... 
37  -O                                                                        (1 = 25.0%) {50.0%}
49  ... 
86  -O                                                                        (1 = 25.0%) {75.0%}
113 ... 

Histogram: Compositing.Browser.LayersUpdateTime recorded 4 samples, mean = 34.0 (flags = 0x41)
0   ... 
8   -O                                                                        (1 = 25.0%) {0.0%}
11  -O                                                                        (1 = 25.0%) {25.0%}
15  ... 
55  --O                                                                       (2 = 50.0%) {50.0%}
76  ... 

Histogram: Compositing.ColorGamut recorded 12 samples, mean = 0.0 (flags = 0x41)
0  ------------O                                                             (12 = 100.0%)
1  ... 

Histogram: Compositing.DidMainThreadBlockDuringCommit recorded 12 samples, mean = 0.2 (flags = 0x41)
0  ----------O                                                               (10 = 83.3%)
1  --O                                                                       (2 = 16.7%) {83.3%}
2  O                                                                         (0 = 0.0%) {100.0%}

Histogram: Compositing.DirectRenderer.OverlayProcessingUs recorded 12 samples, mean = 0.2 (flags = 0x41)
0  ------------O                                                             (12 = 100.0%)
5  ... 

Histogram: Compositing.DirectRenderer.PartialSwap.ExtraDamage recorded 12 samples, mean = 0.0 (flags = 0x41)
0  ------------O                                                             (12 = 100.0%)
1  ... 

Histogram: Compositing.DirectRenderer.PartialSwap.FrameBufferDamage recorded 12 samples, mean = 0.0 (flags = 0x41)
0  ------------O                                                             (12 = 100.0%)
1  ... 

Histogram: Compositing.DirectRenderer.PartialSwap.RootDamage recorded 12 samples, mean = 100.0 (flags = 0x41)
0    ... 
100  ------------O                                                             (12 = 100.0%) {0.0%}
101  O                                                                         (0 = 0.0%) {100.0%}

Histogram: Compositing.DirectRenderer.PartialSwap.TotalDamage recorded 12 samples, mean = 100.0 (flags = 0x41)
0    ... 
100  ------------O                                                             (12 = 100.0%) {0.0%}
101  O                                                                         (0 = 0.0%) {100.0%}

Histogram: Compositing.DirectRenderer.SkipAllNonRootRenderPassesPerFrame recorded 10 samples, mean = 0.0 (flags = 0x41)
0  ----------O                                                               (10 = 100.0%)
1  ... 

Histogram: Compositing.DirectRenderer.SkipNonRootRenderPass recorded 10 samples, mean = 0.0 (flags = 0x41)
0  ----------O                                                               (10 = 100.0%)
1  ... 

Histogram: Compositing.DirectRenderer.TotalPixelsRendered recorded 12 samples, mean = 7.3 (flags = 0x41)
0  ... 
4  --O                                                                       (2 = 16.7%) {0.0%}
6  ----------O                                                               (10 = 83.3%) {16.7%}
9  ... 

Histogram: Compositing.Display.Draw.Occlusion.Calculation.Time recorded 12 samples, mean = 6.4 (flags = 0x41)
0   ... 
2   -O                                                                        (1 = 8.3%) {0.0%}
3   ---O                                                                      (3 = 25.0%) {8.3%}
4   -O                                                                        (1 = 8.3%) {33.3%}
5   ---O                                                                      (3 = 25.0%) {41.7%}
6   -O                                                                        (1 = 8.3%) {66.7%}
7   O                                                                         (0 = 0.0%) {75.0%}
8   -O                                                                        (1 = 8.3%) {75.0%}
9   ... 
11  -O                                                                        (1 = 8.3%) {83.3%}
12  ... 
20  -O                                                                        (1 = 8.3%) {91.7%}
23  ... 

Histogram: Compositing.Display.Draw.Quads recorded 12 samples, mean = 2.7 (flags = 0x41)
0  O                                                                         (0 = 0.0%)
1  --O                                                                       (2 = 16.7%) {0.0%}
2  O                                                                         (0 = 0.0%) {16.7%}
3  ----------O                                                               (10 = 83.3%) {16.7%}
4  ... 

Histogram: Compositing.Display.DrawToSwapUs recorded 12 samples, mean = 4778.8 (flags = 0x41)
0      ... 
594    -O                                                                        (1 = 8.3%) {0.0%}
720    ... 
1059   -O                                                                        (1 = 8.3%) {8.3%}
1284   --O                                                                       (2 = 16.7%) {16.7%}
1557   --O                                                                       (2 = 16.7%) {33.3%}
1888   -O                                                                        (1 = 8.3%) {50.0%}
2289   -O                                                                        (1 = 8.3%) {58.3%}
2776   ... 
4081   -O                                                                        (1 = 8.3%) {66.7%}
4949   -O                                                                        (1 = 8.3%) {75.0%}
6001   ... 
15732  --O                                                                       (2 = 16.7%) {83.3%}
19076  ... 

Histogram: Compositing.Display.FlattenedRenderPassCount recorded 12 samples, mean = 1.8 (flags = 0x41)
0  O                                                                         (0 = 0.0%)
1  --O                                                                       (2 = 16.7%) {0.0%}
2  ----------O                                                               (10 = 83.3%) {16.7%}
3  ... 

Histogram: Compositing.Display.PendingSwaps recorded 12 samples, mean = 1.0 (flags = 0x41)
0  O                                                                         (0 = 0.0%)
1  ------------O                                                             (12 = 100.0%) {0.0%}
2  ... 

Histogram: Compositing.Display.VizDependencyResolvedToGpuStartedDrawUs recorded 12 samples, mean = 47.7 (flags = 0x41)
0    ... 
15   -O                                                                        (1 = 8.3%) {0.0%}
18   O                                                                         (0 = 0.0%) {8.3%}
22   -O                                                                        (1 = 8.3%) {8.3%}
27   ---O                                                                      (3 = 25.0%) {16.7%}
33   --O                                                                       (2 = 16.7%) {41.7%}
40   --O                                                                       (2 = 16.7%) {58.3%}
49   -O                                                                        (1 = 8.3%) {75.0%}
59   ... 
105  --O                                                                       (2 = 16.7%) {83.3%}
127  ... 

Histogram: Compositing.Display.VizScheduledDrawToDependencyResolvedUs recorded 12 samples, mean = 95.0 (flags = 0x41)
0    --------O                                                                 (8 = 66.7%)
5    -O                                                                        (1 = 8.3%) {66.7%}
6    ... 
15   -O                                                                        (1 = 8.3%) {75.0%}
18   ... 
333  -O                                                                        (1 = 8.3%) {83.3%}
404  ... 
594  -O                                                                        (1 = 8.3%) {91.7%}
720  ... 

Histogram: Compositing.Display.VizScheduledDrawToGpuStartedDrawUs recorded 12 samples, mean = 142.7 (flags = 0x41)
0    ... 
27   -O                                                                        (1 = 8.3%) {0.0%}
33   --O                                                                       (2 = 16.7%) {8.3%}
40   --O                                                                       (2 = 16.7%) {25.0%}
49   ---O                                                                      (3 = 25.0%) {41.7%}
59   ... 
105  --O                                                                       (2 = 16.7%) {66.7%}
127  ... 
333  -O                                                                        (1 = 8.3%) {83.3%}
404  ... 
720  -O                                                                        (1 = 8.3%) {91.7%}
873  ... 

Histogram: Compositing.MainThreadBlockedDuringCommitTime recorded 2 samples, mean = 25.0 (flags = 0x41)
0   ... 
8   -O                                                                        (1 = 50.0%) {0.0%}
11  ... 
40  -O                                                                        (1 = 50.0%) {50.0%}
55  ... 

Histogram: Compositing.Renderer.CompositorFrame.Quads recorded 9 samples, mean = 2.0 (flags = 0x41)
0  ... 
2  ---------O                                                                (9 = 100.0%) {0.0%}
3  ... 

Histogram: Compositing.Renderer.LayersUpdateTime recorded 9 samples, mean = 45.1 (flags = 0x41)
0   ... 
15  -O                                                                        (1 = 11.1%) {0.0%}
21  -O                                                                        (1 = 11.1%) {11.1%}
29  --O                                                                       (2 = 22.2%) {22.2%}
40  --O                                                                       (2 = 22.2%) {44.4%}
55  -O                                                                        (1 = 11.1%) {66.7%}
76  --O                                                                       (2 = 22.2%) {77.8%}
105 ... 

Histogram: Compositing.Renderer.NumRenderSurfaces recorded 13 samples, mean = 1.0 (flags = 0x41)
0  O                                                                         (0 = 0.0%)
1  -------------O                                                            (13 = 100.0%) {0.0%}
2  ... 

Histogram: Compositing.SurfaceAggregator.AggregateUs recorded 12 samples, mean = 4184.4 (flags = 0x41)
0      ... 
28     -O                                                                        (1 = 8.3%) {0.0%}
37     O                                                                         (0 = 0.0%) {8.3%}
49     ---O                                                                      (3 = 25.0%) {8.3%}
65     ---O                                                                      (3 = 25.0%) {33.3%}
86     -O                                                                        (1 = 8.3%) {58.3%}
113    -O                                                                        (1 = 8.3%) {66.7%}
149    -O                                                                        (1 = 8.3%) {75.0%}
196    ... 
590    -O                                                                        (1 = 8.3%) {83.3%}
777    ... 
48336  -O                                                                        (1 = 8.3%) {91.7%}
63662  ... 

Histogram: Compositing.SurfaceAggregator.CopiedSurfaceCount recorded 12 samples, mean = 1.8 (flags = 0x41)
0  O                                                                         (0 = 0.0%)
1  --O                                                                       (2 = 16.7%) {0.0%}
2  ----------O                                                               (10 = 83.3%) {16.7%}
3  ... 

Histogram: Compositing.SurfaceAggregator.CopyUs recorded 12 samples, mean = 15.2 (flags = 0x41)
0   ... 
6   -O                                                                        (1 = 8.3%) {0.0%}
7   ... 
9   -O                                                                        (1 = 8.3%) {8.3%}
11  ----O                                                                     (4 = 33.3%) {16.7%}
13  O                                                                         (0 = 0.0%) {50.0%}
15  --O                                                                       (2 = 16.7%) {50.0%}
18  -O                                                                        (1 = 8.3%) {66.7%}
21  --O                                                                       (2 = 16.7%) {75.0%}
25  O                                                                         (0 = 0.0%) {91.7%}
29  -O                                                                        (1 = 8.3%) {91.7%}
34  ... 

Histogram: Compositing.SurfaceAggregator.HasCopyRequestsPerFrame recorded 12 samples, mean = 0.8 (flags = 0x41)
0  ---O                                                                      (3 = 25.0%)
1  ---------O                                                                (9 = 75.0%) {25.0%}
2  O                                                                         (0 = 0.0%) {100.0%}

Histogram: Compositing.SurfaceAggregator.HasPixelMovingBackdropFiltersPerFrame recorded 12 samples, mean = 0.0 (flags = 0x41)
0  ------------O                                                             (12 = 100.0%)
1  ... 

Histogram: Compositing.SurfaceAggregator.HasPixelMovingFiltersPerFrame recorded 12 samples, mean = 0.0 (flags = 0x41)
0  ------------O                                                             (12 = 100.0%)
1  ... 

Histogram: Compositing.SurfaceAggregator.HasUnembeddedRenderPassesPerFrame recorded 12 samples, mean = 0.0 (flags = 0x41)
0  ------------O                                                             (12 = 100.0%)
1  ... 

Histogram: Compositing.SurfaceAggregator.PrewalkUs recorded 12 samples, mean = 4151.5 (flags = 0x41)
0      ... 
18     -O                                                                        (1 = 8.3%) {0.0%}
21     O                                                                         (0 = 0.0%) {8.3%}
25     -O                                                                        (1 = 8.3%) {8.3%}
29     -O                                                                        (1 = 8.3%) {16.7%}
34     O                                                                         (0 = 0.0%) {25.0%}
40     -O                                                                        (1 = 8.3%) {25.0%}
47     ---O                                                                      (3 = 25.0%) {33.3%}
55     -O                                                                        (1 = 8.3%) {58.3%}
64     -O                                                                        (1 = 8.3%) {66.7%}
75     O                                                                         (0 = 0.0%) {75.0%}
88     -O                                                                        (1 = 8.3%) {75.0%}
103    ... 
584    -O                                                                        (1 = 8.3%) {83.3%}
684    ... 
10000  -O                                                                        (1 = 8.3%) {91.7%}

Histogram: Compositing.SurfaceAggregator.PrewalkedSurfaceCount recorded 12 samples, mean = 1.8 (flags = 0x41)
0  O                                                                         (0 = 0.0%)
1  --O                                                                       (2 = 16.7%) {0.0%}
2  ----------O                                                               (10 = 83.3%) {16.7%}
3  ... 

Histogram: Compositing.SurfaceManager.MarkForDestructionToDestroy recorded 1 samples, mean = 53.0 (flags = 0x41)
0   ... 
48  -O                                                                        (1 = 100.0%) {0.0%}
57  ... 

Histogram: Content.Classification.OpenGraph recorded 2 samples, mean = 4.0 (flags = 0x41)
0  ... 
4  --O                                                                       (2 = 100.0%) {0.0%}
5  ... 

Histogram: ContentSettings.AllowStorageAccessSync recorded 4 samples, mean = 0.0 (flags = 0x41)
0  ----O                                                                     (4 = 100.0%)
1  ... 

Histogram: ContentSettings.GetContentSetting.Network.Duration recorded 405 samples, mean = 0.9 (flags = 0x41)
0   ------------------------------------------------------------------------O (231 = 57.0%)
1   -------------------------------------O                                    (120 = 29.6%) {57.0%}
2   -----O                                                                    (17 = 4.2%) {86.7%}
3   -----O                                                                    (15 = 3.7%) {90.9%}
4   ----O                                                                     (14 = 3.5%) {94.6%}
5   -O                                                                        (2 = 0.5%) {98.0%}
7   O                                                                         (1 = 0.2%) {98.5%}
9   -O                                                                        (4 = 1.0%) {98.8%}
12  ... 
49  O                                                                         (1 = 0.2%) {99.8%}
65  ... 

Histogram: ContentSettings.GetCookieSettingInternal.Duration recorded 126 samples, mean = 11.5 (flags = 0x41)
0    O                                                                         (0 = 0.0%)
1    -------------------O                                                      (19 = 15.1%) {0.0%}
2    ----------------------------O                                             (28 = 22.2%) {15.1%}
3    -------------O                                                            (13 = 10.3%) {37.3%}
4    ------------O                                                             (12 = 9.5%) {47.6%}
5    ---O                                                                      (3 = 2.4%) {57.1%}
7    -------O                                                                  (7 = 5.6%) {59.5%}
9    ----------O                                                               (10 = 7.9%) {65.1%}
12   -------O                                                                  (7 = 5.6%) {73.0%}
16   -----O                                                                    (5 = 4.0%) {78.6%}
21   --------O                                                                 (8 = 6.3%) {82.5%}
28   -----O                                                                    (5 = 4.0%) {88.9%}
37   ----O                                                                     (4 = 3.2%) {92.9%}
49   ---O                                                                      (3 = 2.4%) {96.0%}
65   -O                                                                        (1 = 0.8%) {98.4%}
86   ... 
149  -O                                                                        (1 = 0.8%) {99.2%}
196  ... 

Histogram: ContentSettings.NumberOfExceptions recorded 1 samples, mean = 3.0 (flags = 0x41)
0  ... 
3  -O                                                                        (1 = 100.0%) {0.0%}
4  ... 

Histogram: ContentSettings.Popups.StrongBlockerActions recorded 2 samples, mean = 0.0 (flags = 0x41)
0  --O                                                                       (2 = 100.0%)
1  ... 

Histogram: ContentSettings.RegularProfile.DefaultAutoVerifySetting recorded 1 samples, mean = 1.0 (flags = 0x41)
0  O                                                                         (0 = 0.0%)
1  -O                                                                        (1 = 100.0%) {0.0%}
2  ... 

Histogram: ContentSettings.RegularProfile.DefaultAutoplaySetting recorded 1 samples, mean = 1.0 (flags = 0x41)
0  O                                                                         (0 = 0.0%)
1  -O                                                                        (1 = 100.0%) {0.0%}
2  ... 

Histogram: ContentSettings.RegularProfile.DefaultBackgroundSyncSetting recorded 1 samples, mean = 1.0 (flags = 0x41)
0  O                                                                         (0 = 0.0%)
1  -O                                                                        (1 = 100.0%) {0.0%}
2  ... 

Histogram: ContentSettings.RegularProfile.DefaultCookiesSetting recorded 1 samples, mean = 1.0 (flags = 0x41)
0  O                                                                         (0 = 0.0%)
1  -O                                                                        (1 = 100.0%) {0.0%}
2  ... 

Histogram: ContentSettings.RegularProfile.DefaultIdleDetectionSetting recorded 1 samples, mean = 3.0 (flags = 0x41)
0  ... 
3  -O                                                                        (1 = 100.0%) {0.0%}
4  ... 

Histogram: ContentSettings.RegularProfile.DefaultImagesSetting recorded 1 samples, mean = 1.0 (flags = 0x41)
0  O                                                                         (0 = 0.0%)
1  -O                                                                        (1 = 100.0%) {0.0%}
2  ... 

Histogram: ContentSettings.RegularProfile.DefaultJavaScriptSetting recorded 1 samples, mean = 1.0 (flags = 0x41)
0  O                                                                         (0 = 0.0%)
1  -O                                                                        (1 = 100.0%) {0.0%}
2  ... 

Histogram: ContentSettings.RegularProfile.DefaultLocationSetting recorded 1 samples, mean = 3.0 (flags = 0x41)
0  ... 
3  -O                                                                        (1 = 100.0%) {0.0%}
4  ... 

Histogram: ContentSettings.RegularProfile.DefaultMIDISysExSetting recorded 1 samples, mean = 3.0 (flags = 0x41)
0  ... 
3  -O                                                                        (1 = 100.0%) {0.0%}
4  ... 

Histogram: ContentSettings.RegularProfile.DefaultMediaStreamCameraSetting recorded 1 samples, mean = 3.0 (flags = 0x41)
0  ... 
3  -O                                                                        (1 = 100.0%) {0.0%}
4  ... 

Histogram: ContentSettings.RegularProfile.DefaultMediaStreamMicSetting recorded 1 samples, mean = 3.0 (flags = 0x41)
0  ... 
3  -O                                                                        (1 = 100.0%) {0.0%}
4  ... 

Histogram: ContentSettings.RegularProfile.DefaultNotificationsSetting recorded 1 samples, mean = 3.0 (flags = 0x41)
0  ... 
3  -O                                                                        (1 = 100.0%) {0.0%}
4  ... 

Histogram: ContentSettings.RegularProfile.DefaultPopupsSetting recorded 1 samples, mean = 2.0 (flags = 0x41)
0  ... 
2  -O                                                                        (1 = 100.0%) {0.0%}
3  ... 

Histogram: ContentSettings.RegularProfile.DefaultSoundSetting recorded 1 samples, mean = 1.0 (flags = 0x41)
0  O                                                                         (0 = 0.0%)
1  -O                                                                        (1 = 100.0%) {0.0%}
2  ... 

Histogram: ContentSettings.RegularProfile.DefaultStorageAccessSetting recorded 1 samples, mean = 3.0 (flags = 0x41)
0  ... 
3  -O                                                                        (1 = 100.0%) {0.0%}
4  ... 

Histogram: ContentSettings.RegularProfile.DefaultSubresourceFilterSetting recorded 1 samples, mean = 2.0 (flags = 0x41)
0  ... 
2  -O                                                                        (1 = 100.0%) {0.0%}
3  ... 

Histogram: ContentSettings.RegularProfile.DefaultUsbGuardSetting recorded 1 samples, mean = 3.0 (flags = 0x41)
0  ... 
3  -O                                                                        (1 = 100.0%) {0.0%}
4  ... 

Histogram: ContentSettings.RegularProfile.DefaultWebBluetoothGuardSetting recorded 1 samples, mean = 3.0 (flags = 0x41)
0  ... 
3  -O                                                                        (1 = 100.0%) {0.0%}
4  ... 

Histogram: ContentSettings.RegularProfile.Exceptions.3pcd-heuristics-grants recorded 1 samples, mean = 0.0 (flags = 0x41)
0  -O                                                                        (1 = 100.0%)
1  ... 

Histogram: ContentSettings.RegularProfile.Exceptions.3pcd-support recorded 1 samples, mean = 0.0 (flags = 0x41)
0  -O                                                                        (1 = 100.0%)
1  ... 

Histogram: ContentSettings.RegularProfile.Exceptions.abusive-notification-permissions recorded 1 samples, mean = 0.0 (flags = 0x41)
0  -O                                                                        (1 = 100.0%)
1  ... 

Histogram: ContentSettings.RegularProfile.Exceptions.access-to-get-all-screens-media-in-session recorded 1 samples, mean = 0.0 (flags = 0x41)
0  -O                                                                        (1 = 100.0%)
1  ... 

Histogram: ContentSettings.RegularProfile.Exceptions.accessibility-events recorded 1 samples, mean = 0.0 (flags = 0x41)
0  -O                                                                        (1 = 100.0%)
1  ... 

Histogram: ContentSettings.RegularProfile.Exceptions.anti-abuse recorded 1 samples, mean = 0.0 (flags = 0x41)
0  -O                                                                        (1 = 100.0%)
1  ... 

Histogram: ContentSettings.RegularProfile.Exceptions.app-banner recorded 1 samples, mean = 0.0 (flags = 0x41)
0  -O                                                                        (1 = 100.0%)
1  ... 

Histogram: ContentSettings.RegularProfile.Exceptions.ar recorded 1 samples, mean = 0.0 (flags = 0x41)
0  -O                                                                        (1 = 100.0%)
1  ... 

Histogram: ContentSettings.RegularProfile.Exceptions.auto-picture-in-picture recorded 1 samples, mean = 0.0 (flags = 0x41)
0  -O                                                                        (1 = 100.0%)
1  ... 

Histogram: ContentSettings.RegularProfile.Exceptions.auto-select-certificate recorded 1 samples, mean = 0.0 (flags = 0x41)
0  -O                                                                        (1 = 100.0%)
1  ... 

Histogram: ContentSettings.RegularProfile.Exceptions.automatic-downloads recorded 1 samples, mean = 0.0 (flags = 0x41)
0  -O                                                                        (1 = 100.0%)
1  ... 

Histogram: ContentSettings.RegularProfile.Exceptions.automatic-fullscreen recorded 1 samples, mean = 0.0 (flags = 0x41)
0  -O                                                                        (1 = 100.0%)
1  ... 

Histogram: ContentSettings.RegularProfile.Exceptions.autoplay recorded 1 samples, mean = 0.0 (flags = 0x41)
0  -O                                                                        (1 = 100.0%)
1  ... 

Histogram: ContentSettings.RegularProfile.Exceptions.background-sync recorded 1 samples, mean = 0.0 (flags = 0x41)
0  -O                                                                        (1 = 100.0%)
1  ... 

Histogram: ContentSettings.RegularProfile.Exceptions.bluetooth-chooser-data recorded 1 samples, mean = 0.0 (flags = 0x41)
0  -O                                                                        (1 = 100.0%)
1  ... 

Histogram: ContentSettings.RegularProfile.Exceptions.bluetooth-guard recorded 1 samples, mean = 0.0 (flags = 0x41)
0  -O                                                                        (1 = 100.0%)
1  ... 

Histogram: ContentSettings.RegularProfile.Exceptions.bluetooth-scanning recorded 1 samples, mean = 0.0 (flags = 0x41)
0  -O                                                                        (1 = 100.0%)
1  ... 

Histogram: ContentSettings.RegularProfile.Exceptions.camera-pan-tilt-zoom recorded 1 samples, mean = 0.0 (flags = 0x41)
0  -O                                                                        (1 = 100.0%)
1  ... 

Histogram: ContentSettings.RegularProfile.Exceptions.captured-surface-control recorded 1 samples, mean = 0.0 (flags = 0x41)
0  -O                                                                        (1 = 100.0%)
1  ... 

Histogram: ContentSettings.RegularProfile.Exceptions.client-hints recorded 1 samples, mean = 0.0 (flags = 0x41)
0  -O                                                                        (1 = 100.0%)
1  ... 

Histogram: ContentSettings.RegularProfile.Exceptions.clipboard recorded 1 samples, mean = 0.0 (flags = 0x41)
0  -O                                                                        (1 = 100.0%)
1  ... 

Histogram: ContentSettings.RegularProfile.Exceptions.cookie-controls-metadata recorded 1 samples, mean = 0.0 (flags = 0x41)
0  -O                                                                        (1 = 100.0%)
1  ... 

Histogram: ContentSettings.RegularProfile.Exceptions.cookies recorded 1 samples, mean = 0.0 (flags = 0x41)
0  -O                                                                        (1 = 100.0%)
1  ... 

Histogram: ContentSettings.RegularProfile.Exceptions.cookies.Allow recorded 1 samples, mean = 0.0 (flags = 0x41)
0  -O                                                                        (1 = 100.0%)
1  ... 

Histogram: ContentSettings.RegularProfile.Exceptions.cookies.AllowThirdParty recorded 1 samples, mean = 0.0 (flags = 0x41)
0  -O                                                                        (1 = 100.0%)
1  ... 

Histogram: ContentSettings.RegularProfile.Exceptions.cookies.Block recorded 1 samples, mean = 0.0 (flags = 0x41)
0  -O                                                                        (1 = 100.0%)
1  ... 

Histogram: ContentSettings.RegularProfile.Exceptions.cookies.DomainWildcardAllowThirdParty recorded 1 samples, mean = 0.0 (flags = 0x41)
0  -O                                                                        (1 = 100.0%)
1  ... 

Histogram: ContentSettings.RegularProfile.Exceptions.cookies.SessionOnly recorded 1 samples, mean = 0.0 (flags = 0x41)
0  -O                                                                        (1 = 100.0%)
1  ... 

Histogram: ContentSettings.RegularProfile.Exceptions.cookies.TemporaryAllowThirdParty recorded 1 samples, mean = 0.0 (flags = 0x41)
0  -O                                                                        (1 = 100.0%)
1  ... 

Histogram: ContentSettings.RegularProfile.Exceptions.direct-sockets recorded 1 samples, mean = 0.0 (flags = 0x41)
0  -O                                                                        (1 = 100.0%)
1  ... 

Histogram: ContentSettings.RegularProfile.Exceptions.display-media-system-audio recorded 1 samples, mean = 0.0 (flags = 0x41)
0  -O                                                                        (1 = 100.0%)
1  ... 

Histogram: ContentSettings.RegularProfile.Exceptions.durable-storage recorded 1 samples, mean = 0.0 (flags = 0x41)
0  -O                                                                        (1 = 100.0%)
1  ... 

Histogram: ContentSettings.RegularProfile.Exceptions.fedcm-idp-registration recorded 1 samples, mean = 0.0 (flags = 0x41)
0  -O                                                                        (1 = 100.0%)
1  ... 

Histogram: ContentSettings.RegularProfile.Exceptions.fedcm-idp-signin recorded 1 samples, mean = 1.0 (flags = 0x41)
0  O                                                                         (0 = 0.0%)
1  -O                                                                        (1 = 100.0%) {0.0%}
2  ... 

Histogram: ContentSettings.RegularProfile.Exceptions.fedcm-share recorded 1 samples, mean = 0.0 (flags = 0x41)
0  -O                                                                        (1 = 100.0%)
1  ... 

Histogram: ContentSettings.RegularProfile.Exceptions.file-system-access-chooser-data recorded 1 samples, mean = 0.0 (flags = 0x41)
0  -O                                                                        (1 = 100.0%)
1  ... 

Histogram: ContentSettings.RegularProfile.Exceptions.file-system-access-extended-permission recorded 1 samples, mean = 0.0 (flags = 0x41)
0  -O                                                                        (1 = 100.0%)
1  ... 

Histogram: ContentSettings.RegularProfile.Exceptions.file-system-access-restore-permission recorded 1 samples, mean = 0.0 (flags = 0x41)
0  -O                                                                        (1 = 100.0%)
1  ... 

Histogram: ContentSettings.RegularProfile.Exceptions.file-system-last-picked-directory recorded 1 samples, mean = 0.0 (flags = 0x41)
0  -O                                                                        (1 = 100.0%)
1  ... 

Histogram: ContentSettings.RegularProfile.Exceptions.file-system-read-guard recorded 1 samples, mean = 0.0 (flags = 0x41)
0  -O                                                                        (1 = 100.0%)
1  ... 

Histogram: ContentSettings.RegularProfile.Exceptions.file-system-write-guard recorded 1 samples, mean = 0.0 (flags = 0x41)
0  -O                                                                        (1 = 100.0%)
1  ... 

Histogram: ContentSettings.RegularProfile.Exceptions.formfill-metadata recorded 1 samples, mean = 0.0 (flags = 0x41)
0  -O                                                                        (1 = 100.0%)
1  ... 

Histogram: ContentSettings.RegularProfile.Exceptions.geolocation recorded 1 samples, mean = 0.0 (flags = 0x41)
0  -O                                                                        (1 = 100.0%)
1  ... 

Histogram: ContentSettings.RegularProfile.Exceptions.hid-chooser-data recorded 1 samples, mean = 0.0 (flags = 0x41)
0  -O                                                                        (1 = 100.0%)
1  ... 

Histogram: ContentSettings.RegularProfile.Exceptions.hid-guard recorded 1 samples, mean = 0.0 (flags = 0x41)
0  -O                                                                        (1 = 100.0%)
1  ... 

Histogram: ContentSettings.RegularProfile.Exceptions.http-allowed recorded 1 samples, mean = 0.0 (flags = 0x41)
0  -O                                                                        (1 = 100.0%)
1  ... 

Histogram: ContentSettings.RegularProfile.Exceptions.https-enforced recorded 1 samples, mean = 0.0 (flags = 0x41)
0  -O                                                                        (1 = 100.0%)
1  ... 

Histogram: ContentSettings.RegularProfile.Exceptions.idle-detection recorded 1 samples, mean = 0.0 (flags = 0x41)
0  -O                                                                        (1 = 100.0%)
1  ... 

Histogram: ContentSettings.RegularProfile.Exceptions.images recorded 1 samples, mean = 0.0 (flags = 0x41)
0  -O                                                                        (1 = 100.0%)
1  ... 

Histogram: ContentSettings.RegularProfile.Exceptions.important-site-info recorded 1 samples, mean = 0.0 (flags = 0x41)
0  -O                                                                        (1 = 100.0%)
1  ... 

Histogram: ContentSettings.RegularProfile.Exceptions.insecure-private-network recorded 1 samples, mean = 0.0 (flags = 0x41)
0  -O                                                                        (1 = 100.0%)
1  ... 

Histogram: ContentSettings.RegularProfile.Exceptions.intent-picker-auto-display recorded 1 samples, mean = 0.0 (flags = 0x41)
0  -O                                                                        (1 = 100.0%)
1  ... 

Histogram: ContentSettings.RegularProfile.Exceptions.javascript recorded 1 samples, mean = 0.0 (flags = 0x41)
0  -O                                                                        (1 = 100.0%)
1  ... 

Histogram: ContentSettings.RegularProfile.Exceptions.javascript-jit recorded 1 samples, mean = 0.0 (flags = 0x41)
0  -O                                                                        (1 = 100.0%)
1  ... 

Histogram: ContentSettings.RegularProfile.Exceptions.javascript-optimizer recorded 1 samples, mean = 0.0 (flags = 0x41)
0  -O                                                                        (1 = 100.0%)
1  ... 

Histogram: ContentSettings.RegularProfile.Exceptions.keyboard-lock recorded 1 samples, mean = 0.0 (flags = 0x41)
0  -O                                                                        (1 = 100.0%)
1  ... 

Histogram: ContentSettings.RegularProfile.Exceptions.legacy-cookie-access recorded 1 samples, mean = 0.0 (flags = 0x41)
0  -O                                                                        (1 = 100.0%)
1  ... 

Histogram: ContentSettings.RegularProfile.Exceptions.local-fonts recorded 1 samples, mean = 0.0 (flags = 0x41)
0  -O                                                                        (1 = 100.0%)
1  ... 

Histogram: ContentSettings.RegularProfile.Exceptions.media-engagement recorded 1 samples, mean = 1.0 (flags = 0x41)
0  O                                                                         (0 = 0.0%)
1  -O                                                                        (1 = 100.0%) {0.0%}
2  ... 

Histogram: ContentSettings.RegularProfile.Exceptions.media-stream-camera recorded 1 samples, mean = 0.0 (flags = 0x41)
0  -O                                                                        (1 = 100.0%)
1  ... 

Histogram: ContentSettings.RegularProfile.Exceptions.media-stream-mic recorded 1 samples, mean = 0.0 (flags = 0x41)
0  -O                                                                        (1 = 100.0%)
1  ... 

Histogram: ContentSettings.RegularProfile.Exceptions.midi-sysex recorded 1 samples, mean = 0.0 (flags = 0x41)
0  -O                                                                        (1 = 100.0%)
1  ... 

Histogram: ContentSettings.RegularProfile.Exceptions.mixed-script recorded 1 samples, mean = 0.0 (flags = 0x41)
0  -O                                                                        (1 = 100.0%)
1  ... 

Histogram: ContentSettings.RegularProfile.Exceptions.nfc-devices recorded 1 samples, mean = 0.0 (flags = 0x41)
0  -O                                                                        (1 = 100.0%)
1  ... 

Histogram: ContentSettings.RegularProfile.Exceptions.notification-interactions recorded 1 samples, mean = 0.0 (flags = 0x41)
0  -O                                                                        (1 = 100.0%)
1  ... 

Histogram: ContentSettings.RegularProfile.Exceptions.notification-permission-review recorded 1 samples, mean = 0.0 (flags = 0x41)
0  -O                                                                        (1 = 100.0%)
1  ... 

Histogram: ContentSettings.RegularProfile.Exceptions.notifications recorded 1 samples, mean = 0.0 (flags = 0x41)
0  -O                                                                        (1 = 100.0%)
1  ... 

Histogram: ContentSettings.RegularProfile.Exceptions.password-protection recorded 1 samples, mean = 0.0 (flags = 0x41)
0  -O                                                                        (1 = 100.0%)
1  ... 

Histogram: ContentSettings.RegularProfile.Exceptions.payment-handler recorded 1 samples, mean = 0.0 (flags = 0x41)
0  -O                                                                        (1 = 100.0%)
1  ... 

Histogram: ContentSettings.RegularProfile.Exceptions.permission-autoblocking-data recorded 1 samples, mean = 0.0 (flags = 0x41)
0  -O                                                                        (1 = 100.0%)
1  ... 

Histogram: ContentSettings.RegularProfile.Exceptions.permission-autorevocation-data recorded 1 samples, mean = 0.0 (flags = 0x41)
0  -O                                                                        (1 = 100.0%)
1  ... 

Histogram: ContentSettings.RegularProfile.Exceptions.pointer-lock recorded 1 samples, mean = 0.0 (flags = 0x41)
0  -O                                                                        (1 = 100.0%)
1  ... 

Histogram: ContentSettings.RegularProfile.Exceptions.popups recorded 1 samples, mean = 0.0 (flags = 0x41)
0  -O                                                                        (1 = 100.0%)
1  ... 

Histogram: ContentSettings.RegularProfile.Exceptions.popups.Allow recorded 1 samples, mean = 0.0 (flags = 0x41)
0  -O                                                                        (1 = 100.0%)
1  ... 

Histogram: ContentSettings.RegularProfile.Exceptions.popups.Block recorded 1 samples, mean = 0.0 (flags = 0x41)
0  -O                                                                        (1 = 100.0%)
1  ... 

Histogram: ContentSettings.RegularProfile.Exceptions.private-network-chooser-data recorded 1 samples, mean = 0.0 (flags = 0x41)
0  -O                                                                        (1 = 100.0%)
1  ... 

Histogram: ContentSettings.RegularProfile.Exceptions.private-network-guard recorded 1 samples, mean = 0.0 (flags = 0x41)
0  -O                                                                        (1 = 100.0%)
1  ... 

Histogram: ContentSettings.RegularProfile.Exceptions.protected-media-identifier recorded 1 samples, mean = 0.0 (flags = 0x41)
0  -O                                                                        (1 = 100.0%)
1  ... 

Histogram: ContentSettings.RegularProfile.Exceptions.protocol-handler recorded 1 samples, mean = 0.0 (flags = 0x41)
0  -O                                                                        (1 = 100.0%)
1  ... 

Histogram: ContentSettings.RegularProfile.Exceptions.reduced-accept-language recorded 1 samples, mean = 0.0 (flags = 0x41)
0  -O                                                                        (1 = 100.0%)
1  ... 

Histogram: ContentSettings.RegularProfile.Exceptions.safe-browsing-url-check-data recorded 1 samples, mean = 0.0 (flags = 0x41)
0  -O                                                                        (1 = 100.0%)
1  ... 

Histogram: ContentSettings.RegularProfile.Exceptions.sensors recorded 1 samples, mean = 0.0 (flags = 0x41)
0  -O                                                                        (1 = 100.0%)
1  ... 

Histogram: ContentSettings.RegularProfile.Exceptions.serial-chooser-data recorded 1 samples, mean = 0.0 (flags = 0x41)
0  -O                                                                        (1 = 100.0%)
1  ... 

Histogram: ContentSettings.RegularProfile.Exceptions.serial-guard recorded 1 samples, mean = 0.0 (flags = 0x41)
0  -O                                                                        (1 = 100.0%)
1  ... 

Histogram: ContentSettings.RegularProfile.Exceptions.site-engagement recorded 1 samples, mean = 1.0 (flags = 0x41)
0  O                                                                         (0 = 0.0%)
1  -O                                                                        (1 = 100.0%) {0.0%}
2  ... 

Histogram: ContentSettings.RegularProfile.Exceptions.sound recorded 1 samples, mean = 0.0 (flags = 0x41)
0  -O                                                                        (1 = 100.0%)
1  ... 

Histogram: ContentSettings.RegularProfile.Exceptions.speaker-selection recorded 1 samples, mean = 0.0 (flags = 0x41)
0  -O                                                                        (1 = 100.0%)
1  ... 

Histogram: ContentSettings.RegularProfile.Exceptions.ssl-cert-decisions recorded 1 samples, mean = 0.0 (flags = 0x41)
0  -O                                                                        (1 = 100.0%)
1  ... 

Histogram: ContentSettings.RegularProfile.Exceptions.storage-access recorded 1 samples, mean = 0.0 (flags = 0x41)
0  -O                                                                        (1 = 100.0%)
1  ... 

Histogram: ContentSettings.RegularProfile.Exceptions.storage-access-header-origin-trial recorded 1 samples, mean = 0.0 (flags = 0x41)
0  -O                                                                        (1 = 100.0%)
1  ... 

Histogram: ContentSettings.RegularProfile.Exceptions.storage-access.Allow recorded 1 samples, mean = 0.0 (flags = 0x41)
0  -O                                                                        (1 = 100.0%)
1  ... 

Histogram: ContentSettings.RegularProfile.Exceptions.storage-access.Ask recorded 1 samples, mean = 0.0 (flags = 0x41)
0  -O                                                                        (1 = 100.0%)
1  ... 

Histogram: ContentSettings.RegularProfile.Exceptions.storage-access.Block recorded 1 samples, mean = 0.0 (flags = 0x41)
0  -O                                                                        (1 = 100.0%)
1  ... 

Histogram: ContentSettings.RegularProfile.Exceptions.storage-access.MaxRequester recorded 1 samples, mean = 0.0 (flags = 0x41)
0  -O                                                                        (1 = 100.0%)
1  ... 

Histogram: ContentSettings.RegularProfile.Exceptions.storage-access.MaxTopLevel recorded 1 samples, mean = 0.0 (flags = 0x41)
0  -O                                                                        (1 = 100.0%)
1  ... 

Histogram: ContentSettings.RegularProfile.Exceptions.subresource-filter recorded 1 samples, mean = 0.0 (flags = 0x41)
0  -O                                                                        (1 = 100.0%)
1  ... 

Histogram: ContentSettings.RegularProfile.Exceptions.subresource-filter-data recorded 1 samples, mean = 0.0 (flags = 0x41)
0  -O                                                                        (1 = 100.0%)
1  ... 

Histogram: ContentSettings.RegularProfile.Exceptions.subresource-filter.Allow recorded 1 samples, mean = 0.0 (flags = 0x41)
0  -O                                                                        (1 = 100.0%)
1  ... 

Histogram: ContentSettings.RegularProfile.Exceptions.subresource-filter.Block recorded 1 samples, mean = 0.0 (flags = 0x41)
0  -O                                                                        (1 = 100.0%)
1  ... 

Histogram: ContentSettings.RegularProfile.Exceptions.third-party-storage-partitioning recorded 1 samples, mean = 0.0 (flags = 0x41)
0  -O                                                                        (1 = 100.0%)
1  ... 

Histogram: ContentSettings.RegularProfile.Exceptions.top-level-3pcd-origin-trial recorded 1 samples, mean = 0.0 (flags = 0x41)
0  -O                                                                        (1 = 100.0%)
1  ... 

Histogram: ContentSettings.RegularProfile.Exceptions.top-level-3pcd-support recorded 1 samples, mean = 0.0 (flags = 0x41)
0  -O                                                                        (1 = 100.0%)
1  ... 

Histogram: ContentSettings.RegularProfile.Exceptions.top-level-storage-access recorded 1 samples, mean = 0.0 (flags = 0x41)
0  -O                                                                        (1 = 100.0%)
1  ... 

Histogram: ContentSettings.RegularProfile.Exceptions.tracking-protection recorded 1 samples, mean = 0.0 (flags = 0x41)
0  -O                                                                        (1 = 100.0%)
1  ... 

Histogram: ContentSettings.RegularProfile.Exceptions.tracking-protection.Allow recorded 1 samples, mean = 0.0 (flags = 0x41)
0  -O                                                                        (1 = 100.0%)
1  ... 

Histogram: ContentSettings.RegularProfile.Exceptions.tracking-protection.Block recorded 1 samples, mean = 0.0 (flags = 0x41)
0  -O                                                                        (1 = 100.0%)
1  ... 

Histogram: ContentSettings.RegularProfile.Exceptions.unused-site-permissions recorded 1 samples, mean = 0.0 (flags = 0x41)
0  -O                                                                        (1 = 100.0%)
1  ... 

Histogram: ContentSettings.RegularProfile.Exceptions.usb-chooser-data recorded 1 samples, mean = 0.0 (flags = 0x41)
0  -O                                                                        (1 = 100.0%)
1  ... 

Histogram: ContentSettings.RegularProfile.Exceptions.usb-guard recorded 1 samples, mean = 0.0 (flags = 0x41)
0  -O                                                                        (1 = 100.0%)
1  ... 

Histogram: ContentSettings.RegularProfile.Exceptions.vr recorded 1 samples, mean = 0.0 (flags = 0x41)
0  -O                                                                        (1 = 100.0%)
1  ... 

Histogram: ContentSettings.RegularProfile.Exceptions.webid-api recorded 1 samples, mean = 0.0 (flags = 0x41)
0  -O                                                                        (1 = 100.0%)
1  ... 

Histogram: ContentSettings.RegularProfile.Exceptions.webid-auto-reauthn recorded 1 samples, mean = 0.0 (flags = 0x41)
0  -O                                                                        (1 = 100.0%)
1  ... 

Histogram: ContentSettings.RegularProfile.Exceptions.window-placement recorded 1 samples, mean = 0.0 (flags = 0x41)
0  -O                                                                        (1 = 100.0%)
1  ... 

Histogram: Conversions.DelayOnAttestationsLoaded recorded 1 samples, mean = 7241.0 (flags = 0x41)
0     ... 
6968  -O                                                                        (1 = 100.0%) {0.0%}
8955  ... 

Histogram: Cookie.CookieSchemeRequestScheme recorded 83 samples, mean = 2.0 (flags = 0x41)
0  ... 
2  ------------------------------------------------------------------------O (83 = 100.0%) {0.0%}
3  ... 

Histogram: Cookie.CrossSiteRedirectType.Read recorded 131 samples, mean = 1.0 (flags = 0x41)
0  O                                                                         (0 = 0.0%)
1  ------------------------------------------------------------------------O (131 = 100.0%) {0.0%}
2  ... 

Histogram: Cookie.DaysSinceRefreshForRetrieval recorded 3 samples, mean = 0.0 (flags = 0x41)
0  ---O                                                                      (3 = 100.0%)
1  ... 

Histogram: Cookie.FirstPartyPartitioned.HasCrossSiteAncestor recorded 45 samples, mean = 0.0 (flags = 0x41)
0  ---------------------------------------------O                            (45 = 100.0%)
1  ... 

Histogram: Cookie.FirstPartySets.Browser.DelayedQueriesCount recorded 1 samples, mean = 2.0 (flags = 0x41)
0  ... 
2  -O                                                                        (1 = 100.0%) {0.0%}
3  ... 

Histogram: Cookie.FirstPartySets.Browser.MostDelayedQueryDelta recorded 1 samples, mean = 7322.0 (flags = 0x41)
0     ... 
7083  -O                                                                        (1 = 100.0%) {0.0%}
8416  ... 

Histogram: Cookie.FirstPartySets.ComponentSetsNonfatalErrors recorded 1 samples, mean = 0.0 (flags = 0x41)
0  -O                                                                        (1 = 100.0%)
1  ... 

Histogram: Cookie.FirstPartySets.ComponentSetsParsedSuccessfully recorded 1 samples, mean = 0.0 (flags = 0x41)
0  -O                                                                        (1 = 100.0%)
1  ... 

Histogram: Cookie.FirstPartySets.ContextDelayedQueriesCount recorded 1 samples, mean = 0.0 (flags = 0x41)
0  -O                                                                        (1 = 100.0%)
1  ... 

Histogram: Cookie.FirstPartySets.ContextMostDelayedQueryDelta recorded 1 samples, mean = 0.0 (flags = 0x41)
0  -O                                                                        (1 = 100.0%)
1  ... 

Histogram: Cookie.FirstPartySets.EnqueueingDelay.ContextConfig2 recorded 1 samples, mean = 7285.0 (flags = 0x41)
0     ... 
7083  -O                                                                        (1 = 100.0%) {0.0%}
8416  ... 

Histogram: Cookie.FirstPartySets.InitializationDuration.ContextReadyToServeQueries2 recorded 1 samples, mean = 4269.0 (flags = 0x41)
0     ... 
4222  -O                                                                        (1 = 100.0%) {0.0%}
5017  ... 

Histogram: Cookie.FirstPartySets.InitializationDuration.ReadCommandLineSet2 recorded 1 samples, mean = 59.0 (flags = 0x41)
0   ... 
57  -O                                                                        (1 = 100.0%) {0.0%}
68  ... 

Histogram: Cookie.FirstPartySets.InitializationDuration.ReadComponentSets2 recorded 1 samples, mean = 7322.0 (flags = 0x41)
0     ... 
7083  -O                                                                        (1 = 100.0%) {0.0%}
8416  ... 

Histogram: Cookie.FirstPartySets.InitializationDuration.ReadyToServeQueries2 recorded 1 samples, mean = 7242.0 (flags = 0x41)
0     ... 
7083  -O                                                                        (1 = 100.0%) {0.0%}
8416  ... 

Histogram: Cookie.FirstPartySets.Network.DelayedQueriesCount recorded 1 samples, mean = 0.0 (flags = 0x41)
0  -O                                                                        (1 = 100.0%)
1  ... 

Histogram: Cookie.FirstPartySets.Network.MostDelayedQueryDelta recorded 1 samples, mean = 0.0 (flags = 0x41)
0  -O                                                                        (1 = 100.0%)
1  ... 

Histogram: Cookie.FirstPartySets.ProcessedEntireComponent recorded 1 samples, mean = 1.0 (flags = 0x41)
0  O                                                                         (0 = 0.0%)
1  -O                                                                        (1 = 100.0%) {0.0%}
2  O                                                                         (0 = 0.0%) {100.0%}

Histogram: Cookie.FromStorageWithValidLength recorded 73 samples, mean = 1.0 (flags = 0x41)
0  O                                                                         (0 = 0.0%)
1  ------------------------------------------------------------------------O (73 = 100.0%) {0.0%}
2  O                                                                         (0 = 0.0%) {100.0%}

Histogram: Cookie.IncludedRequestEffectiveSameSite recorded 130 samples, mean = 0.0 (flags = 0x41)
0  ------------------------------------------------------------------------O (130 = 100.0%)
1  ... 

Histogram: Cookie.OnCookiesAccessed.BatchSize recorded 10 samples, mean = 1.0 (flags = 0x41)
0  O                                                                         (0 = 0.0%)
1  ----------O                                                               (10 = 100.0%) {0.0%}
2  ... 

Histogram: Cookie.OnCookiesAccessed.TotalAccesses recorded 10 samples, mean = 1.9 (flags = 0x41)
0  O                                                                         (0 = 0.0%)
1  -O                                                                        (1 = 10.0%) {0.0%}
2  ---------O                                                                (9 = 90.0%) {10.0%}
3  ... 

Histogram: Cookie.PartitionedCookiesInRequest recorded 42 samples, mean = 1.0 (flags = 0x41)
0  -O                                                                        (1 = 2.4%)
1  -----------------------------------------O                                (41 = 97.6%) {2.4%}
2  ... 

Histogram: Cookie.Port.Read.RemoteHost recorded 130 samples, mean = 7.0 (flags = 0x41)
0  ... 
7  ------------------------------------------------------------------------O (130 = 100.0%) {0.0%}
8  ... 

Histogram: Cookie.Port.ReadDiffersFromSet.DomainSet recorded 130 samples, mean = 4.0 (flags = 0x41)
0  ... 
4  ------------------------------------------------------------------------O (130 = 100.0%) {0.0%}
5  O                                                                         (0 = 0.0%) {100.0%}

Histogram: Cookie.Port.ReadDiffersFromSet.RemoteHost recorded 130 samples, mean = 4.0 (flags = 0x41)
0  ... 
4  ------------------------------------------------------------------------O (130 = 100.0%) {0.0%}
5  O                                                                         (0 = 0.0%) {100.0%}

Histogram: Cookie.RequestSameSiteContext recorded 134 samples, mean = 3.0 (flags = 0x41)
0  -O                                                                        (2 = 1.5%)
1  ... 
3  ------------------------------------------------------------------------O (132 = 98.5%) {1.5%}
4  O                                                                         (0 = 0.0%) {100.0%}

Histogram: Cookie.SourceType recorded 3 samples, mean = 1.0 (flags = 0x41)
0  O                                                                         (0 = 0.0%)
1  ---O                                                                      (3 = 100.0%) {0.0%}
2  ... 

Histogram: Cookie.TimeBlockedOnLoad recorded 2 samples, mean = 1635.0 (flags = 0x41)
0     ... 
4     -O                                                                        (1 = 50.0%) {0.0%}
5     ... 
2964  -O                                                                        (1 = 50.0%) {50.0%}
3674  ... 

Histogram: Cookie.TimeInitializeDB recorded 2 samples, mean = 2.0 (flags = 0x41)
0  O                                                                         (0 = 0.0%)
1  -O                                                                        (1 = 50.0%) {0.0%}
2  O                                                                         (0 = 0.0%) {50.0%}
3  -O                                                                        (1 = 50.0%) {50.0%}
4  ... 

Histogram: Cookie.TimeOpsBlockedDueToGlobalOp recorded 2 samples, mean = 2.0 (flags = 0x41)
0  -O                                                                        (1 = 50.0%)
1  ... 
4  -O                                                                        (1 = 50.0%) {50.0%}
5  ... 

Histogram: Cookie.Type2 recorded 3 samples, mean = 14.0 (flags = 0x41)
0   ... 
14  ---O                                                                      (3 = 100.0%) {0.0%}
15  ... 

Histogram: Crypto.TPMDuration.MessageSigningECDSA recorded 1 samples, mean = 78.0 (flags = 0x41)
0   ... 
66  -O                                                                        (1 = 100.0%) {0.0%}
84  ... 

Histogram: Crypto.TPMDuration.NewKeyCreationECDSA recorded 1 samples, mean = 480.0 (flags = 0x41)
0    ... 
452  -O                                                                        (1 = 100.0%) {0.0%}
574  ... 

Histogram: Crypto.TPMDuration.Virtual.MessageSigningECDSA recorded 1 samples, mean = 1.0 (flags = 0x41)
0  O                                                                         (0 = 0.0%)
1  -O                                                                        (1 = 100.0%) {0.0%}
2  ... 

Histogram: Crypto.TPMDuration.Virtual.NewKeyCreationECDSA recorded 1 samples, mean = 189.0 (flags = 0x41)
0    ... 
173  -O                                                                        (1 = 100.0%) {0.0%}
220  ... 

Histogram: Crypto.TPMDuration.Virtual.WrappedKeyCreationECDSA recorded 1 samples, mean = 6.0 (flags = 0x41)
0  ... 
6  -O                                                                        (1 = 100.0%) {0.0%}
8  ... 

Histogram: Crypto.TPMDuration.WrappedKeyCreationECDSA recorded 1 samples, mean = 62.0 (flags = 0x41)
0   ... 
52  -O                                                                        (1 = 100.0%) {0.0%}
66  ... 

Histogram: Crypto.TPMOperation.MessageSigningECDSA recorded 1 samples, mean = 1.0 (flags = 0x41)
0  O                                                                         (0 = 0.0%)
1  -O                                                                        (1 = 100.0%) {0.0%}
2  O                                                                         (0 = 0.0%) {100.0%}

Histogram: Crypto.TPMOperation.MessageVerifyECDSA recorded 1 samples, mean = 1.0 (flags = 0x41)
0  O                                                                         (0 = 0.0%)
1  -O                                                                        (1 = 100.0%) {0.0%}
2  O                                                                         (0 = 0.0%) {100.0%}

Histogram: Crypto.TPMOperation.NewKeyCreationECDSA recorded 1 samples, mean = 1.0 (flags = 0x41)
0  O                                                                         (0 = 0.0%)
1  -O                                                                        (1 = 100.0%) {0.0%}
2  O                                                                         (0 = 0.0%) {100.0%}

Histogram: Crypto.TPMOperation.Virtual.MessageSigningECDSA recorded 1 samples, mean = 1.0 (flags = 0x41)
0  O                                                                         (0 = 0.0%)
1  -O                                                                        (1 = 100.0%) {0.0%}
2  O                                                                         (0 = 0.0%) {100.0%}

Histogram: Crypto.TPMOperation.Virtual.MessageVerifyECDSA recorded 1 samples, mean = 1.0 (flags = 0x41)
0  O                                                                         (0 = 0.0%)
1  -O                                                                        (1 = 100.0%) {0.0%}
2  O                                                                         (0 = 0.0%) {100.0%}

Histogram: Crypto.TPMOperation.Virtual.NewKeyCreationECDSA recorded 1 samples, mean = 1.0 (flags = 0x41)
0  O                                                                         (0 = 0.0%)
1  -O                                                                        (1 = 100.0%) {0.0%}
2  O                                                                         (0 = 0.0%) {100.0%}

Histogram: Crypto.TPMOperation.Virtual.WrappedKeyCreationECDSA recorded 1 samples, mean = 1.0 (flags = 0x41)
0  O                                                                         (0 = 0.0%)
1  -O                                                                        (1 = 100.0%) {0.0%}
2  O                                                                         (0 = 0.0%) {100.0%}

Histogram: Crypto.TPMOperation.WrappedKeyCreationECDSA recorded 1 samples, mean = 1.0 (flags = 0x41)
0  O                                                                         (0 = 0.0%)
1  -O                                                                        (1 = 100.0%) {0.0%}
2  O                                                                         (0 = 0.0%) {100.0%}

Histogram: Crypto.TPMSupport2 recorded 1 samples, mean = 2.0 (flags = 0x41)
0  ... 
2  -O                                                                        (1 = 100.0%) {0.0%}
3  O                                                                         (0 = 0.0%) {100.0%}

Histogram: Crypto.TPMSupportType recorded 1 samples, mean = 3.0 (flags = 0x41)
0  ... 
3  -O                                                                        (1 = 100.0%) {0.0%}
4  O                                                                         (0 = 0.0%) {100.0%}

Histogram: Crypto.VirtualKeySupport recorded 1 samples, mean = 2.0 (flags = 0x41)
0  ... 
2  -O                                                                        (1 = 100.0%) {0.0%}
3  O                                                                         (0 = 0.0%) {100.0%}

Histogram: DOMStorage.CommitMeasuredDelay recorded 7 samples, mean = 13258.7 (flags = 0x41)
0      ... 
9      -O                                                                        (1 = 14.3%) {0.0%}
10     ... 
4249   -O                                                                        (1 = 14.3%) {14.3%}
4904   --O                                                                       (2 = 28.6%) {28.6%}
5660   ... 
23760  ---O                                                                      (3 = 42.9%) {57.1%}
27425  ... 

Histogram: DOMStorage.CommitSizeBytes recorded 3 samples, mean = 843.3 (flags = 0x41)
0    ... 
600  -O                                                                        (1 = 33.3%) {0.0%}
676  ... 
859  -O                                                                        (1 = 33.3%) {33.3%}
968  -O                                                                        (1 = 33.3%) {66.7%}
1091 ... 

Histogram: DataUse.BytesReceived3.Delegate recorded 46 samples, mean = 6571.7 (flags = 0x41)
0       ... 
64      -O                                                                        (1 = 2.2%) {0.0%}
83      ... 
230     ---O                                                                      (3 = 6.5%) {2.2%}
297     -O                                                                        (1 = 2.2%) {8.7%}
383     ---O                                                                      (3 = 6.5%) {10.9%}
494     ----O                                                                     (4 = 8.7%) {17.4%}
637     --O                                                                       (2 = 4.3%) {26.1%}
821     O                                                                         (0 = 0.0%) {30.4%}
1059    -----------------O                                                        (17 = 37.0%) {30.4%}
1366    --O                                                                       (2 = 4.3%) {67.4%}
1761    ... 
2928    ---------O                                                                (9 = 19.6%) {71.7%}
3776    ... 
22388   --O                                                                       (2 = 4.3%) {91.3%}
28869   ... 
79817   -O                                                                        (1 = 2.2%) {95.7%}
102923  -O                                                                        (1 = 2.2%) {97.8%}
132718  ... 

Histogram: DataUse.BytesSent3.Delegate recorded 46 samples, mean = 952.2 (flags = 0x41)
0     ... 
12    --O                                                                       (2 = 4.3%) {0.0%}
16    O                                                                         (0 = 0.0%) {4.3%}
21    -O                                                                        (1 = 2.2%) {4.3%}
28    -O                                                                        (1 = 2.2%) {6.5%}
37    ... 
65    -O                                                                        (1 = 2.2%) {8.7%}
86    O                                                                         (0 = 0.0%) {10.9%}
113   -O                                                                        (1 = 2.2%) {10.9%}
149   O                                                                         (0 = 0.0%) {13.0%}
196   -O                                                                        (1 = 2.2%) {13.0%}
258   ... 
448   ------O                                                                   (6 = 13.0%) {15.2%}
590   ---O                                                                      (3 = 6.5%) {28.3%}
777   ------O                                                                   (6 = 13.0%) {34.8%}
1023  ----------------------O                                                   (22 = 47.8%) {47.8%}
1347  -O                                                                        (1 = 2.2%) {95.7%}
1774  ... 
5338  -O                                                                        (1 = 2.2%) {97.8%}
7031  ... 

Histogram: DefaultBrowser.State recorded 1 samples, mean = 0.0 (flags = 0x41)
0  -O                                                                        (1 = 100.0%)
1  ... 

Histogram: DiskCache.0.Error recorded 1 samples, mean = 0.0 (flags = 0x41)
0  -O                                                                        (1 = 100.0%)
1  ... 

Histogram: DiskCache.0.TotalIOTimeRead recorded 111 samples, mean = 3.0 (flags = 0x41)
0   -----------------------------------------------------------O              (59 = 53.2%)
1   ------O                                                                   (6 = 5.4%) {53.2%}
2   -------O                                                                  (7 = 6.3%) {58.6%}
3   -------O                                                                  (7 = 6.3%) {64.9%}
4   ---------O                                                                (9 = 8.1%) {71.2%}
5   ------O                                                                   (6 = 5.4%) {79.3%}
6   --O                                                                       (2 = 1.8%) {84.7%}
7   --O                                                                       (2 = 1.8%) {86.5%}
8   --O                                                                       (2 = 1.8%) {88.3%}
10  -----O                                                                    (5 = 4.5%) {90.1%}
12  ----O                                                                     (4 = 3.6%) {94.6%}
14  ... 
34  -O                                                                        (1 = 0.9%) {98.2%}
40  O                                                                         (0 = 0.0%) {99.1%}
48  -O                                                                        (1 = 0.9%) {99.1%}
57  ... 

Histogram: DiskCache.0.TotalIOTimeWrite recorded 27 samples, mean = 0.0 (flags = 0x41)
0  ---------------------------O                                              (27 = 100.0%)
1  ... 

Histogram: Download.Database.IsAvailable recorded 1 samples, mean = 1.0 (flags = 0x41)
0  O                                                                         (0 = 0.0%)
1  -O                                                                        (1 = 100.0%) {0.0%}
2  O                                                                         (0 = 0.0%) {100.0%}

Histogram: Download.Service.Db.Operation.Success recorded 1 samples, mean = 0.0 (flags = 0x41)
0  -O                                                                        (1 = 100.0%)
1  ... 

Histogram: Download.Service.Db.Records recorded 1 samples, mean = 0.0 (flags = 0x41)
0  -O                                                                        (1 = 100.0%)
1  ... 

Histogram: Download.Service.Db.Records.Active recorded 1 samples, mean = 0.0 (flags = 0x41)
0  -O                                                                        (1 = 100.0%)
1  ... 

Histogram: Download.Service.Db.Records.Available recorded 1 samples, mean = 0.0 (flags = 0x41)
0  -O                                                                        (1 = 100.0%)
1  ... 

Histogram: Download.Service.Db.Records.Complete recorded 1 samples, mean = 0.0 (flags = 0x41)
0  -O                                                                        (1 = 100.0%)
1  ... 

Histogram: Download.Service.Db.Records.New recorded 1 samples, mean = 0.0 (flags = 0x41)
0  -O                                                                        (1 = 100.0%)
1  ... 

Histogram: Download.Service.Db.Records.Paused recorded 1 samples, mean = 0.0 (flags = 0x41)
0  -O                                                                        (1 = 100.0%)
1  ... 

Histogram: Download.Service.Files.CleanUp.External recorded 3 samples, mean = 0.0 (flags = 0x41)
0  ---O                                                                      (3 = 100.0%)
1  ... 

Histogram: Download.Service.Files.CleanUp.External.Orphaned recorded 1 samples, mean = 0.0 (flags = 0x41)
0  -O                                                                        (1 = 100.0%)
1  ... 

Histogram: Download.Service.Files.CleanUp.External.Timeout recorded 1 samples, mean = 0.0 (flags = 0x41)
0  -O                                                                        (1 = 100.0%)
1  ... 

Histogram: Download.Service.Files.CleanUp.External.Unknown recorded 1 samples, mean = 0.0 (flags = 0x41)
0  -O                                                                        (1 = 100.0%)
1  ... 

Histogram: Download.Service.Files.CleanUp.Failure recorded 3 samples, mean = 0.0 (flags = 0x41)
0  ---O                                                                      (3 = 100.0%)
1  ... 

Histogram: Download.Service.Files.CleanUp.Failure.Orphaned recorded 1 samples, mean = 0.0 (flags = 0x41)
0  -O                                                                        (1 = 100.0%)
1  ... 

Histogram: Download.Service.Files.CleanUp.Failure.Timeout recorded 1 samples, mean = 0.0 (flags = 0x41)
0  -O                                                                        (1 = 100.0%)
1  ... 

Histogram: Download.Service.Files.CleanUp.Failure.Unknown recorded 1 samples, mean = 0.0 (flags = 0x41)
0  -O                                                                        (1 = 100.0%)
1  ... 

Histogram: Download.Service.Files.CleanUp.Success recorded 3 samples, mean = 0.0 (flags = 0x41)
0  ---O                                                                      (3 = 100.0%)
1  ... 

Histogram: Download.Service.Files.CleanUp.Success.Orphaned recorded 1 samples, mean = 0.0 (flags = 0x41)
0  -O                                                                        (1 = 100.0%)
1  ... 

Histogram: Download.Service.Files.CleanUp.Success.Timeout recorded 1 samples, mean = 0.0 (flags = 0x41)
0  -O                                                                        (1 = 100.0%)
1  ... 

Histogram: Download.Service.Files.CleanUp.Success.Unknown recorded 1 samples, mean = 0.0 (flags = 0x41)
0  -O                                                                        (1 = 100.0%)
1  ... 

Histogram: Download.Service.StartUpStatus.Initialization recorded 1 samples, mean = 0.0 (flags = 0x41)
0  -O                                                                        (1 = 100.0%)
1  ... 

Histogram: Enterprise.TimeToFirstPolicyLoad.Profile.Unmanaged recorded 1 samples, mean = 0.0 (flags = 0x41)
0  -O                                                                        (1 = 100.0%)
1  ... 

Histogram: EnterpriseCheck.AzureADJoinStatusCheckTime recorded 1 samples, mean = 13.0 (flags = 0x41)
0   ... 
12  -O                                                                        (1 = 100.0%) {0.0%}
14  ... 

Histogram: Event.GestureCreated recorded 3 samples, mean = 12.0 (flags = 0x41)
0   ... 
12  ---O                                                                      (3 = 100.0%) {0.0%}
13  ... 

Histogram: Extension.Toolbar.BrowserActionsCount2 recorded 1 samples, mean = 0.0 (flags = 0x41)
0  -O                                                                        (1 = 100.0%)
1  ... 

Histogram: ExtensionToolbarModel.BrowserActionsCount recorded 1 samples, mean = 0.0 (flags = 0x41)
0  -O                                                                        (1 = 100.0%)
1  ... 

Histogram: Extensions.AppLocation2 recorded 1 samples, mean = 5.0 (flags = 0x41)
0  ... 
5  -O                                                                        (1 = 100.0%) {0.0%}
6  ... 

Histogram: Extensions.CorruptExtensionTotalDisables recorded 1 samples, mean = 0.0 (flags = 0x41)
0  -O                                                                        (1 = 100.0%)
1  ... 

Histogram: Extensions.CorruptExtensionTotalDisables2 recorded 1 samples, mean = 0.0 (flags = 0x41)
0  -O                                                                        (1 = 100.0%)
1  ... 

Histogram: Extensions.Database.Open.Rules recorded 1 samples, mean = 0.0 (flags = 0x41)
0  -O                                                                        (1 = 100.0%)
1  ... 

Histogram: Extensions.Database.Open.Scripts recorded 1 samples, mean = 0.0 (flags = 0x41)
0  -O                                                                        (1 = 100.0%)
1  ... 

Histogram: Extensions.Database.Open.State recorded 1 samples, mean = 0.0 (flags = 0x41)
0  -O                                                                        (1 = 100.0%)
1  ... 

Histogram: Extensions.DeveloperModeEnabled recorded 2 samples, mean = 0.0 (flags = 0x41)
0  --O                                                                       (2 = 100.0%)
1  ... 

Histogram: Extensions.DidCreateScriptContext_Unspecified recorded 1 samples, mean = 1.0 (flags = 0x41)
0  O                                                                         (0 = 0.0%)
1  -O                                                                        (1 = 100.0%) {0.0%}
2  ... 

Histogram: Extensions.DidCreateScriptContext_WebPage recorded 2 samples, mean = 0.5 (flags = 0x41)
0  -O                                                                        (1 = 50.0%)
1  -O                                                                        (1 = 50.0%) {50.0%}
2  ... 

Histogram: Extensions.DisableReason2 recorded 1 samples (flags = 0x41)
8192  -O                                                                        (1 = 100.0%)

Histogram: Extensions.Disabled recorded 1 samples, mean = 1.0 (flags = 0x41)
0  O                                                                         (0 = 0.0%)
1  -O                                                                        (1 = 100.0%) {0.0%}
2  ... 

Histogram: Extensions.Disabled2 recorded 1 samples, mean = 1.0 (flags = 0x41)
0  O                                                                         (0 = 0.0%)
1  -O                                                                        (1 = 100.0%) {0.0%}
2  ... 

Histogram: Extensions.DisabledForPermissions recorded 1 samples, mean = 0.0 (flags = 0x41)
0  -O                                                                        (1 = 100.0%)
1  ... 

Histogram: Extensions.DisabledForPermissions2 recorded 1 samples, mean = 0.0 (flags = 0x41)
0  -O                                                                        (1 = 100.0%)
1  ... 

Histogram: Extensions.EsbAllowlistOmahaAttribute recorded 1 samples, mean = 1.0 (flags = 0x41)
0  O                                                                         (0 = 0.0%)
1  -O                                                                        (1 = 100.0%) {0.0%}
2  ... 

Histogram: Extensions.EventlessEventPages2 recorded 1 samples, mean = 0.0 (flags = 0x41)
0  -O                                                                        (1 = 100.0%)
1  ... 

Histogram: Extensions.ExtensionDisabledRemotely2 recorded 1 samples, mean = 0.0 (flags = 0x41)
0  -O                                                                        (1 = 100.0%)
1  ... 

Histogram: Extensions.ExtensionLocation recorded 1 samples, mean = 5.0 (flags = 0x41)
0  ... 
5  -O                                                                        (1 = 100.0%) {0.0%}
6  ... 

Histogram: Extensions.ExtensionLocation2 recorded 1 samples, mean = 5.0 (flags = 0x41)
0  ... 
5  -O                                                                        (1 = 100.0%) {0.0%}
6  ... 

Histogram: Extensions.ExtensionsWithPageActions recorded 1 samples, mean = 0.0 (flags = 0x41)
0  -O                                                                        (1 = 100.0%)
1  ... 

Histogram: Extensions.ExternalItemState recorded 1 samples, mean = 2.0 (flags = 0x41)
0  ... 
2  -O                                                                        (1 = 100.0%) {0.0%}
3  ... 

Histogram: Extensions.ExternalItemState2 recorded 1 samples, mean = 2.0 (flags = 0x41)
0  ... 
2  -O                                                                        (1 = 100.0%) {0.0%}
3  ... 

Histogram: Extensions.ExternalRegistryLoaderWin recorded 1 samples, mean = 0.0 (flags = 0x40)
0  -O                                                                        (1 = 100.0%)
1  ... 

Histogram: Extensions.HomepageOverrides recorded 1 samples, mean = 0.0 (flags = 0x41)
0  -O                                                                        (1 = 100.0%)
1  ... 

Histogram: Extensions.HomepageOverrides2 recorded 1 samples, mean = 0.0 (flags = 0x41)
0  -O                                                                        (1 = 100.0%)
1  ... 

Histogram: Extensions.InjectEnd_ScriptCount recorded 2 samples, mean = 0.0 (flags = 0x41)
0  --O                                                                       (2 = 100.0%)
1  ... 

Histogram: Extensions.InjectIdle_ScriptCount recorded 2 samples, mean = 0.0 (flags = 0x41)
0  --O                                                                       (2 = 100.0%)
1  ... 

Histogram: Extensions.InjectStart_CssCount recorded 2 samples, mean = 0.0 (flags = 0x41)
0  --O                                                                       (2 = 100.0%)
1  ... 

Histogram: Extensions.InjectStart_ScriptCount recorded 2 samples, mean = 0.0 (flags = 0x41)
0  --O                                                                       (2 = 100.0%)
1  ... 

Histogram: Extensions.LoadAll recorded 1 samples, mean = 2.0 (flags = 0x41)
0  ... 
2  -O                                                                        (1 = 100.0%) {0.0%}
3  ... 

Histogram: Extensions.LoadAll2 recorded 1 samples, mean = 2.0 (flags = 0x41)
0  ... 
2  -O                                                                        (1 = 100.0%) {0.0%}
3  ... 

Histogram: Extensions.LoadAllComponentTime recorded 1 samples, mean = 1.0 (flags = 0x41)
0  O                                                                         (0 = 0.0%)
1  -O                                                                        (1 = 100.0%) {0.0%}
2  ... 

Histogram: Extensions.LoadAllComponentTime.User recorded 1 samples, mean = 1.0 (flags = 0x41)
0  O                                                                         (0 = 0.0%)
1  -O                                                                        (1 = 100.0%) {0.0%}
2  ... 

Histogram: Extensions.LoadAllTime2 recorded 1 samples, mean = 1.0 (flags = 0x41)
0  O                                                                         (0 = 0.0%)
1  -O                                                                        (1 = 100.0%) {0.0%}
2  ... 

Histogram: Extensions.LoadAllTime2.User recorded 1 samples, mean = 1.0 (flags = 0x41)
0  O                                                                         (0 = 0.0%)
1  -O                                                                        (1 = 100.0%) {0.0%}
2  ... 

Histogram: Extensions.LoadApp recorded 1 samples, mean = 0.0 (flags = 0x41)
0  -O                                                                        (1 = 100.0%)
1  ... 

Histogram: Extensions.LoadApp2 recorded 1 samples, mean = 0.0 (flags = 0x41)
0  -O                                                                        (1 = 100.0%)
1  ... 

Histogram: Extensions.LoadAppExternal recorded 1 samples, mean = 0.0 (flags = 0x41)
0  -O                                                                        (1 = 100.0%)
1  ... 

Histogram: Extensions.LoadAppExternal2 recorded 1 samples, mean = 0.0 (flags = 0x41)
0  -O                                                                        (1 = 100.0%)
1  ... 

Histogram: Extensions.LoadAppUser recorded 1 samples, mean = 0.0 (flags = 0x41)
0  -O                                                                        (1 = 100.0%)
1  ... 

Histogram: Extensions.LoadAppUser2 recorded 1 samples, mean = 0.0 (flags = 0x41)
0  -O                                                                        (1 = 100.0%)
1  ... 

Histogram: Extensions.LoadBrowserAction recorded 1 samples, mean = 0.0 (flags = 0x41)
0  -O                                                                        (1 = 100.0%)
1  ... 

Histogram: Extensions.LoadBrowserAction2 recorded 1 samples, mean = 0.0 (flags = 0x41)
0  -O                                                                        (1 = 100.0%)
1  ... 

Histogram: Extensions.LoadExtension recorded 1 samples, mean = 0.0 (flags = 0x41)
0  -O                                                                        (1 = 100.0%)
1  ... 

Histogram: Extensions.LoadExtension2 recorded 1 samples, mean = 0.0 (flags = 0x41)
0  -O                                                                        (1 = 100.0%)
1  ... 

Histogram: Extensions.LoadExtensionExternal recorded 1 samples, mean = 0.0 (flags = 0x41)
0  -O                                                                        (1 = 100.0%)
1  ... 

Histogram: Extensions.LoadExtensionExternal2 recorded 1 samples, mean = 0.0 (flags = 0x41)
0  -O                                                                        (1 = 100.0%)
1  ... 

Histogram: Extensions.LoadExtensionUser2 recorded 1 samples, mean = 0.0 (flags = 0x41)
0  -O                                                                        (1 = 100.0%)
1  ... 

Histogram: Extensions.LoadHostedApp recorded 1 samples, mean = 0.0 (flags = 0x41)
0  -O                                                                        (1 = 100.0%)
1  ... 

Histogram: Extensions.LoadHostedApp2 recorded 1 samples, mean = 0.0 (flags = 0x41)
0  -O                                                                        (1 = 100.0%)
1  ... 

Histogram: Extensions.LoadNoExtensionAction recorded 1 samples, mean = 0.0 (flags = 0x41)
0  -O                                                                        (1 = 100.0%)
1  ... 

Histogram: Extensions.LoadNoExtensionAction2 recorded 1 samples, mean = 0.0 (flags = 0x41)
0  -O                                                                        (1 = 100.0%)
1  ... 

Histogram: Extensions.LoadOffStoreItems recorded 1 samples, mean = 0.0 (flags = 0x41)
0  -O                                                                        (1 = 100.0%)
1  ... 

Histogram: Extensions.LoadOffStoreItems2 recorded 1 samples, mean = 0.0 (flags = 0x41)
0  -O                                                                        (1 = 100.0%)
1  ... 

Histogram: Extensions.LoadPackagedApp recorded 1 samples, mean = 0.0 (flags = 0x41)
0  -O                                                                        (1 = 100.0%)
1  ... 

Histogram: Extensions.LoadPackagedApp2 recorded 1 samples, mean = 0.0 (flags = 0x41)
0  -O                                                                        (1 = 100.0%)
1  ... 

Histogram: Extensions.LoadPlatformApp recorded 1 samples, mean = 0.0 (flags = 0x41)
0  -O                                                                        (1 = 100.0%)
1  ... 

Histogram: Extensions.LoadPlatformApp2 recorded 1 samples, mean = 0.0 (flags = 0x41)
0  -O                                                                        (1 = 100.0%)
1  ... 

Histogram: Extensions.LoadTheme recorded 1 samples, mean = 0.0 (flags = 0x41)
0  -O                                                                        (1 = 100.0%)
1  ... 

Histogram: Extensions.LoadTheme2 recorded 1 samples, mean = 0.0 (flags = 0x41)
0  -O                                                                        (1 = 100.0%)
1  ... 

Histogram: Extensions.LoadUserScript recorded 1 samples, mean = 0.0 (flags = 0x41)
0  -O                                                                        (1 = 100.0%)
1  ... 

Histogram: Extensions.LoadUserScript2 recorded 1 samples, mean = 0.0 (flags = 0x41)
0  -O                                                                        (1 = 100.0%)
1  ... 

Histogram: Extensions.Management_Refresh recorded 1 samples, mean = 0.0 (flags = 0x41)
0  -O                                                                        (1 = 100.0%)
1  ... 

Histogram: Extensions.ManifestVersion2Count.Component recorded 1 samples, mean = 1.0 (flags = 0x41)
0  O                                                                         (0 = 0.0%)
1  -O                                                                        (1 = 100.0%) {0.0%}
2  ... 

Histogram: Extensions.ManifestVersion2Count.External recorded 1 samples, mean = 0.0 (flags = 0x41)
0  -O                                                                        (1 = 100.0%)
1  ... 

Histogram: Extensions.ManifestVersion2Count.Internal recorded 1 samples, mean = 0.0 (flags = 0x41)
0  -O                                                                        (1 = 100.0%)
1  ... 

Histogram: Extensions.ManifestVersion2Count.Policy recorded 1 samples, mean = 0.0 (flags = 0x41)
0  -O                                                                        (1 = 100.0%)
1  ... 

Histogram: Extensions.ManifestVersion2Count.Unpacked recorded 1 samples, mean = 0.0 (flags = 0x41)
0  -O                                                                        (1 = 100.0%)
1  ... 

Histogram: Extensions.ManifestVersion3Count.Component recorded 1 samples, mean = 0.0 (flags = 0x41)
0  -O                                                                        (1 = 100.0%)
1  ... 

Histogram: Extensions.ManifestVersion3Count.External recorded 1 samples, mean = 0.0 (flags = 0x41)
0  -O                                                                        (1 = 100.0%)
1  ... 

Histogram: Extensions.ManifestVersion3Count.Internal recorded 1 samples, mean = 0.0 (flags = 0x41)
0  -O                                                                        (1 = 100.0%)
1  ... 

Histogram: Extensions.ManifestVersion3Count.Policy recorded 1 samples, mean = 0.0 (flags = 0x41)
0  -O                                                                        (1 = 100.0%)
1  ... 

Histogram: Extensions.ManifestVersion3Count.Unpacked recorded 1 samples, mean = 0.0 (flags = 0x41)
0  -O                                                                        (1 = 100.0%)
1  ... 

Histogram: Extensions.ManifestVersionByLocation.Component recorded 1 samples, mean = 2.0 (flags = 0x41)
0  ... 
2  -O                                                                        (1 = 100.0%) {0.0%}
3  ... 

Histogram: Extensions.ManifestVersionPopulationSplit.Component recorded 1 samples, mean = 1.0 (flags = 0x41)
0  O                                                                         (0 = 0.0%)
1  -O                                                                        (1 = 100.0%) {0.0%}
2  ... 

Histogram: Extensions.ManifestVersionPopulationSplit.External recorded 1 samples, mean = 0.0 (flags = 0x41)
0  -O                                                                        (1 = 100.0%)
1  ... 

Histogram: Extensions.ManifestVersionPopulationSplit.Internal recorded 1 samples, mean = 0.0 (flags = 0x41)
0  -O                                                                        (1 = 100.0%)
1  ... 

Histogram: Extensions.ManifestVersionPopulationSplit.InternalAndExternal recorded 1 samples, mean = 0.0 (flags = 0x41)
0  -O                                                                        (1 = 100.0%)
1  ... 

Histogram: Extensions.ManifestVersionPopulationSplit.Unpacked recorded 1 samples, mean = 0.0 (flags = 0x41)
0  -O                                                                        (1 = 100.0%)
1  ... 

Histogram: Extensions.NewTabPageOverrides recorded 1 samples, mean = 0.0 (flags = 0x41)
0  -O                                                                        (1 = 100.0%)
1  ... 

Histogram: Extensions.NewTabPageOverrides2 recorded 1 samples, mean = 0.0 (flags = 0x41)
0  -O                                                                        (1 = 100.0%)
1  ... 

Histogram: Extensions.NonWebStoreNewTabPageOverrides recorded 1 samples, mean = 0.0 (flags = 0x41)
0  -O                                                                        (1 = 100.0%)
1  ... 

Histogram: Extensions.NonWebStoreNewTabPageOverrides2 recorded 1 samples, mean = 0.0 (flags = 0x41)
0  -O                                                                        (1 = 100.0%)
1  ... 

Histogram: Extensions.NonWebstoreLocation recorded 2 samples, mean = 5.0 (flags = 0x41)
0  ... 
5  --O                                                                       (2 = 100.0%) {0.0%}
6  ... 

Histogram: Extensions.NonWebstoreLocation2 recorded 2 samples, mean = 5.0 (flags = 0x41)
0  ... 
5  --O                                                                       (2 = 100.0%) {0.0%}
6  ... 

Histogram: Extensions.NonWebstoreLocationWithDeveloperModeOff.Enabled3 recorded 2 samples, mean = 5.0 (flags = 0x41)
0  ... 
5  --O                                                                       (2 = 100.0%) {0.0%}
6  ... 

Histogram: Extensions.NotAllowlistedDisabled recorded 1 samples, mean = 0.0 (flags = 0x41)
0  -O                                                                        (1 = 100.0%)
1  ... 

Histogram: Extensions.NotAllowlistedDisabled2 recorded 1 samples, mean = 0.0 (flags = 0x41)
0  -O                                                                        (1 = 100.0%)
1  ... 

Histogram: Extensions.NotAllowlistedEnabled recorded 1 samples, mean = 0.0 (flags = 0x41)
0  -O                                                                        (1 = 100.0%)
1  ... 

Histogram: Extensions.NotAllowlistedEnabled2 recorded 1 samples, mean = 0.0 (flags = 0x41)
0  -O                                                                        (1 = 100.0%)
1  ... 

Histogram: Extensions.ProcessManagerStartupHostsTime2 recorded 1 samples, mean = 0.0 (flags = 0x41)
0  -O                                                                        (1 = 100.0%)
1  ... 

Histogram: Extensions.SandboxUnpackSuccess recorded 1 samples, mean = 1.0 (flags = 0x41)
0  O                                                                         (0 = 0.0%)
1  -O                                                                        (1 = 100.0%) {0.0%}
2  ... 

Histogram: Extensions.SearchEngineOverrides recorded 1 samples, mean = 0.0 (flags = 0x41)
0  -O                                                                        (1 = 100.0%)
1  ... 

Histogram: Extensions.SearchEngineOverrides2 recorded 1 samples, mean = 0.0 (flags = 0x41)
0  -O                                                                        (1 = 100.0%)
1  ... 

Histogram: Extensions.ServiceWorkerBackground.WorkerUnregistrationState recorded 1 samples, mean = 0.0 (flags = 0x41)
0  -O                                                                        (1 = 100.0%)
1  ... 

Histogram: Extensions.ServiceWorkerBackground.WorkerUnregistrationState_AddExtension recorded 1 samples, mean = 0.0 (flags = 0x41)
0  -O                                                                        (1 = 100.0%)
1  ... 

Histogram: Extensions.StartupPagesOverrides recorded 1 samples, mean = 0.0 (flags = 0x41)
0  -O                                                                        (1 = 100.0%)
1  ... 

Histogram: Extensions.StartupPagesOverrides2 recorded 1 samples, mean = 0.0 (flags = 0x41)
0  -O                                                                        (1 = 100.0%)
1  ... 

Histogram: Extensions.WebRequestBlockingCount recorded 1 samples, mean = 0.0 (flags = 0x41)
0  -O                                                                        (1 = 100.0%)
1  ... 

Histogram: Extensions.WebRequestBlockingCount2 recorded 1 samples, mean = 0.0 (flags = 0x41)
0  -O                                                                        (1 = 100.0%)
1  ... 

Histogram: Extensions.WebRequestCount recorded 1 samples, mean = 0.0 (flags = 0x41)
0  -O                                                                        (1 = 100.0%)
1  ... 

Histogram: Extensions.WebRequestCount2 recorded 1 samples, mean = 0.0 (flags = 0x41)
0  -O                                                                        (1 = 100.0%)
1  ... 

Histogram: FetchKeepAlive.Renderer.Total.ReceivedResponse recorded 2 samples, mean = 1.0 (flags = 0x41)
0  O                                                                         (0 = 0.0%)
1  --O                                                                       (2 = 100.0%) {0.0%}
2  O                                                                         (0 = 0.0%) {100.0%}

Histogram: FetchKeepAlive.Renderer.Total.Started recorded 2 samples, mean = 1.0 (flags = 0x41)
0  O                                                                         (0 = 0.0%)
1  --O                                                                       (2 = 100.0%) {0.0%}
2  O                                                                         (0 = 0.0%) {100.0%}

Histogram: FetchKeepAlive.Requests2.Network recorded 4 samples, mean = 0.5 (flags = 0x41)
0  --O                                                                       (2 = 50.0%)
1  --O                                                                       (2 = 50.0%) {50.0%}
2  O                                                                         (0 = 0.0%) {100.0%}

Histogram: FetchKeepAlive.Requests2.SentToService.Renderer recorded 2 samples, mean = 2.0 (flags = 0x41)
0  ... 
2  --O                                                                       (2 = 100.0%) {0.0%}
3  ... 

Histogram: FetchKeepAlive.Requests2.Started.IsContextDetached.Renderer recorded 2 samples, mean = 0.0 (flags = 0x41)
0  --O                                                                       (2 = 100.0%)
1  ... 

Histogram: FetchKeepAlive.Requests2.Started.Renderer recorded 2 samples, mean = 1.0 (flags = 0x41)
0  O                                                                         (0 = 0.0%)
1  --O                                                                       (2 = 100.0%) {0.0%}
2  ... 

Histogram: FetchKeepAlive.Requests2.Succeeded.IsContextDetached.Renderer recorded 2 samples, mean = 0.0 (flags = 0x41)
0  --O                                                                       (2 = 100.0%)
1  ... 

Histogram: FetchKeepAlive.Requests2.Succeeded.Renderer recorded 2 samples, mean = 1.0 (flags = 0x41)
0  O                                                                         (0 = 0.0%)
1  --O                                                                       (2 = 100.0%) {0.0%}
2  ... 

Histogram: FetchKeepAlive.Requests2.Total.Renderer recorded 2 samples, mean = 1.0 (flags = 0x41)
0  O                                                                         (0 = 0.0%)
1  --O                                                                       (2 = 100.0%) {0.0%}
2  ... 

Histogram: FirstPartySets.Database.InitStatus recorded 1 samples, mean = 1.0 (flags = 0x41)
0  O                                                                         (0 = 0.0%)
1  -O                                                                        (1 = 100.0%) {0.0%}
2  ... 

Histogram: FirstPartySets.Database.TransactionFailed recorded 7 samples, mean = 0.0 (flags = 0x41)
0  -------O                                                                  (7 = 100.0%)
1  ... 

Histogram: FirstPartySets.Initialization.ClearSiteDataOutcome recorded 1 samples, mean = 1.0 (flags = 0x41)
0  O                                                                         (0 = 0.0%)
1  -O                                                                        (1 = 100.0%) {0.0%}
2  O                                                                         (0 = 0.0%) {100.0%}

Histogram: FirstPartySets.Initialization.SitesToClear.Count recorded 1 samples, mean = 0.0 (flags = 0x41)
0  -O                                                                        (1 = 100.0%)
1  ... 

Histogram: GCM.DelayedTaskControlledReadyTime recorded 1 samples, mean = 8321.0 (flags = 0x41)
0     ... 
8000  -O                                                                        (1 = 100.0%) {0.0%}
10165 ... 

Histogram: GPU.ANGLE.D3DShaderBlobSizeKB recorded 4 samples, mean = 0.5 (flags = 0x41)
0  ----O                                                                     (4 = 100.0%)
1000... 

Histogram: GPU.ANGLE.D3DShaderCompilationTimeUs recorded 4 samples, mean = 4602.2 (flags = 0x41)
0     ... 
2336  -O                                                                        (1 = 25.0%) {0.0%}
3077  O                                                                         (0 = 0.0%) {25.0%}
4053  --O                                                                       (2 = 50.0%) {25.0%}
5338  -O                                                                        (1 = 25.0%) {75.0%}
7031  ... 

Histogram: GPU.BlocklistFeatureTestResults.Accelerated2dCanvas recorded 1 samples, mean = 0.0 (flags = 0x41)
0  -O                                                                        (1 = 100.0%)
1  ... 

Histogram: GPU.BlocklistFeatureTestResults.GpuCompositing recorded 1 samples, mean = 0.0 (flags = 0x41)
0  -O                                                                        (1 = 100.0%)
1  ... 

Histogram: GPU.BlocklistFeatureTestResults.GpuRasterization recorded 1 samples, mean = 0.0 (flags = 0x41)
0  -O                                                                        (1 = 100.0%)
1  ... 

Histogram: GPU.BlocklistFeatureTestResults.Webgl recorded 1 samples, mean = 0.0 (flags = 0x41)
0  -O                                                                        (1 = 100.0%)
1  ... 

Histogram: GPU.BlocklistFeatureTestResults.Webgl2 recorded 1 samples, mean = 0.0 (flags = 0x41)
0  -O                                                                        (1 = 100.0%)
1  ... 

Histogram: GPU.BlocklistFeatureTestResults.Webgpu recorded 1 samples, mean = 2.0 (flags = 0x41)
0  ... 
2  -O                                                                        (1 = 100.0%) {0.0%}
3  ... 

Histogram: GPU.BlocklistTestResultsPerEntry recorded 1 samples, mean = 0.0 (flags = 0x41)
0  -O                                                                        (1 = 100.0%)
1  ... 

Histogram: GPU.CanvasOopRaster.OopRasterAndGpuAcceleration recorded 1 samples, mean = 0.0 (flags = 0x41)
0  -O                                                                        (1 = 100.0%)
1  ... 

Histogram: GPU.CompositingMode recorded 8 samples, mean = 1.0 (flags = 0x41)
0  O                                                                         (0 = 0.0%)
1  --------O                                                                 (8 = 100.0%) {0.0%}
2  ... 

Histogram: GPU.D3D12FeatureLevel recorded 1 samples, mean = 2.0 (flags = 0x41)
0  ... 
2  -O                                                                        (1 = 100.0%) {0.0%}
3  ... 

Histogram: GPU.D3D12HighestShaderModel2 recorded 1 samples, mean = 8.0 (flags = 0x41)
0  ... 
8  -O                                                                        (1 = 100.0%) {0.0%}
9  ... 

Histogram: GPU.DriverBugTestResultsPerEntry recorded 12 samples (flags = 0x41)
0    -O                                                                        (1 = 8.3%)
17   -O                                                                        (1 = 8.3%)
165  -O                                                                        (1 = 8.3%)
206  -O                                                                        (1 = 8.3%)
256  -O                                                                        (1 = 8.3%)
315  -O                                                                        (1 = 8.3%)
403  -O                                                                        (1 = 8.3%)
419  -O                                                                        (1 = 8.3%)
426  -O                                                                        (1 = 8.3%)
430  -O                                                                        (1 = 8.3%)
431  -O                                                                        (1 = 8.3%)
432  -O                                                                        (1 = 8.3%)

Histogram: GPU.EstablishGpuChannelSyncTime recorded 2 samples, mean = 1661.5 (flags = 0x41)
0     ... 
68    -O                                                                        (1 = 50.0%) {0.0%}
81    ... 
2990  -O                                                                        (1 = 50.0%) {50.0%}
3553  ... 

Histogram: GPU.EstablishGpuChannelSyncTime.FirstRun recorded 2 samples, mean = 1661.5 (flags = 0x41)
0     ... 
68    -O                                                                        (1 = 50.0%) {0.0%}
81    ... 
2990  -O                                                                        (1 = 50.0%) {50.0%}
3553  ... 

Histogram: GPU.GPUProcessLaunchTime recorded 2 samples, mean = 2173.5 (flags = 0x41)
0     ... 
318   -O                                                                        (1 = 50.0%) {0.0%}
378   ... 
3553  -O                                                                        (1 = 50.0%) {50.0%}
4222  ... 

Histogram: GPU.GPUProcessTerminationStatus2 recorded 1 samples, mean = 4.0 (flags = 0x41)
0  ... 
4  -O                                                                        (1 = 100.0%) {0.0%}
5  ... 

Histogram: GPU.HardwareAccelerationModeEnabled recorded 1 samples, mean = 1.0 (flags = 0x41)
0  O                                                                         (0 = 0.0%)
1  -O                                                                        (1 = 100.0%) {0.0%}
2  O                                                                         (0 = 0.0%) {100.0%}

Histogram: GPU.MultiGpu.Nvidia recorded 1 samples (flags = 0x41)
9632  -O                                                                        (1 = 100.0%)

Histogram: GPU.ProcessLifetimeEvents.HardwareAccelerated recorded 1 samples, mean = 0.0 (flags = 0x41)
0  -O                                                                        (1 = 100.0%)
1  ... 

Histogram: GPU.RasterDecoder.TimeToFlush recorded 9 samples, mean = 486.9 (flags = 0x41)
0     ... 
148   -O                                                                        (1 = 11.1%) {0.0%}
168   --O                                                                       (2 = 22.2%) {11.1%}
191   -O                                                                        (1 = 11.1%) {33.3%}
217   ... 
414   -O                                                                        (1 = 11.1%) {44.4%}
471   O                                                                         (0 = 0.0%) {55.6%}
536   -O                                                                        (1 = 11.1%) {55.6%}
610   -O                                                                        (1 = 11.1%) {66.7%}
695   O                                                                         (0 = 0.0%) {77.8%}
791   -O                                                                        (1 = 11.1%) {77.8%}
901   O                                                                         (0 = 0.0%) {88.9%}
1026  -O                                                                        (1 = 11.1%) {88.9%}
1168  ... 

Histogram: GPU.SharedImage.BackingType recorded 6 samples, mean = 8.7 (flags = 0x41)
0   ... 
2   --O                                                                       (2 = 33.3%) {0.0%}
3   ... 
12  ----O                                                                     (4 = 66.7%) {33.3%}
13  ... 

Histogram: GPU.SharedImage.ContentConsumed recorded 39 samples, mean = 0.5 (flags = 0x41)
0  --------------------O                                                     (20 = 51.3%)
1  -------------------O                                                      (19 = 48.7%) {51.3%}
2  O                                                                         (0 = 0.0%) {100.0%}

Histogram: GPU.SkiaBackendType recorded 1 samples, mean = 2.0 (flags = 0x41)
0  ... 
2  -O                                                                        (1 = 100.0%) {0.0%}
3  ... 

Histogram: GPU.SupportsDX12 recorded 1 samples, mean = 1.0 (flags = 0x41)
0  O                                                                         (0 = 0.0%)
1  -O                                                                        (1 = 100.0%) {0.0%}
2  O                                                                         (0 = 0.0%) {100.0%}

Histogram: GPU.WatchdogThread.Event recorded 1 samples, mean = 0.0 (flags = 0x41)
0  -O                                                                        (1 = 100.0%)
1  ... 

Histogram: GPU.WatchdogThread.Event.main recorded 1 samples, mean = 0.0 (flags = 0x41)
0  -O                                                                        (1 = 100.0%)
1  ... 

Histogram: GPU.WatchdogThread.Timeout recorded 126 samples, mean = 0.0 (flags = 0x41)
0  ------------------------------------------------------------------------O (126 = 100.0%)
1  ... 

Histogram: GPU.WatchdogThread.Timeout.Normal recorded 126 samples, mean = 0.0 (flags = 0x41)
0  ------------------------------------------------------------------------O (126 = 100.0%)
1  ... 

Histogram: GPU.WatchdogThread.Timeout.Normal.main recorded 126 samples, mean = 0.0 (flags = 0x41)
0  ------------------------------------------------------------------------O (126 = 100.0%)
1  ... 

Histogram: GPU.WatchdogThread.Timeout.main recorded 126 samples, mean = 0.0 (flags = 0x41)
0  ------------------------------------------------------------------------O (126 = 100.0%)
1  ... 

Histogram: Gaia.AuthFetcher.ListAccounts.NetErrorCodes recorded 1 samples (flags = 0x41)
0  -O                                                                        (1 = 100.0%)

Histogram: Gpu.FenceHandle.CloneCountsPerSubmit recorded 12 samples, mean = 0.0 (flags = 0x41)
0  ------------O                                                             (12 = 100.0%)
1  ... 

Histogram: Gpu.GrCompileShaderUs recorded 4 samples, mean = 1163.2 (flags = 0x41)
0     ... 
590   -O                                                                        (1 = 25.0%) {0.0%}
777   O                                                                         (0 = 0.0%) {25.0%}
1023  --O                                                                       (2 = 50.0%) {25.0%}
1347  -O                                                                        (1 = 25.0%) {75.0%}
1774  ... 

Histogram: Gpu.GrLinkProgramUs recorded 2 samples, mean = 8112.5 (flags = 0x41)
0     ... 
7031  --O                                                                       (2 = 100.0%) {0.0%}
9260  ... 

Histogram: Gpu.PassthroughProgramCacheLoadHitInCache recorded 2 samples, mean = 0.0 (flags = 0x41)
0  --O                                                                       (2 = 100.0%)
1  ... 

Histogram: Gpu.Rasterization.Raster.MSAASampleCountLog2 recorded 9 samples, mean = 0.0 (flags = 0x41)
0  ---------O                                                                (9 = 100.0%)
1  ... 

Histogram: HangWatcher.IsThreadHung.BrowserProcess.IOThread.Normal recorded 254 samples, mean = 0.0 (flags = 0x41)
0  ------------------------------------------------------------------------O (254 = 100.0%)
1  ... 

Histogram: HangWatcher.IsThreadHung.BrowserProcess.UIThread.Normal recorded 254 samples, mean = 0.0 (flags = 0x41)
0  ------------------------------------------------------------------------O (254 = 100.0%)
1  ... 

Histogram: HangWatcher.IsThreadHung.RendererProcess.IOThread recorded 253 samples, mean = 0.0 (flags = 0x41)
0  ------------------------------------------------------------------------O (253 = 100.0%)
1  ... 

Histogram: HangWatcher.IsThreadHung.RendererProcess.IOThread.BestEffort recorded 253 samples, mean = 0.0 (flags = 0x41)
0  ------------------------------------------------------------------------O (253 = 100.0%)
1  ... 

Histogram: HangWatcher.IsThreadHung.RendererProcess.MainThread recorded 253 samples, mean = 0.0 (flags = 0x41)
0  ------------------------------------------------------------------------O (253 = 100.0%)
1  ... 

Histogram: HangWatcher.IsThreadHung.RendererProcess.MainThread.BestEffort recorded 253 samples, mean = 0.0 (flags = 0x41)
0  ------------------------------------------------------------------------O (253 = 100.0%)
1  ... 

Histogram: HangWatcher.IsThreadHung.UtilityProcess.IOThread recorded 508 samples, mean = 0.0 (flags = 0x41)
0  ------------------------------------------------------------------------O (508 = 100.0%)
1  ... 

Histogram: HangWatcher.IsThreadHung.UtilityProcess.MainThread recorded 508 samples, mean = 0.0 (flags = 0x41)
0  ------------------------------------------------------------------------O (508 = 100.0%)
1  ... 

Histogram: HangWatcher.SleepDrift.BrowserProcess recorded 1269 samples, mean = 6.0 (flags = 0x41)
0   ------------------------------------------------------------------------O (299 = 23.6%)
1   -------------------O                                                      (80 = 6.3%) {23.6%}
2   --------------------O                                                     (84 = 6.6%) {29.9%}
3   ----------------O                                                         (68 = 5.4%) {36.5%}
4   -------------------O                                                      (79 = 6.2%) {41.8%}
5   --------------O                                                           (58 = 4.6%) {48.1%}
6   -----------O                                                              (46 = 3.6%) {52.6%}
7   -----------O                                                              (47 = 3.7%) {56.3%}
8   ---------------------------O                                              (114 = 9.0%) {60.0%}
10  -----------------------------------O                                      (145 = 11.4%) {69.0%}
12  -------------------------------O                                          (127 = 10.0%) {80.4%}
14  -----------------------------O                                            (119 = 9.4%) {90.4%}
17  O                                                                         (2 = 0.2%) {99.8%}
20  ... 
96  O                                                                         (1 = 0.1%) {99.9%}
114 ... 

Histogram: Hardware.Display.Count.OnStartup recorded 1 samples, mean = 1.0 (flags = 0x41)
0  O                                                                         (0 = 0.0%)
1  -O                                                                        (1 = 100.0%) {0.0%}
2  ... 

Histogram: Hardware.Display.SupportsHDR recorded 1 samples, mean = 0.0 (flags = 0x41)
0  -O                                                                        (1 = 100.0%)
1  ... 

Histogram: HeapProfiling.InProcess.Enabled recorded 1 samples, mean = 0.0 (flags = 0x41)
0  -O                                                                        (1 = 100.0%)
1  ... 

Histogram: HeapProfiling.InProcess.Enabled.Browser recorded 1 samples, mean = 0.0 (flags = 0x41)
0  -O                                                                        (1 = 100.0%)
1  ... 

Histogram: Histogram.TooManyBuckets.1000 recorded 6 samples (flags = 0x41)
-2140283801 ---O                                                                      (3 = 50.0%)
1721222685  ---O                                                                      (3 = 50.0%)

Histogram: History.Backend.TransactionCommitSuccess recorded 3 samples, mean = 1.0 (flags = 0x41)
0  O                                                                         (0 = 0.0%)
1  ---O                                                                      (3 = 100.0%) {0.0%}
2  O                                                                         (0 = 0.0%) {100.0%}

Histogram: History.ClearBrowsingData.TaskQueueAtShutdown recorded 1 samples, mean = 0.0 (flags = 0x41)
0  -O                                                                        (1 = 100.0%)
1  ... 

Histogram: History.Clusters.ContextClusterer.ClusterCleanedUpBeforePersistence recorded 1 samples, mean = 0.0 (flags = 0x41)
0  -O                                                                        (1 = 100.0%)
1  ... 

Histogram: History.Clusters.ContextClusterer.DbLatency.AddVisitsToCluster recorded 3 samples, mean = 0.0 (flags = 0x41)
0  ---O                                                                      (3 = 100.0%)
1  ... 

Histogram: History.Clusters.ContextClusterer.DbLatency.ReserveNextClusterId recorded 1 samples, mean = 6.0 (flags = 0x41)
0  ... 
6  -O                                                                        (1 = 100.0%) {0.0%}
7  ... 

Histogram: History.Clusters.ContextClusterer.NumClusters.AtCleanUp recorded 4 samples, mean = 1.0 (flags = 0x41)
0  O                                                                         (0 = 0.0%)
1  ----O                                                                     (4 = 100.0%) {0.0%}
2  ... 

Histogram: History.Clusters.ContextClusterer.NumClusters.CleanedUp recorded 4 samples, mean = 0.0 (flags = 0x41)
0  ----O                                                                     (4 = 100.0%)
1  ... 

Histogram: History.Clusters.ContextClusterer.NumClusters.PostCleanUp recorded 4 samples, mean = 1.0 (flags = 0x41)
0  O                                                                         (0 = 0.0%)
1  ----O                                                                     (4 = 100.0%) {0.0%}
2  ... 

Histogram: History.Clusters.ContextClusterer.VisitProcessingLatency.CleanUpTimer recorded 4 samples, mean = 0.0 (flags = 0x41)
0  ----O                                                                     (4 = 100.0%)
1  ... 

Histogram: History.Clusters.ContextClusterer.VisitProcessingLatency.UrlVisited recorded 5 samples, mean = 0.2 (flags = 0x41)
0  ----O                                                                     (4 = 80.0%)
1  -O                                                                        (1 = 20.0%) {80.0%}
2  ... 

Histogram: History.Clusters.JourneysEligibleAndEnabledAtSessionStart recorded 1 samples, mean = 1.0 (flags = 0x41)
0  O                                                                         (0 = 0.0%)
1  -O                                                                        (1 = 100.0%) {0.0%}
2  O                                                                         (0 = 0.0%) {100.0%}

Histogram: History.Clusters.KeywordCache.LoadCachesFromPrefs.Latency recorded 1 samples, mean = 0.0 (flags = 0x41)
0  -O                                                                        (1 = 100.0%)
1  ... 

Histogram: History.InMemoryDBItemCount recorded 1 samples, mean = 2.0 (flags = 0x41)
0  ... 
2  -O                                                                        (1 = 100.0%) {0.0%}
3  ... 

Histogram: History.TopSites.QueryFromHistoryTime recorded 1 samples, mean = 45.0 (flags = 0x41)
0   ... 
40  -O                                                                        (1 = 100.0%) {0.0%}
48  ... 

Histogram: History.VisitedLinks.HashTableLengthOnReaderInit recorded 3 samples, mean = 16381.0 (flags = 0x41)
0      ... 
14319  ---O                                                                      (3 = 100.0%) {0.0%}
19866  ... 

Histogram: History.VisitedLinks.HashTableSizeOnTableCreate recorded 2 samples, mean = 0.0 (flags = 0x41)
0  --O                                                                       (2 = 100.0%)
1  ... 

Histogram: History.VisitedLinks.HashTableUsageOnLinkAdded recorded 5 samples, mean = 1.6 (flags = 0x41)
0  -O                                                                        (1 = 20.0%)
1  O                                                                         (0 = 0.0%) {20.0%}
2  ----O                                                                     (4 = 80.0%) {20.0%}
3  ... 

Histogram: History.VisitedLinks.TryToAddFingerprint recorded 6 samples, mean = 0.8 (flags = 0x41)
0  -O                                                                        (1 = 16.7%)
1  -----O                                                                    (5 = 83.3%) {16.7%}
2  ... 

Histogram: History.VisitedLinks.VisitLoggedFromMainFrame recorded 5 samples, mean = 1.0 (flags = 0x41)
0  O                                                                         (0 = 0.0%)
1  -----O                                                                    (5 = 100.0%) {0.0%}
2  O                                                                         (0 = 0.0%) {100.0%}

Histogram: History.VisitedLinks.VisitLoggedFromTransition recorded 5 samples, mean = 1.6 (flags = 0x41)
0  O                                                                         (0 = 0.0%)
1  --O                                                                       (2 = 40.0%) {0.0%}
2  ---O                                                                      (3 = 60.0%) {40.0%}
3  ... 

Histogram: HttpCache.AccessToDone2 recorded 59 samples, mean = 121.4 (flags = 0x41)
0    O                                                                         (0 = 0.0%)
1    ---O                                                                      (3 = 5.1%) {0.0%}
2    --O                                                                       (2 = 3.4%) {5.1%}
3    O                                                                         (0 = 0.0%) {8.5%}
4    -O                                                                        (1 = 1.7%) {8.5%}
5    --O                                                                       (2 = 3.4%) {10.2%}
6    ---O                                                                      (3 = 5.1%) {13.6%}
7    ----O                                                                     (4 = 6.8%) {18.6%}
8    O                                                                         (0 = 0.0%) {25.4%}
9    -O                                                                        (1 = 1.7%) {25.4%}
10   -O                                                                        (1 = 1.7%) {27.1%}
11   ... 
14   -O                                                                        (1 = 1.7%) {28.8%}
15   --O                                                                       (2 = 3.4%) {30.5%}
16   ---O                                                                      (3 = 5.1%) {33.9%}
18   --O                                                                       (2 = 3.4%) {39.0%}
20   -O                                                                        (1 = 1.7%) {42.4%}
22   ---O                                                                      (3 = 5.1%) {44.1%}
24   -O                                                                        (1 = 1.7%) {49.2%}
26   --O                                                                       (2 = 3.4%) {50.8%}
28   ---O                                                                      (3 = 5.1%) {54.2%}
31   -O                                                                        (1 = 1.7%) {59.3%}
34   -O                                                                        (1 = 1.7%) {61.0%}
37   -O                                                                        (1 = 1.7%) {62.7%}
41   ... 
85   -O                                                                        (1 = 1.7%) {64.4%}
93   ... 
135  -O                                                                        (1 = 1.7%) {66.1%}
148  ---O                                                                      (3 = 5.1%) {67.8%}
162  --O                                                                       (2 = 3.4%) {72.9%}
177  --O                                                                       (2 = 3.4%) {76.3%}
194  --O                                                                       (2 = 3.4%) {79.7%}
212  -O                                                                        (1 = 1.7%) {83.1%}
232  -O                                                                        (1 = 1.7%) {84.7%}
254  O                                                                         (0 = 0.0%) {86.4%}
278  -O                                                                        (1 = 1.7%) {86.4%}
304  O                                                                         (0 = 0.0%) {88.1%}
333  -O                                                                        (1 = 1.7%) {88.1%}
364  O                                                                         (0 = 0.0%) {89.8%}
398  -O                                                                        (1 = 1.7%) {89.8%}
436  -O                                                                        (1 = 1.7%) {91.5%}
477  O                                                                         (0 = 0.0%) {93.2%}
522  -O                                                                        (1 = 1.7%) {93.2%}
571  -O                                                                        (1 = 1.7%) {94.9%}
625  -O                                                                        (1 = 1.7%) {96.6%}
684  ... 
979  -O                                                                        (1 = 1.7%) {98.3%}
1071 ... 

Histogram: HttpCache.AccessToDone2.SentRequest recorded 20 samples, mean = 325.2 (flags = 0x41)
0    ... 
135  -O                                                                        (1 = 5.0%) {0.0%}
148  ---O                                                                      (3 = 15.0%) {5.0%}
162  --O                                                                       (2 = 10.0%) {20.0%}
177  --O                                                                       (2 = 10.0%) {30.0%}
194  --O                                                                       (2 = 10.0%) {40.0%}
212  -O                                                                        (1 = 5.0%) {50.0%}
232  -O                                                                        (1 = 5.0%) {55.0%}
254  O                                                                         (0 = 0.0%) {60.0%}
278  -O                                                                        (1 = 5.0%) {60.0%}
304  O                                                                         (0 = 0.0%) {65.0%}
333  -O                                                                        (1 = 5.0%) {65.0%}
364  O                                                                         (0 = 0.0%) {70.0%}
398  -O                                                                        (1 = 5.0%) {70.0%}
436  -O                                                                        (1 = 5.0%) {75.0%}
477  O                                                                         (0 = 0.0%) {80.0%}
522  -O                                                                        (1 = 5.0%) {80.0%}
571  -O                                                                        (1 = 5.0%) {85.0%}
625  -O                                                                        (1 = 5.0%) {90.0%}
684  ... 
979  -O                                                                        (1 = 5.0%) {95.0%}
1071 ... 

Histogram: HttpCache.AccessToDone2.Used recorded 39 samples, mean = 16.9 (flags = 0x41)
0   O                                                                         (0 = 0.0%)
1   ---O                                                                      (3 = 7.7%) {0.0%}
2   --O                                                                       (2 = 5.1%) {7.7%}
3   O                                                                         (0 = 0.0%) {12.8%}
4   -O                                                                        (1 = 2.6%) {12.8%}
5   --O                                                                       (2 = 5.1%) {15.4%}
6   ---O                                                                      (3 = 7.7%) {20.5%}
7   ----O                                                                     (4 = 10.3%) {28.2%}
8   O                                                                         (0 = 0.0%) {38.5%}
9   -O                                                                        (1 = 2.6%) {38.5%}
10  -O                                                                        (1 = 2.6%) {41.0%}
11  ... 
14  -O                                                                        (1 = 2.6%) {43.6%}
15  --O                                                                       (2 = 5.1%) {46.2%}
16  O                                                                         (0 = 0.0%) {51.3%}
17  ---O                                                                      (3 = 7.7%) {51.3%}
18  -O                                                                        (1 = 2.6%) {59.0%}
19  -O                                                                        (1 = 2.6%) {61.5%}
20  O                                                                         (0 = 0.0%) {64.1%}
21  -O                                                                        (1 = 2.6%) {64.1%}
22  ---O                                                                      (3 = 7.7%) {66.7%}
23  -O                                                                        (1 = 2.6%) {74.4%}
25  -O                                                                        (1 = 2.6%) {76.9%}
27  ---O                                                                      (3 = 7.7%) {79.5%}
29  -O                                                                        (1 = 2.6%) {87.2%}
31  O                                                                         (0 = 0.0%) {89.7%}
33  --O                                                                       (2 = 5.1%) {89.7%}
35  O                                                                         (0 = 0.0%) {94.9%}
37  -O                                                                        (1 = 2.6%) {94.9%}
39  ... 
85  -O                                                                        (1 = 2.6%) {97.4%}
91  ... 

Histogram: HttpCache.AddTransactionToEntry recorded 59 samples, mean = 0.0 (flags = 0x41)
0  -----------------------------------------------------------O              (59 = 100.0%)
1  ... 

Histogram: HttpCache.BeforeSend recorded 20 samples, mean = 2.7 (flags = 0x41)
0   ------------O                                                             (12 = 60.0%)
1   ----O                                                                     (4 = 20.0%) {60.0%}
2   --O                                                                       (2 = 10.0%) {80.0%}
3   ... 
10  -O                                                                        (1 = 5.0%) {90.0%}
12  ... 
34  -O                                                                        (1 = 5.0%) {95.0%}
40  ... 

Histogram: HttpCache.BeforeSend.CantConditionalize recorded 5 samples, mean = 2.4 (flags = 0x41)
0   ---O                                                                      (3 = 60.0%)
1   O                                                                         (0 = 0.0%) {60.0%}
2   -O                                                                        (1 = 20.0%) {60.0%}
3   ... 
10  -O                                                                        (1 = 20.0%) {80.0%}
12  ... 

Histogram: HttpCache.BeforeSend.NotCached recorded 10 samples, mean = 3.8 (flags = 0x41)
0   -------O                                                                  (7 = 70.0%)
1   --O                                                                       (2 = 20.0%) {70.0%}
2   ... 
34  -O                                                                        (1 = 10.0%) {90.0%}
40  ... 

Histogram: HttpCache.BeforeSend.Updated recorded 1 samples, mean = 2.0 (flags = 0x41)
0  ... 
2  -O                                                                        (1 = 100.0%) {0.0%}
3  ... 

Histogram: HttpCache.BeforeSend.Validated recorded 4 samples, mean = 0.5 (flags = 0x41)
0  --O                                                                       (2 = 50.0%)
1  --O                                                                       (2 = 50.0%) {50.0%}
2  ... 

Histogram: HttpCache.CreateDiskEntry recorded 10 samples, mean = 3.8 (flags = 0x41)
0   -------O                                                                  (7 = 70.0%)
1   --O                                                                       (2 = 20.0%) {70.0%}
2   ... 
34  -O                                                                        (1 = 10.0%) {90.0%}
40  ... 

Histogram: HttpCache.HardReset recorded 1 samples, mean = 0.0 (flags = 0x40)
0  -O                                                                        (1 = 100.0%)
1  ... 

Histogram: HttpCache.IsNoStore recorded 59 samples, mean = 0.2 (flags = 0x41)
0  -------------------------------------------------O                        (49 = 83.1%)
1  ----------O                                                               (10 = 16.9%) {83.1%}
2  O                                                                         (0 = 0.0%) {100.0%}

Histogram: HttpCache.IsNoStore.MainFrameHTML recorded 2 samples, mean = 1.0 (flags = 0x41)
0  O                                                                         (0 = 0.0%)
1  --O                                                                       (2 = 100.0%) {0.0%}
2  O                                                                         (0 = 0.0%) {100.0%}

Histogram: HttpCache.MaxFileSizeOnInit recorded 1 samples, mean = 40960.0 (flags = 0x41)
0      ... 
37526  -O                                                                        (1 = 100.0%) {0.0%}
42713  ... 

Histogram: HttpCache.OpenDiskEntry recorded 49 samples, mean = 0.3 (flags = 0x41)
0  --------------------------------------------O                             (44 = 89.8%)
1  --O                                                                       (2 = 4.1%) {89.8%}
2  -O                                                                        (1 = 2.0%) {93.9%}
3  -O                                                                        (1 = 2.0%) {95.9%}
4  ... 
8  -O                                                                        (1 = 2.0%) {98.0%}
10 ... 

Histogram: HttpCache.Pattern recorded 59 samples, mean = 3.2 (flags = 0x41)
0  ... 
2  ----------O                                                               (10 = 16.9%) {0.0%}
3  ---------------------------------------O                                  (39 = 66.1%) {16.9%}
4  ----O                                                                     (4 = 6.8%) {83.1%}
5  -O                                                                        (1 = 1.7%) {89.8%}
6  -----O                                                                    (5 = 8.5%) {91.5%}
7  O                                                                         (0 = 0.0%) {100.0%}

Histogram: HttpCache.Pattern.CSS recorded 8 samples, mean = 3.1 (flags = 0x41)
0  ... 
3  -------O                                                                  (7 = 87.5%) {0.0%}
4  -O                                                                        (1 = 12.5%) {87.5%}
5  ... 

Histogram: HttpCache.Pattern.CSSThirdParty recorded 8 samples, mean = 3.1 (flags = 0x41)
0  ... 
3  -------O                                                                  (7 = 87.5%) {0.0%}
4  -O                                                                        (1 = 12.5%) {87.5%}
5  ... 

Histogram: HttpCache.Pattern.Font recorded 5 samples, mean = 3.0 (flags = 0x41)
0  ... 
3  -----O                                                                    (5 = 100.0%) {0.0%}
4  ... 

Histogram: HttpCache.Pattern.FontThirdParty recorded 5 samples, mean = 3.0 (flags = 0x41)
0  ... 
3  -----O                                                                    (5 = 100.0%) {0.0%}
4  ... 

Histogram: HttpCache.Pattern.Image recorded 3 samples, mean = 2.7 (flags = 0x41)
0  ... 
2  --O                                                                       (2 = 66.7%) {0.0%}
3  O                                                                         (0 = 0.0%) {66.7%}
4  -O                                                                        (1 = 33.3%) {66.7%}
5  ... 

Histogram: HttpCache.Pattern.JavaScript recorded 26 samples, mean = 3.1 (flags = 0x41)
0  ... 
3  -------------------------O                                                (25 = 96.2%) {0.0%}
4  O                                                                         (0 = 0.0%) {96.2%}
5  -O                                                                        (1 = 3.8%) {96.2%}
6  ... 

Histogram: HttpCache.Pattern.JavaScriptThirdParty recorded 26 samples, mean = 3.1 (flags = 0x41)
0  ... 
3  -------------------------O                                                (25 = 96.2%) {0.0%}
4  O                                                                         (0 = 0.0%) {96.2%}
5  -O                                                                        (1 = 3.8%) {96.2%}
6  ... 

Histogram: HttpCache.Pattern.MainFrameHTML recorded 2 samples, mean = 2.0 (flags = 0x41)
0  ... 
2  --O                                                                       (2 = 100.0%) {0.0%}
3  ... 

Histogram: HttpCache.Pattern.NonTinyImage recorded 2 samples, mean = 2.0 (flags = 0x41)
0  ... 
2  --O                                                                       (2 = 100.0%) {0.0%}
3  ... 

Histogram: HttpCache.TotalDiskCacheTimePerTransaction.Read recorded 10 samples, mean = 0.4 (flags = 0x41)
0  -------O                                                                  (7 = 70.0%)
1  --O                                                                       (2 = 20.0%) {70.0%}
2  -O                                                                        (1 = 10.0%) {90.0%}
3  ... 

Histogram: HttpCache.TotalDiskCacheTimePerTransaction.Write recorded 10 samples, mean = 0.1 (flags = 0x41)
0  ---------O                                                                (9 = 90.0%)
1  -O                                                                        (1 = 10.0%) {90.0%}
2  ... 

Histogram: ImageDecoder.Png.UiGfxIntoSkBitmap recorded 2 samples, mean = 255.5 (flags = 0x41)
0    ... 
113  -O                                                                        (1 = 50.0%) {0.0%}
149  ... 
340  -O                                                                        (1 = 50.0%) {50.0%}
448  ... 

Histogram: ImportantFile.FileReplaceRetryCount recorded 32 samples, mean = 0.0 (flags = 0x41)
0  --------------------------------O                                         (32 = 100.0%)
1  ... 

Histogram: ImportantFile.SerializationDuration recorded 17 samples, mean = 0.0 (flags = 0x41)
0  -----------------O                                                        (17 = 100.0%)
1  ... 

Histogram: ImportantFile.SerializationDuration.Local_State recorded 5 samples, mean = 0.0 (flags = 0x41)
0  -----O                                                                    (5 = 100.0%)
1  ... 

Histogram: ImportantFile.SerializationDuration.Preferences recorded 5 samples, mean = 0.0 (flags = 0x41)
0  -----O                                                                    (5 = 100.0%)
1  ... 

Histogram: ImportantFile.SerializationDuration.TransportSecurityPersister recorded 2 samples, mean = 0.0 (flags = 0x41)
0  --O                                                                       (2 = 100.0%)
1  ... 

Histogram: ImportantFile.WriteDuration recorded 17 samples, mean = 29.7 (flags = 0x41)
0    ... 
17   ----O                                                                     (4 = 23.5%) {0.0%}
20   -------O                                                                  (7 = 41.2%) {23.5%}
24   --O                                                                       (2 = 11.8%) {64.7%}
29   O                                                                         (0 = 0.0%) {76.5%}
34   -O                                                                        (1 = 5.9%) {76.5%}
40   -O                                                                        (1 = 5.9%) {82.4%}
48   -O                                                                        (1 = 5.9%) {88.2%}
57   ... 
114  -O                                                                        (1 = 5.9%) {94.1%}
135  ... 

Histogram: ImportantFile.WriteDuration.Local_State recorded 5 samples, mean = 18.0 (flags = 0x41)
0   ... 
7   -O                                                                        (1 = 20.0%) {0.0%}
8   ... 
14  --O                                                                       (2 = 40.0%) {20.0%}
17  O                                                                         (0 = 0.0%) {60.0%}
20  -O                                                                        (1 = 20.0%) {60.0%}
24  O                                                                         (0 = 0.0%) {80.0%}
29  -O                                                                        (1 = 20.0%) {80.0%}
34  ... 

Histogram: ImportantFile.WriteDuration.Preferences recorded 5 samples, mean = 25.2 (flags = 0x41)
0   ... 
17  -O                                                                        (1 = 20.0%) {0.0%}
20  -O                                                                        (1 = 20.0%) {20.0%}
24  -O                                                                        (1 = 20.0%) {40.0%}
29  --O                                                                       (2 = 40.0%) {60.0%}
34  ... 

Histogram: ImportantFile.WriteDuration.SCTAuditing recorded 2 samples, mean = 14.0 (flags = 0x41)
0   ... 
5   -O                                                                        (1 = 50.0%) {0.0%}
6   ... 
20  -O                                                                        (1 = 50.0%) {50.0%}
24  ... 

Histogram: ImportantFile.WriteDuration.TransportSecurityPersister recorded 2 samples, mean = 26.0 (flags = 0x41)
0   ... 
17  -O                                                                        (1 = 50.0%) {0.0%}
20  ... 
29  -O                                                                        (1 = 50.0%) {50.0%}
34  ... 

Histogram: ImportantFile.WriteDuration.TrustedVault recorded 1 samples, mean = 8.0 (flags = 0x41)
0  ... 
8  -O                                                                        (1 = 100.0%) {0.0%}
10 ... 

Histogram: InProductHelp.Config.ParsingEvent recorded 68 samples, mean = 6.4 (flags = 0x41)
0   -----------------------------O                                            (29 = 42.6%)
1   O                                                                         (0 = 0.0%) {42.6%}
2   ---------O                                                                (9 = 13.2%) {42.6%}
3   ... 
14  ------------------------------O                                           (30 = 44.1%) {55.9%}
15  ... 

Histogram: InProductHelp.Db.Init.AvailabilityStore recorded 1 samples, mean = 1.0 (flags = 0x41)
0  O                                                                         (0 = 0.0%)
1  -O                                                                        (1 = 100.0%) {0.0%}
2  O                                                                         (0 = 0.0%) {100.0%}

Histogram: InProductHelp.Db.Init.EventStore recorded 1 samples, mean = 1.0 (flags = 0x41)
0  O                                                                         (0 = 0.0%)
1  -O                                                                        (1 = 100.0%) {0.0%}
2  O                                                                         (0 = 0.0%) {100.0%}

Histogram: InProductHelp.Db.Load.AvailabilityStore recorded 1 samples, mean = 1.0 (flags = 0x41)
0  O                                                                         (0 = 0.0%)
1  -O                                                                        (1 = 100.0%) {0.0%}
2  O                                                                         (0 = 0.0%) {100.0%}

Histogram: InProductHelp.Db.Load.EventStore recorded 1 samples, mean = 1.0 (flags = 0x41)
0  O                                                                         (0 = 0.0%)
1  -O                                                                        (1 = 100.0%) {0.0%}
2  O                                                                         (0 = 0.0%) {100.0%}

Histogram: InProductHelp.Db.TotalEvents recorded 1 samples, mean = 0.0 (flags = 0x41)
0  -O                                                                        (1 = 100.0%)
1  ... 

Histogram: InProductHelp.Db.Update.AvailabilityStore recorded 1 samples, mean = 1.0 (flags = 0x41)
0  O                                                                         (0 = 0.0%)
1  -O                                                                        (1 = 100.0%) {0.0%}
2  O                                                                         (0 = 0.0%) {100.0%}

Histogram: IndexedDB.ContextShutdownDuration recorded 1 samples, mean = 0.0 (flags = 0x41)
0  -O                                                                        (1 = 100.0%)
1  ... 

Histogram: Input.Digitizer.MaxTouchPointsSupportedBySystemAtStartup recorded 1 samples, mean = 0.0 (flags = 0x41)
0  -O                                                                        (1 = 100.0%)
1  ... 

Histogram: Input.PointerTypePrimary recorded 1 samples, mean = 2.0 (flags = 0x41)
0  ... 
2  -O                                                                        (1 = 100.0%) {0.0%}
3  O                                                                         (0 = 0.0%) {100.0%}

Histogram: Input.PointerTypesAll recorded 1 samples, mean = 2.0 (flags = 0x41)
0  ... 
2  -O                                                                        (1 = 100.0%) {0.0%}
3  ... 

Histogram: LanguageDetection.TFLiteModel.WasModelAvailableForDetection recorded 2 samples, mean = 0.0 (flags = 0x41)
0  --O                                                                       (2 = 100.0%)
1  ... 

Histogram: LanguageDetection.TFLiteModel.WasModelRequestDeferred recorded 2 samples, mean = 1.0 (flags = 0x41)
0  O                                                                         (0 = 0.0%)
1  --O                                                                       (2 = 100.0%) {0.0%}
2  O                                                                         (0 = 0.0%) {100.0%}

Histogram: LanguageDetection.TFLiteModel.WasModelUnavailableDueToDeferredLoad recorded 2 samples, mean = 0.0 (flags = 0x41)
0  --O                                                                       (2 = 100.0%)
1  ... 

Histogram: LanguageUsage.AcceptLanguage recorded 2 samples (flags = 0x41)
25966  -O                                                                        (1 = 50.0%)
29810  -O                                                                        (1 = 50.0%)

Histogram: LanguageUsage.AcceptLanguage.Count recorded 1 samples, mean = 2.0 (flags = 0x41)
0  ... 
2  -O                                                                        (1 = 100.0%) {0.0%}
3  ... 

Histogram: LanguageUsage.AcceptLanguageAndContentLanguageUsage recorded 2 samples, mean = 0.0 (flags = 0x41)
0  --O                                                                       (2 = 100.0%)
1  ... 

Histogram: LanguageUsage.AcceptLanguageAndXmlHtmlLangUsage recorded 2 samples, mean = 7.0 (flags = 0x41)
0  ... 
7  --O                                                                       (2 = 100.0%) {0.0%}
8  O                                                                         (0 = 0.0%) {100.0%}

Histogram: LevelDB.ApproximateMemTableMemoryUse.BudgetManager recorded 0 samples (flags = 0x41)
0 ... 

Histogram: LevelDB.ApproximateMemTableMemoryUse.CartDatabase recorded 0 samples (flags = 0x41)
0 ... 

Histogram: LevelDB.ApproximateMemTableMemoryUse.ClientCertificatesDatabase recorded 0 samples (flags = 0x41)
0 ... 

Histogram: LevelDB.ApproximateMemTableMemoryUse.CommerceParcelTrackingDatabase recorded 0 samples (flags = 0x41)
0 ... 

Histogram: LevelDB.ApproximateMemTableMemoryUse.CommerceSubscriptionDatabase recorded 0 samples (flags = 0x41)
0 ... 

Histogram: LevelDB.ApproximateMemTableMemoryUse.CouponDatabase recorded 0 samples (flags = 0x41)
0 ... 

Histogram: LevelDB.ApproximateMemTableMemoryUse.DiscountsDatabase recorded 0 samples (flags = 0x41)
0 ... 

Histogram: LevelDB.ApproximateMemTableMemoryUse.DownloadDB recorded 0 samples (flags = 0x41)
0 ... 

Histogram: LevelDB.ApproximateMemTableMemoryUse.DownloadService recorded 0 samples (flags = 0x41)
0 ... 

Histogram: LevelDB.ApproximateMemTableMemoryUse.FeatureEngagementTrackerAvailabilityStore recorded 0 samples (flags = 0x41)
0 ... 

Histogram: LevelDB.ApproximateMemTableMemoryUse.FeatureEngagementTrackerEventStore recorded 0 samples (flags = 0x41)
0 ... 

Histogram: LevelDB.ApproximateMemTableMemoryUse.GCMKeyStore recorded 1 samples, mean = 4104.0 (flags = 0x41)
0  O                                                                         (0 = 0.0%)
1  -O                                                                        (1 = 100.0%) {0.0%}
270601... 

Histogram: LevelDB.ApproximateMemTableMemoryUse.Metadata recorded 1 samples, mean = 4104.0 (flags = 0x41)
0  O                                                                         (0 = 0.0%)
1  -O                                                                        (1 = 100.0%) {0.0%}
270601... 

Histogram: LevelDB.ApproximateMemTableMemoryUse.PersistentOriginTrials recorded 0 samples (flags = 0x41)
0 ... 

Histogram: LevelDB.ApproximateMemTableMemoryUse.PreviewsHintCacheStore recorded 0 samples (flags = 0x41)
0 ... 

Histogram: LevelDB.ApproximateMemTableMemoryUse.SegmentInfoDatabase recorded 0 samples (flags = 0x41)
0 ... 

Histogram: LevelDB.ApproximateMemTableMemoryUse.SharedProtoDB recorded 1 samples, mean = 12312.0 (flags = 0x41)
0  O                                                                         (0 = 0.0%)
1  -O                                                                        (1 = 100.0%) {0.0%}
270601... 

Histogram: LevelDB.ApproximateMemTableMemoryUse.SignalDatabase recorded 0 samples (flags = 0x41)
0 ... 

Histogram: LevelDB.ApproximateMemTableMemoryUse.SignalStorageConfigDatabase recorded 0 samples (flags = 0x41)
0 ... 

Histogram: LevelDB.ApproximateMemTableMemoryUse.StrikeService recorded 0 samples (flags = 0x41)
0 ... 

Histogram: LevelDBEnv.DeleteTableBackupFile recorded 0 samples (flags = 0x41)
0 ... 

Histogram: LevelDBEnv.SyncResult recorded 20 samples, mean = 0.0 (flags = 0x41)
0  --------------------O                                                     (20 = 100.0%)
1  ... 

Histogram: LevelDBWrapper.CommitDelay recorded 3 samples, mean = 12037.7 (flags = 0x41)
0      ... 
4516   --O                                                                       (2 = 66.7%) {0.0%}
6118   ... 
20614  -O                                                                        (1 = 33.3%) {66.7%}
27929  ... 

Histogram: LoadingPredictor.PreconnectCount recorded 2 samples, mean = 1.0 (flags = 0x41)
0  O                                                                         (0 = 0.0%)
1  --O                                                                       (2 = 100.0%) {0.0%}
2  ... 

Histogram: LoadingPredictor.PreconnectHitsPercentage recorded 2 samples, mean = 50.0 (flags = 0x41)
0    -O                                                                        (1 = 50.0%)
1    ... 
100  -O                                                                        (1 = 50.0%) {50.0%}
101  O                                                                         (0 = 0.0%) {100.0%}

Histogram: LoadingPredictor.PreconnectLearningCount.Navigation recorded 1 samples, mean = 4.0 (flags = 0x41)
0  ... 
4  -O                                                                        (1 = 100.0%) {0.0%}
5  ... 

Histogram: LoadingPredictor.PreconnectLearningPrecision.Navigation recorded 1 samples, mean = 100.0 (flags = 0x41)
0    ... 
100  -O                                                                        (1 = 100.0%) {0.0%}

Histogram: LoadingPredictor.PreconnectLearningRecall.Navigation recorded 1 samples, mean = 100.0 (flags = 0x41)
0    ... 
100  -O                                                                        (1 = 100.0%) {0.0%}

Histogram: LoadingPredictor.PreconnectLearningRedirectStatus.Navigation recorded 1 samples, mean = 0.0 (flags = 0x41)
0  -O                                                                        (1 = 100.0%)
1  ... 

Histogram: LoadingPredictor.PredictorDatabaseFileSize recorded 1 samples, mean = 44.0 (flags = 0x41)
0   ... 
37  -O                                                                        (1 = 100.0%) {0.0%}
49  ... 

Histogram: LoadingPredictor.PreresolveCount recorded 2 samples, mean = 1.0 (flags = 0x41)
0  O                                                                         (0 = 0.0%)
1  --O                                                                       (2 = 100.0%) {0.0%}
2  ... 

Histogram: LoadingPredictor.PreresolveHitsPercentage recorded 2 samples, mean = 50.0 (flags = 0x41)
0    -O                                                                        (1 = 50.0%)
1    ... 
100  -O                                                                        (1 = 50.0%) {50.0%}
101  O                                                                         (0 = 0.0%) {100.0%}

Histogram: LocalStorage.MojoSizeInKB recorded 1 samples, mean = 0.0 (flags = 0x41)
0  -O                                                                        (1 = 100.0%)
1  ... 

Histogram: LocalStorage.MojoTimeToPrime recorded 1 samples, mean = 0.0 (flags = 0x41)
0  -O                                                                        (1 = 100.0%)
1  ... 

Histogram: LocalStorage.MojoTimeToPrimeForUnder100KB recorded 1 samples, mean = 0.0 (flags = 0x41)
0  -O                                                                        (1 = 100.0%)
1  ... 

Histogram: LocalStorage.RendererAreaCacheHit recorded 2 samples, mean = 1.0 (flags = 0x41)
0  -O                                                                        (1 = 50.0%)
1  O                                                                         (0 = 0.0%) {50.0%}
2  -O                                                                        (1 = 50.0%) {50.0%}
3  O                                                                         (0 = 0.0%) {100.0%}

Histogram: LocalStorageContext.ShutDown.MaybeDroppedChanges recorded 1 samples, mean = 0.0 (flags = 0x40)
0  -O                                                                        (1 = 100.0%)
1  ... 

Histogram: MPArch.ChildProcessLaunchFirst recorded 1 samples, mean = 4.0 (flags = 0x41)
0  ... 
4  -O                                                                        (1 = 100.0%) {0.0%}
5  ... 

Histogram: MPArch.ChildProcessLaunchSubsequent recorded 9 samples, mean = 6.2 (flags = 0x41)
0   ... 
4   --O                                                                       (2 = 22.2%) {0.0%}
5   --O                                                                       (2 = 22.2%) {22.2%}
6   --O                                                                       (2 = 22.2%) {44.4%}
7   O                                                                         (0 = 0.0%) {66.7%}
8   --O                                                                       (2 = 22.2%) {66.7%}
10  -O                                                                        (1 = 11.1%) {88.9%}
12  ... 

Histogram: ManagedUsers.BlockedIframeCount recorded 2 samples, mean = 0.0 (flags = 0x41)
0  --O                                                                       (2 = 100.0%)
1  ... 

Histogram: Manifest.HasProperty.description recorded 2 samples, mean = 0.0 (flags = 0x41)
0  --O                                                                       (2 = 100.0%)
1  ... 

Histogram: Manifest.HasProperty.display recorded 2 samples, mean = 1.0 (flags = 0x41)
0  O                                                                         (0 = 0.0%)
1  --O                                                                       (2 = 100.0%) {0.0%}
2  O                                                                         (0 = 0.0%) {100.0%}

Histogram: Manifest.HasProperty.gcm_sender_id recorded 2 samples, mean = 0.0 (flags = 0x41)
0  --O                                                                       (2 = 100.0%)
1  ... 

Histogram: Manifest.HasProperty.icons recorded 2 samples, mean = 1.0 (flags = 0x41)
0  O                                                                         (0 = 0.0%)
1  --O                                                                       (2 = 100.0%) {0.0%}
2  O                                                                         (0 = 0.0%) {100.0%}

Histogram: Manifest.HasProperty.name recorded 2 samples, mean = 1.0 (flags = 0x41)
0  O                                                                         (0 = 0.0%)
1  --O                                                                       (2 = 100.0%) {0.0%}
2  O                                                                         (0 = 0.0%) {100.0%}

Histogram: Manifest.HasProperty.orientation recorded 2 samples, mean = 0.0 (flags = 0x41)
0  --O                                                                       (2 = 100.0%)
1  ... 

Histogram: Manifest.HasProperty.protocol_handlers recorded 2 samples, mean = 0.0 (flags = 0x41)
0  --O                                                                       (2 = 100.0%)
1  ... 

Histogram: Manifest.HasProperty.screenshots recorded 2 samples, mean = 0.0 (flags = 0x41)
0  --O                                                                       (2 = 100.0%)
1  ... 

Histogram: Manifest.HasProperty.share_target recorded 2 samples, mean = 0.0 (flags = 0x41)
0  --O                                                                       (2 = 100.0%)
1  ... 

Histogram: Manifest.HasProperty.short_name recorded 2 samples, mean = 1.0 (flags = 0x41)
0  O                                                                         (0 = 0.0%)
1  --O                                                                       (2 = 100.0%) {0.0%}
2  O                                                                         (0 = 0.0%) {100.0%}

Histogram: Manifest.HasProperty.start_url recorded 2 samples, mean = 1.0 (flags = 0x41)
0  O                                                                         (0 = 0.0%)
1  --O                                                                       (2 = 100.0%) {0.0%}
2  O                                                                         (0 = 0.0%) {100.0%}

Histogram: Manifest.ParseIdResult recorded 2 samples, mean = 1.0 (flags = 0x41)
0  O                                                                         (0 = 0.0%)
1  --O                                                                       (2 = 100.0%) {0.0%}
2  ... 

Histogram: Media.GPU.VideoDecoderType recorded 1 samples, mean = 11.0 (flags = 0x41)
0   ... 
11  -O                                                                        (1 = 100.0%) {0.0%}
12  ... 

Histogram: Media.MediaHistory.DatabaseExists recorded 1 samples, mean = 0.0 (flags = 0x41)
0  -O                                                                        (1 = 100.0%)
1  ... 

Histogram: MediaRouter.Cast.Discovery.ConnectedDevicesCount recorded 1 samples, mean = 0.0 (flags = 0x41)
0  -O                                                                        (1 = 100.0%)
1  ... 

Histogram: MediaRouter.Cast.Discovery.KnownDevicesCount recorded 1 samples, mean = 0.0 (flags = 0x41)
0  -O                                                                        (1 = 100.0%)
1  ... 

Histogram: MediaRouter.Dial.AvailableDevicesCount recorded 1 samples, mean = 0.0 (flags = 0x41)
0  -O                                                                        (1 = 100.0%)
1  ... 

Histogram: MediaRouter.Dial.KnownDevicesCount recorded 1 samples, mean = 0.0 (flags = 0x41)
0  -O                                                                        (1 = 100.0%)
1  ... 

Histogram: Memory.Discardable.FreelistSize.Foreground recorded 4 samples, mean = 1023.0 (flags = 0x41)
0     ---O                                                                      (3 = 75.0%)
1     ... 
4053  -O                                                                        (1 = 25.0%) {75.0%}
5338  ... 

Histogram: Memory.Discardable.Size.Foreground recorded 4 samples, mean = 1.0 (flags = 0x41)
0  ---O                                                                      (3 = 75.0%)
1  ... 
4  -O                                                                        (1 = 25.0%) {75.0%}
5  ... 

Histogram: Memory.Discardable.VirtualSize.Foreground recorded 4 samples, mean = 1024.0 (flags = 0x41)
0     ---O                                                                      (3 = 75.0%)
1     ... 
4053  -O                                                                        (1 = 25.0%) {75.0%}
5338  ... 

Histogram: Memory.DiscardableAllocationSize recorded 1 samples, mean = 4.0 (flags = 0x41)
0  ... 
4  -O                                                                        (1 = 100.0%) {0.0%}
5  ... 

Histogram: Memory.Experimental.AvailableMemoryMB recorded 21 samples, mean = 4855.4 (flags = 0x41)
0     ... 
3276  -O                                                                        (1 = 4.8%) {0.0%}
3617  --O                                                                       (2 = 9.5%) {4.8%}
3994  -----O                                                                    (5 = 23.8%) {14.3%}
4410  -O                                                                        (1 = 4.8%) {38.1%}
4869  -------O                                                                  (7 = 33.3%) {42.9%}
5376  ---O                                                                      (3 = 14.3%) {76.2%}
5936  --O                                                                       (2 = 9.5%) {90.5%}
6554  ... 

Histogram: Memory.Experimental.AvailableMemoryPercent recorded 21 samples, mean = 19.4 (flags = 0x41)
0   ... 
13  -O                                                                        (1 = 4.8%) {0.0%}
14  O                                                                         (0 = 0.0%) {4.8%}
15  -O                                                                        (1 = 4.8%) {4.8%}
16  ---O                                                                      (3 = 14.3%) {9.5%}
17  ---O                                                                      (3 = 14.3%) {23.8%}
18  O                                                                         (0 = 0.0%) {38.1%}
19  -O                                                                        (1 = 4.8%) {38.1%}
20  ---O                                                                      (3 = 14.3%) {42.9%}
21  ----O                                                                     (4 = 19.0%) {57.1%}
22  --O                                                                       (2 = 9.5%) {76.2%}
23  O                                                                         (0 = 0.0%) {85.7%}
24  -O                                                                        (1 = 4.8%) {85.7%}
25  --O                                                                       (2 = 9.5%) {90.5%}
26  ... 

Histogram: Memory.Experimental.Renderer.HighestPrivateMemoryFootprint.0to2min recorded 1 samples, mean = 81.0 (flags = 0x41)
0   ... 
75  -O                                                                        (1 = 100.0%) {0.0%}
84  ... 

Histogram: Memory.Experimental.Renderer.HighestPrivateMemoryFootprint.2to4min recorded 1 samples, mean = 69.0 (flags = 0x41)
0   ... 
67  -O                                                                        (1 = 100.0%) {0.0%}
75  ... 

Histogram: Memory.Experimental.Renderer.HighestPrivateMemoryFootprint.4to8min recorded 1 samples, mean = 69.0 (flags = 0x41)
0   ... 
67  -O                                                                        (1 = 100.0%) {0.0%}
75  ... 

Histogram: Memory.Experimental.Renderer.HighestPrivateMemoryFootprint.8to16min recorded 1 samples, mean = 69.0 (flags = 0x41)
0   ... 
67  -O                                                                        (1 = 100.0%) {0.0%}
75  ... 

Histogram: Memory.GPU.PeakMemoryAllocationSource2.PageLoad.SharedContextState recorded 2 samples, mean = 0.0 (flags = 0x41)
0  --O                                                                       (2 = 100.0%)
1  ... 

Histogram: Memory.GPU.PeakMemoryAllocationSource2.PageLoad.SharedImageStub recorded 1 samples, mean = 0.0 (flags = 0x41)
0  -O                                                                        (1 = 100.0%)
1  ... 

Histogram: Memory.GPU.PeakMemoryAllocationSource2.PageLoad.Skia recorded 2 samples, mean = 0.0 (flags = 0x41)
0  --O                                                                       (2 = 100.0%)
1  ... 

Histogram: Memory.GPU.PeakMemoryUsage2.PageLoad recorded 2 samples, mean = 0.0 (flags = 0x41)
0  --O                                                                       (2 = 100.0%)
1  ... 

Histogram: Memory.ParkableString.Compression.Latency recorded 17 samples, mean = 7122.1 (flags = 0x41)
0      -O                                                                        (1 = 5.9%)
500    ... 
584    -O                                                                        (1 = 5.9%) {5.9%}
631    -O                                                                        (1 = 5.9%) {11.8%}
682    ... 
1268   -O                                                                        (1 = 5.9%) {17.6%}
1370   O                                                                         (0 = 0.0%) {23.5%}
1480   -O                                                                        (1 = 5.9%) {23.5%}
1599   ... 
2018   -O                                                                        (1 = 5.9%) {29.4%}
2181   ... 
2547   -O                                                                        (1 = 5.9%) {35.3%}
2752   -O                                                                        (1 = 5.9%) {41.2%}
2974   ... 
3753   -O                                                                        (1 = 5.9%) {47.1%}
4056   -O                                                                        (1 = 5.9%) {52.9%}
4383   ... 
5119   -O                                                                        (1 = 5.9%) {58.8%}
5532   ... 
6460   -O                                                                        (1 = 5.9%) {64.7%}
6981   -O                                                                        (1 = 5.9%) {70.6%}
7544   ... 
19137  ---O                                                                      (3 = 17.6%) {76.5%}
20681  -O                                                                        (1 = 5.9%) {94.1%}
22349  ... 

Histogram: Memory.ParkableString.Compression.SizeKb recorded 17 samples, mean = 282.5 (flags = 0x41)
0    ... 
14   -O                                                                        (1 = 5.9%) {0.0%}
16   ... 
26   -O                                                                        (1 = 5.9%) {5.9%}
29   -O                                                                        (1 = 5.9%) {11.8%}
33   ... 
60   -O                                                                        (1 = 5.9%) {17.6%}
67   ... 
84   --O                                                                       (2 = 11.8%) {23.5%}
95   O                                                                         (0 = 0.0%) {35.3%}
107  -O                                                                        (1 = 5.9%) {35.3%}
120  O                                                                         (0 = 0.0%) {41.2%}
135  -O                                                                        (1 = 5.9%) {41.2%}
152  O                                                                         (0 = 0.0%) {47.1%}
171  --O                                                                       (2 = 11.8%) {47.1%}
192  -O                                                                        (1 = 5.9%) {58.8%}
216  ... 
307  -O                                                                        (1 = 5.9%) {64.7%}
345  -O                                                                        (1 = 5.9%) {70.6%}
388  ... 
623  -O                                                                        (1 = 5.9%) {76.5%}
701  -O                                                                        (1 = 5.9%) {82.4%}
789  --O                                                                       (2 = 11.8%) {88.2%}
888  ... 

Histogram: Memory.ParkableString.DiskReadTime.5min recorded 1 samples, mean = 0.0 (flags = 0x41)
0  -O                                                                        (1 = 100.0%)
1  ... 

Histogram: Memory.ParkableString.DiskWriteTime.5min recorded 1 samples, mean = 13.0 (flags = 0x41)
0   ... 
12  -O                                                                        (1 = 100.0%) {0.0%}
14  ... 

Histogram: Memory.ParkableString.OnDiskSizeKb.5min recorded 1 samples, mean = 943.0 (flags = 0x41)
0    ... 
896  -O                                                                        (1 = 100.0%) {0.0%}
1122 ... 

Histogram: Memory.ParkableString.TotalParkingThreadTime.5min recorded 1 samples, mean = 108.0 (flags = 0x41)
0   ... 
96  -O                                                                        (1 = 100.0%) {0.0%}
114 ... 

Histogram: Memory.ParkableString.TotalUnparkingTime.5min recorded 1 samples, mean = 0.0 (flags = 0x41)
0  -O                                                                        (1 = 100.0%)
1  ... 

Histogram: Memory.PartitionAlloc.MemoryReclaim recorded 2476 samples, mean = 493.7 (flags = 0x41)
0     ... 
65    -----O                                                                    (30 = 1.2%) {0.0%}
86    -----------------------------O                                            (165 = 6.7%) {1.2%}
113   ----------------------------------------------------O                     (291 = 11.8%) {7.9%}
149   ------------------------------------------------O                         (273 = 11.0%) {19.6%}
196   ---------------------------------O                                        (187 = 7.6%) {30.7%}
258   ------------------------------------O                                     (205 = 8.3%) {38.2%}
340   -------------------------------------------------O                        (279 = 11.3%) {46.5%}
448   --------------------------------------O                                   (217 = 8.8%) {57.8%}
590   ------------------------------------------------------------------------O (406 = 16.4%) {66.5%}
777   -----------------------------------O                                      (195 = 7.9%) {82.9%}
1023  --------------------O                                                     (110 = 4.4%) {90.8%}
1347  -------------O                                                            (71 = 2.9%) {95.2%}
1774  -----O                                                                    (31 = 1.3%) {98.1%}
2336  --O                                                                       (12 = 0.5%) {99.4%}
3077  O                                                                         (2 = 0.1%) {99.8%}
4053  O                                                                         (1 = 0.0%) {99.9%}
5338  ... 
9260  O                                                                         (1 = 0.0%) {100.0%}
12196 ... 

Histogram: Memory.PartitionAlloc.PartitionRoot.ExtrasSize recorded 1 samples, mean = 4.0 (flags = 0x41)
0  ... 
4  -O                                                                        (1 = 100.0%) {0.0%}
5  ... 

Histogram: Memory.PartitionAlloc.PeriodicPurge recorded 304 samples, mean = 53.2 (flags = 0x41)
0    ... 
5    -----O                                                                    (5 = 1.6%) {0.0%}
7    --------O                                                                 (8 = 2.6%) {1.6%}
9    ---------O                                                                (9 = 3.0%) {4.3%}
12   -----------------O                                                        (17 = 5.6%) {7.2%}
16   -----------------------------O                                            (29 = 9.5%) {12.8%}
21   --------------------------------O                                         (32 = 10.5%) {22.4%}
28   ----------------------------------------------O                           (46 = 15.1%) {32.9%}
37   ------------------------------------------O                               (42 = 13.8%) {48.0%}
49   ---------------------------------------------------O                      (51 = 16.8%) {61.8%}
65   -------------------------O                                                (25 = 8.2%) {78.6%}
86   -----------------O                                                        (17 = 5.6%) {86.8%}
113  -------O                                                                  (7 = 2.3%) {92.4%}
149  -------O                                                                  (7 = 2.3%) {94.7%}
196  --O                                                                       (2 = 0.7%) {97.0%}
258  -----O                                                                    (5 = 1.6%) {97.7%}
340  --O                                                                       (2 = 0.7%) {99.3%}
448  ... 

Histogram: Memory.PressureLevel2 recorded 2548 samples, mean = 0.0 (flags = 0x41)
0  ------------------------------------------------------------------------O (2548 = 100.0%)
1  ... 

Histogram: Mojo.Channel.WriteReceiveMessageProcessType recorded 7 samples, mean = 2.1 (flags = 0x41)
0  ---O                                                                      (3 = 42.9%)
1  O                                                                         (0 = 0.0%) {42.9%}
2  ---O                                                                      (3 = 42.9%) {42.9%}
3  ... 
9  -O                                                                        (1 = 14.3%) {85.7%}
10 ... 

Histogram: NQE.ContentObserver.NetworkQualityMeaningfullyChanged recorded 8 samples, mean = 0.5 (flags = 0x40)
0  ----O                                                                     (4 = 50.0%)
1  ----O                                                                     (4 = 50.0%) {50.0%}
2  O                                                                         (0 = 0.0%) {100.0%}

Histogram: NQE.RTT.Error.Absolute recorded 16 samples, mean = 61.9 (flags = 0x41)
0   -O                                                                        (1 = 6.2%)
1   ... 
14  -O                                                                        (1 = 6.2%) {6.2%}
17  -O                                                                        (1 = 6.2%) {12.5%}
20  O                                                                         (0 = 0.0%) {18.8%}
24  -O                                                                        (1 = 6.2%) {18.8%}
29  ... 
40  -O                                                                        (1 = 6.2%) {25.0%}
48  -O                                                                        (1 = 6.2%) {31.2%}
57  -O                                                                        (1 = 6.2%) {37.5%}
68  -----O                                                                    (5 = 31.2%) {43.8%}
81  --O                                                                       (2 = 12.5%) {75.0%}
96  --O                                                                       (2 = 12.5%) {87.5%}
114 ... 

Histogram: NQE.RTT.Error.IsZero recorded 16 samples, mean = 0.0 (flags = 0x41)
0  ----------------O                                                         (16 = 100.0%)
1  ... 

Histogram: NQE.RTT.Error.Negative recorded 8 samples, mean = 60.9 (flags = 0x41)
0   -O                                                                        (1 = 12.5%)
1   ... 
24  -O                                                                        (1 = 12.5%) {12.5%}
29  ... 
48  -O                                                                        (1 = 12.5%) {25.0%}
57  O                                                                         (0 = 0.0%) {37.5%}
68  ---O                                                                      (3 = 37.5%) {37.5%}
81  --O                                                                       (2 = 25.0%) {75.0%}
96  ... 

Histogram: NQE.RTT.Error.Positive recorded 8 samples, mean = 62.9 (flags = 0x41)
0   ... 
14  -O                                                                        (1 = 12.5%) {0.0%}
17  -O                                                                        (1 = 12.5%) {12.5%}
20  ... 
40  -O                                                                        (1 = 12.5%) {25.0%}
48  O                                                                         (0 = 0.0%) {37.5%}
57  -O                                                                        (1 = 12.5%) {37.5%}
68  --O                                                                       (2 = 25.0%) {50.0%}
81  O                                                                         (0 = 0.0%) {75.0%}
96  --O                                                                       (2 = 25.0%) {75.0%}
114 ... 

Histogram: NQE.RenderThreadNotified recorded 11 samples, mean = 1.0 (flags = 0x40)
0  O                                                                         (0 = 0.0%)
1  -----------O                                                              (11 = 100.0%) {0.0%}
2  O                                                                         (0 = 0.0%) {100.0%}

Histogram: Navigation.BeginNavigationImpl.MainFrame recorded 3 samples, mean = 0.0 (flags = 0x41)
0  ---O                                                                      (3 = 100.0%)
1  ... 

Histogram: Navigation.BrowserInitiatedSessionHistoryCount recorded 1 samples, mean = 0.0 (flags = 0x41)
0  -O                                                                        (1 = 100.0%)
1  ... 

Histogram: Navigation.CommitRenderFrame recorded 2 samples, mean = 16.5 (flags = 0x41)
0   ... 
10  -O                                                                        (1 = 50.0%) {0.0%}
12  ... 
20  -O                                                                        (1 = 50.0%) {50.0%}
24  ... 

Histogram: Navigation.CommitToCompositorCreation recorded 1 samples, mean = 169.0 (flags = 0x41)
0    ... 
131  -O                                                                        (1 = 100.0%) {0.0%}
170  ... 

Histogram: Navigation.CompositorRequestedBeforeCommit2 recorded 1 samples, mean = 0.0 (flags = 0x41)
0  -O                                                                        (1 = 100.0%)
1  ... 

Histogram: Navigation.CompositorRequestedBeforeSwapRFH2 recorded 1 samples, mean = 0.0 (flags = 0x41)
0  -O                                                                        (1 = 100.0%)
1  ... 

Histogram: Navigation.CreateSpeculativeRFH recorded 1 samples, mean = 4.0 (flags = 0x41)
0  ... 
4  -O                                                                        (1 = 100.0%) {0.0%}
5  ... 

Histogram: Navigation.DidCommitSameDocumentNavigation.Duration recorded 2 samples, mean = 0.5 (flags = 0x41)
0  -O                                                                        (1 = 50.0%)
1  -O                                                                        (1 = 50.0%) {50.0%}
2  ... 

Histogram: Navigation.DidStartLoading.MainFrame recorded 5 samples, mean = 0.0 (flags = 0x41)
0  -----O                                                                    (5 = 100.0%)
1  ... 

Histogram: Navigation.EarlyRenderFrameHostSwapType recorded 6 samples, mean = 0.0 (flags = 0x41)
0  ------O                                                                   (6 = 100.0%)
1  ... 

Histogram: Navigation.EngagementTime.HTTPS recorded 2 samples, mean = 1272230.0 (flags = 0x41)
0        ... 
36538    -O                                                                        (1 = 50.0%) {0.0%}
42174    ... 
2341034  -O                                                                        (1 = 50.0%) {50.0%}
2702128  ... 

Histogram: Navigation.GetFrameHostForNavigation recorded 6 samples, mean = 2.3 (flags = 0x41)
0  ----O                                                                     (4 = 66.7%)
1  ... 
5  -O                                                                        (1 = 16.7%) {66.7%}
6  ... 
8  -O                                                                        (1 = 16.7%) {83.3%}
10 ... 

Histogram: Navigation.GetFrameHostForNavigationTime.InDidCreateNavigationRequest.IsHTTPOrHTTPS recorded 4 samples, mean = 2683.0 (flags = 0x41)
0     ... 
146   -O                                                                        (1 = 25.0%) {0.0%}
203   -O                                                                        (1 = 25.0%) {25.0%}
282   O                                                                         (0 = 0.0%) {50.0%}
391   -O                                                                        (1 = 25.0%) {50.0%}
542   ... 
7439  -O                                                                        (1 = 25.0%) {75.0%}
10321 ... 

Histogram: Navigation.IsGuest recorded 2 samples, mean = 0.0 (flags = 0x41)
0  --O                                                                       (2 = 100.0%)
1  ... 

Histogram: Navigation.IsLockedProcess recorded 2 samples, mean = 1.0 (flags = 0x41)
0  O                                                                         (0 = 0.0%)
1  --O                                                                       (2 = 100.0%) {0.0%}
2  O                                                                         (0 = 0.0%) {100.0%}

Histogram: Navigation.IsLockedProcess.HTTPOrHTTPS recorded 2 samples, mean = 1.0 (flags = 0x41)
0  O                                                                         (0 = 0.0%)
1  --O                                                                       (2 = 100.0%) {0.0%}
2  O                                                                         (0 = 0.0%) {100.0%}

Histogram: Navigation.IsProcessBackgrounded.OnCommit recorded 2 samples, mean = 0.0 (flags = 0x41)
0  --O                                                                       (2 = 100.0%)
1  ... 

Histogram: Navigation.IsProcessBackgrounded.OnDOMContentLoaded recorded 2 samples, mean = 0.0 (flags = 0x41)
0  --O                                                                       (2 = 100.0%)
1  ... 

Histogram: Navigation.IsSameBrowsingInstance recorded 2 samples, mean = 0.5 (flags = 0x41)
0  -O                                                                        (1 = 50.0%)
1  -O                                                                        (1 = 50.0%) {50.0%}
2  O                                                                         (0 = 0.0%) {100.0%}

Histogram: Navigation.IsSameSiteInstance recorded 2 samples, mean = 0.5 (flags = 0x41)
0  -O                                                                        (1 = 50.0%)
1  -O                                                                        (1 = 50.0%) {50.0%}
2  O                                                                         (0 = 0.0%) {100.0%}

Histogram: Navigation.IsSameSiteInstance.MainFrame recorded 2 samples, mean = 0.5 (flags = 0x41)
0  -O                                                                        (1 = 50.0%)
1  -O                                                                        (1 = 50.0%) {50.0%}
2  O                                                                         (0 = 0.0%) {100.0%}

Histogram: Navigation.LoaderCreateToRequestStart.MainFrame recorded 2 samples, mean = 0.0 (flags = 0x41)
0  --O                                                                       (2 = 100.0%)
1  ... 

Histogram: Navigation.MainFrame.FrameCount recorded 2 samples, mean = 1.0 (flags = 0x41)
0  O                                                                         (0 = 0.0%)
1  --O                                                                       (2 = 100.0%) {0.0%}
2  ... 

Histogram: Navigation.MainFrame.MaxFrameCount recorded 5 samples, mean = 1.0 (flags = 0x41)
0  O                                                                         (0 = 0.0%)
1  -----O                                                                    (5 = 100.0%) {0.0%}
2  ... 

Histogram: Navigation.MainFrame.NewNavigation.IgnoreRestore.IsHTTPOrHTTPS.BeginNavigationToLoaderStart.Time2 recorded 1 samples, mean = 1.0 (flags = 0x41)
0  O                                                                         (0 = 0.0%)
1  -O                                                                        (1 = 100.0%) {0.0%}
2  ... 

Histogram: Navigation.MainFrame.NewNavigation.IgnoreRestore.IsHTTPOrHTTPS.FetchStart.Time2 recorded 1 samples, mean = 211.0 (flags = 0x41)
0    ... 
190  -O                                                                        (1 = 100.0%) {0.0%}
226  ... 

Histogram: Navigation.MainFrame.NewNavigation.IgnoreRestore.IsHTTPOrHTTPS.LoaderStartToFetchStart.Time2 recorded 1 samples, mean = 3312.0 (flags = 0x41)
0     ... 
2990  -O                                                                        (1 = 100.0%) {0.0%}
3553  ... 

Histogram: Navigation.MainFrame.NewNavigation.IgnoreRestore.IsHTTPOrHTTPS.LoaderStartToReceiveResponse.Time2 recorded 1 samples, mean = 4249.0 (flags = 0x41)
0     ... 
4222  -O                                                                        (1 = 100.0%) {0.0%}
5017  ... 

Histogram: Navigation.MainFrame.NewNavigation.IgnoreRestore.IsHTTPOrHTTPS.NavigationStartToBeginNavigation.Time2 recorded 1 samples, mean = 3877.0 (flags = 0x41)
0     ... 
3553  -O                                                                        (1 = 100.0%) {0.0%}
4222  ... 

Histogram: Navigation.MainFrame.NewNavigation.IgnoreRestore.IsHTTPOrHTTPS.ReceiveHeaders.Time2 recorded 1 samples, mean = 223.0 (flags = 0x41)
0    ... 
190  -O                                                                        (1 = 100.0%) {0.0%}
226  ... 

Histogram: Navigation.MainFrame.NewNavigation.IgnoreRestore.IsHTTPOrHTTPS.ReceiveHeadersToReceiveResponse.Time2 recorded 1 samples, mean = 502.0 (flags = 0x41)
0    ... 
449  -O                                                                        (1 = 100.0%) {0.0%}
533  ... 

Histogram: Navigation.MainFrame.NewNavigation.IgnoreRestore.IsHTTPOrHTTPS.ReceiveResponseToCommitNavigation.Time2 recorded 1 samples, mean = 8.0 (flags = 0x41)
0  ... 
8  -O                                                                        (1 = 100.0%) {0.0%}
10 ... 

Histogram: Navigation.MainFrame.RendererInitiated.InitiatorFramePresentAtStart recorded 2 samples, mean = 0.0 (flags = 0x41)
0  --O                                                                       (2 = 100.0%)
1  ... 

Histogram: Navigation.MainFrame.SiteEngagementLevel recorded 2 samples, mean = 2.0 (flags = 0x41)
0  ... 
2  --O                                                                       (2 = 100.0%) {0.0%}
3  ... 

Histogram: Navigation.MainFrame.ThirdPartyCookieBlockingEnabled recorded 4 samples, mean = 0.0 (flags = 0x41)
0  ----O                                                                     (4 = 100.0%)
1  ... 

Histogram: Navigation.MainFrameHasRTLDomain2 recorded 4 samples, mean = 0.0 (flags = 0x41)
0  ----O                                                                     (4 = 100.0%)
1  ... 

Histogram: Navigation.MainFrameHasRTLDomainDifferentPage2 recorded 2 samples, mean = 0.0 (flags = 0x41)
0  --O                                                                       (2 = 100.0%)
1  ... 

Histogram: Navigation.MainFrameProfileType2 recorded 4 samples, mean = 0.0 (flags = 0x41)
0  ----O                                                                     (4 = 100.0%)
1  ... 

Histogram: Navigation.MainFrameScheme2 recorded 4 samples, mean = 2.0 (flags = 0x41)
0  ... 
2  ----O                                                                     (4 = 100.0%) {0.0%}
3  ... 

Histogram: Navigation.MainFrameSchemeDifferentPage2 recorded 2 samples, mean = 2.0 (flags = 0x41)
0  ... 
2  --O                                                                       (2 = 100.0%) {0.0%}
3  ... 

Histogram: Navigation.OnBeforeUnloadOverheadTime recorded 3 samples, mean = 1950.3 (flags = 0x41)
0     ... 
10    -O                                                                        (1 = 33.3%) {0.0%}
12    ... 
1782  -O                                                                        (1 = 33.3%) {33.3%}
2117  ... 
3553  -O                                                                        (1 = 33.3%) {66.7%}
4222  ... 

Histogram: Navigation.OriginAgentCluster.Result recorded 2 samples, mean = 9.0 (flags = 0x41)
0  ... 
9  --O                                                                       (2 = 100.0%) {0.0%}
10 O                                                                         (0 = 0.0%) {100.0%}

Histogram: Navigation.PendingCommit.DidBlockGetFrameHostForNavigation.Regular recorded 1 samples, mean = 0.0 (flags = 0x41)
0  -O                                                                        (1 = 100.0%)
1  ... 

Histogram: Navigation.PendingCommit.Duration.Regular recorded 1 samples, mean = 23.0 (flags = 0x41)
0   ... 
20  -O                                                                        (1 = 100.0%) {0.0%}
24  ... 

Histogram: Navigation.Preconnect.PreresolveJobQueueLength recorded 24 samples, mean = 0.5 (flags = 0x41)
0  ------------O                                                             (12 = 50.0%)
1  ------------O                                                             (12 = 50.0%) {50.0%}
2  ... 

Histogram: Navigation.Preconnect.PreresolveJobQueueingTime recorded 12 samples, mean = 0.0 (flags = 0x41)
0  ------------O                                                             (12 = 100.0%)
1  ... 

Histogram: Navigation.Preconnect.ProxyLookupCallbackQueueingTime recorded 12 samples, mean = 601.6 (flags = 0x41)
0     ---O                                                                      (3 = 25.0%)
1     O                                                                         (0 = 0.0%) {25.0%}
2     -O                                                                        (1 = 8.3%) {25.0%}
3     ... 
6     --O                                                                       (2 = 16.7%) {33.3%}
7     O                                                                         (0 = 0.0%) {50.0%}
8     -O                                                                        (1 = 8.3%) {50.0%}
10    ... 
14    -O                                                                        (1 = 8.3%) {58.3%}
17    ... 
318   --O                                                                       (2 = 16.7%) {66.7%}
378   ... 
2990  --O                                                                       (2 = 16.7%) {83.3%}
3553  ... 

Histogram: Navigation.Preconnect.ProxyLookupLatency recorded 12 samples, mean = 933.0 (flags = 0x41)
0     -O                                                                        (1 = 8.3%)
1     --O                                                                       (2 = 16.7%) {8.3%}
2     -O                                                                        (1 = 8.3%) {25.0%}
3     ... 
8     -O                                                                        (1 = 8.3%) {33.3%}
10    ... 
17    ---O                                                                      (3 = 25.0%) {41.7%}
20    ... 
318   --O                                                                       (2 = 16.7%) {66.7%}
378   ... 
2990  -O                                                                        (1 = 8.3%) {83.3%}
3553  ... 
7083  -O                                                                        (1 = 8.3%) {91.7%}
8416  ... 

Histogram: Navigation.Preconnect.ResolveHostCallbackQueueingTime recorded 12 samples, mean = 88.3 (flags = 0x41)
0    -O                                                                        (1 = 8.3%)
1    ... 
4    --O                                                                       (2 = 16.7%) {8.3%}
5    -O                                                                        (1 = 8.3%) {25.0%}
6    ... 
8    --O                                                                       (2 = 16.7%) {33.3%}
10   ... 
14   ----O                                                                     (4 = 33.3%) {50.0%}
17   ... 
190  -O                                                                        (1 = 8.3%) {83.3%}
226  ... 
633  -O                                                                        (1 = 8.3%) {91.7%}
752  ... 

Histogram: Navigation.Preconnect.ResolveHostLatency recorded 12 samples, mean = 184.5 (flags = 0x41)
0    O                                                                         (0 = 0.0%)
1    -O                                                                        (1 = 8.3%) {0.0%}
2    ... 
4    -O                                                                        (1 = 8.3%) {8.3%}
5    -O                                                                        (1 = 8.3%) {16.7%}
6    ... 
8    --O                                                                       (2 = 16.7%) {25.0%}
10   ... 
14   --O                                                                       (2 = 16.7%) {41.7%}
17   -O                                                                        (1 = 8.3%) {58.3%}
20   ... 
318  -O                                                                        (1 = 8.3%) {66.7%}
378  --O                                                                       (2 = 16.7%) {75.0%}
449  ... 
894  -O                                                                        (1 = 8.3%) {91.7%}
1062 ... 

Histogram: Navigation.ProcessNavigationThrottlesTime.WillStartRequest.MainFrame recorded 3 samples, mean = 0.3 (flags = 0x41)
0  --O                                                                       (2 = 66.7%)
1  -O                                                                        (1 = 33.3%) {66.7%}
2  ... 

Histogram: Navigation.QueueTime.OnReceiveResponse.MainFrame recorded 2 samples, mean = 258.5 (flags = 0x41)
0    ... 
17   -O                                                                        (1 = 50.0%) {0.0%}
20   ... 
449  -O                                                                        (1 = 50.0%) {50.0%}
533  ... 

Histogram: Navigation.ReadyToCommitUntilCommit2 recorded 2 samples, mean = 49.5 (flags = 0x41)
0   ... 
20  -O                                                                        (1 = 50.0%) {0.0%}
25  ... 
66  -O                                                                        (1 = 50.0%) {50.0%}
84  ... 

Histogram: Navigation.ReadyToCommitUntilCommit2.ForegroundProcessPriority recorded 2 samples, mean = 49.5 (flags = 0x41)
0   ... 
20  -O                                                                        (1 = 50.0%) {0.0%}
25  ... 
66  -O                                                                        (1 = 50.0%) {50.0%}
84  ... 

Histogram: Navigation.ReadyToCommitUntilCommit2.NewNavigation recorded 2 samples, mean = 49.5 (flags = 0x41)
0   ... 
20  -O                                                                        (1 = 50.0%) {0.0%}
25  ... 
66  -O                                                                        (1 = 50.0%) {50.0%}
84  ... 

Histogram: Navigation.RegisterNavigationThrottlesTime.MainFrame recorded 3 samples, mean = 0.0 (flags = 0x41)
0  ---O                                                                      (3 = 100.0%)
1  ... 

Histogram: Navigation.RenderFrameHostConstructor recorded 2 samples, mean = 0.0 (flags = 0x41)
0  --O                                                                       (2 = 100.0%)
1  ... 

Histogram: Navigation.RenderFrameHostDestructor recorded 2 samples, mean = 1.5 (flags = 0x41)
0  O                                                                         (0 = 0.0%)
1  -O                                                                        (1 = 50.0%) {0.0%}
2  -O                                                                        (1 = 50.0%) {50.0%}
3  ... 

Histogram: Navigation.RenderViewHostConstructor recorded 2 samples, mean = 0.0 (flags = 0x41)
0  --O                                                                       (2 = 100.0%)
1  ... 

Histogram: Navigation.RenderViewHostDestructor recorded 2 samples, mean = 0.5 (flags = 0x41)
0  -O                                                                        (1 = 50.0%)
1  -O                                                                        (1 = 50.0%) {50.0%}
2  ... 

Histogram: Navigation.RenderWidgetHostConstructor recorded 2 samples, mean = 0.0 (flags = 0x41)
0  --O                                                                       (2 = 100.0%)
1  ... 

Histogram: Navigation.RenderWidgetHostDestructor recorded 2 samples, mean = 0.0 (flags = 0x41)
0  --O                                                                       (2 = 100.0%)
1  ... 

Histogram: Navigation.RendererCommitDelay.MainFrame recorded 2 samples, mean = 3.0 (flags = 0x41)
0  -O                                                                        (1 = 50.0%)
1  ... 
6  -O                                                                        (1 = 50.0%) {50.0%}
7  ... 

Histogram: Navigation.RendererCommitQueueTime.MainFrame recorded 2 samples, mean = 3.0 (flags = 0x41)
0  -O                                                                        (1 = 50.0%)
1  ... 
6  -O                                                                        (1 = 50.0%) {50.0%}
7  ... 

Histogram: Navigation.RendererDidNavigateTime.MainFrame recorded 2 samples, mean = 0.0 (flags = 0x41)
0  --O                                                                       (2 = 100.0%)
1  ... 

Histogram: Navigation.RequiresDedicatedProcess recorded 2 samples, mean = 1.0 (flags = 0x41)
0  O                                                                         (0 = 0.0%)
1  --O                                                                       (2 = 100.0%) {0.0%}
2  O                                                                         (0 = 0.0%) {100.0%}

Histogram: Navigation.RequiresDedicatedProcess.HTTPOrHTTPS recorded 2 samples, mean = 1.0 (flags = 0x41)
0  O                                                                         (0 = 0.0%)
1  --O                                                                       (2 = 100.0%) {0.0%}
2  O                                                                         (0 = 0.0%) {100.0%}

Histogram: Navigation.SameDocumentNavigationWithScreenshot recorded 2 samples, mean = 0.0 (flags = 0x41)
0  --O                                                                       (2 = 100.0%)
1  ... 

Histogram: Navigation.SendCommitNavigationTime.MainFrame recorded 2 samples, mean = 0.0 (flags = 0x41)
0  --O                                                                       (2 = 100.0%)
1  ... 

Histogram: Navigation.StartToCommit recorded 2 samples, mean = 5226.5 (flags = 0x41)
0     ... 
1901  -O                                                                        (1 = 50.0%) {0.0%}
2415  ... 
8000  -O                                                                        (1 = 50.0%) {50.0%}
10165 ... 

Histogram: Navigation.StartToCommit.CrossProcess recorded 1 samples, mean = 8158.0 (flags = 0x41)
0     ... 
8000  -O                                                                        (1 = 100.0%) {0.0%}
10165 ... 

Histogram: Navigation.StartToCommit.CrossProcess.ForegroundProcessPriority recorded 1 samples, mean = 8158.0 (flags = 0x41)
0     ... 
8000  -O                                                                        (1 = 100.0%) {0.0%}
10165 ... 

Histogram: Navigation.StartToCommit.CrossProcess.MainFrame recorded 1 samples, mean = 8158.0 (flags = 0x41)
0     ... 
8000  -O                                                                        (1 = 100.0%) {0.0%}
10165 ... 

Histogram: Navigation.StartToCommit.CrossProcess.MainFrame.ForegroundProcessPriority recorded 1 samples, mean = 8158.0 (flags = 0x41)
0     ... 
8000  -O                                                                        (1 = 100.0%) {0.0%}
10165 ... 

Histogram: Navigation.StartToCommit.CrossProcess.MainFrame.NewNavigation recorded 1 samples, mean = 8158.0 (flags = 0x41)
0     ... 
8000  -O                                                                        (1 = 100.0%) {0.0%}
10165 ... 

Histogram: Navigation.StartToCommit.CrossProcess.NewNavigation recorded 1 samples, mean = 8158.0 (flags = 0x41)
0     ... 
8000  -O                                                                        (1 = 100.0%) {0.0%}
10165 ... 

Histogram: Navigation.StartToCommit.ForegroundProcessPriority recorded 2 samples, mean = 5226.5 (flags = 0x41)
0     ... 
1901  -O                                                                        (1 = 50.0%) {0.0%}
2415  ... 
8000  -O                                                                        (1 = 50.0%) {50.0%}
10165 ... 

Histogram: Navigation.StartToCommit.MainFrame recorded 2 samples, mean = 5226.5 (flags = 0x41)
0     ... 
1901  -O                                                                        (1 = 50.0%) {0.0%}
2415  ... 
8000  -O                                                                        (1 = 50.0%) {50.0%}
10165 ... 

Histogram: Navigation.StartToCommit.MainFrame.ForegroundProcessPriority recorded 2 samples, mean = 5226.5 (flags = 0x41)
0     ... 
1901  -O                                                                        (1 = 50.0%) {0.0%}
2415  ... 
8000  -O                                                                        (1 = 50.0%) {50.0%}
10165 ... 

Histogram: Navigation.StartToCommit.MainFrame.NewNavigation recorded 2 samples, mean = 5226.5 (flags = 0x41)
0     ... 
1901  -O                                                                        (1 = 50.0%) {0.0%}
2415  ... 
8000  -O                                                                        (1 = 50.0%) {50.0%}
10165 ... 

Histogram: Navigation.StartToCommit.NewNavigation recorded 2 samples, mean = 5226.5 (flags = 0x41)
0     ... 
1901  -O                                                                        (1 = 50.0%) {0.0%}
2415  ... 
8000  -O                                                                        (1 = 50.0%) {50.0%}
10165 ... 

Histogram: Navigation.StartToCommit.SameProcess recorded 1 samples, mean = 2295.0 (flags = 0x41)
0     ... 
1901  -O                                                                        (1 = 100.0%) {0.0%}
2415  ... 

Histogram: Navigation.StartToCommit.SameProcess.ForegroundProcessPriority recorded 1 samples, mean = 2295.0 (flags = 0x41)
0     ... 
1901  -O                                                                        (1 = 100.0%) {0.0%}
2415  ... 

Histogram: Navigation.StartToCommit.SameProcess.MainFrame recorded 1 samples, mean = 2295.0 (flags = 0x41)
0     ... 
1901  -O                                                                        (1 = 100.0%) {0.0%}
2415  ... 

Histogram: Navigation.StartToCommit.SameProcess.MainFrame.ForegroundProcessPriority recorded 1 samples, mean = 2295.0 (flags = 0x41)
0     ... 
1901  -O                                                                        (1 = 100.0%) {0.0%}
2415  ... 

Histogram: Navigation.StartToCommit.SameProcess.MainFrame.NewNavigation recorded 1 samples, mean = 2295.0 (flags = 0x41)
0     ... 
1901  -O                                                                        (1 = 100.0%) {0.0%}
2415  ... 

Histogram: Navigation.StartToCommit.SameProcess.NewNavigation recorded 1 samples, mean = 2295.0 (flags = 0x41)
0     ... 
1901  -O                                                                        (1 = 100.0%) {0.0%}
2415  ... 

Histogram: Navigation.SuddenTerminationDisabler.AllOrigins recorded 2 samples, mean = 7.0 (flags = 0x41)
0   O                                                                         (0 = 0.0%)
1   -O                                                                        (1 = 50.0%) {0.0%}
2   ... 
13  -O                                                                        (1 = 50.0%) {50.0%}
14  ... 

Histogram: Navigation.SuddenTerminationDisabler.SameOrigin recorded 2 samples, mean = 7.0 (flags = 0x41)
0   O                                                                         (0 = 0.0%)
1   -O                                                                        (1 = 50.0%) {0.0%}
2   ... 
13  -O                                                                        (1 = 50.0%) {50.0%}
14  ... 

Histogram: Navigation.SwapRFHToCompositorCreation recorded 1 samples, mean = 151.0 (flags = 0x41)
0    ... 
131  -O                                                                        (1 = 100.0%) {0.0%}
170  ... 

Histogram: Navigation.ThrottleCount recorded 3 samples, mean = 20.0 (flags = 0x41)
0   ... 
20  ---O                                                                      (3 = 100.0%) {0.0%}
21  ... 

Histogram: Navigation.ThrottleEventDurationTime.WillProcessResponse recorded 2 samples, mean = 0.0 (flags = 0x41)
0  --O                                                                       (2 = 100.0%)
1  ... 

Histogram: Navigation.ThrottleEventDurationTime.WillStartRequest recorded 3 samples, mean = 0.0 (flags = 0x41)
0  ---O                                                                      (3 = 100.0%)
1  ... 

Histogram: Navigation.ThrottleEventExecutionTime.WillProcessResponse recorded 2 samples, mean = 0.0 (flags = 0x41)
0  --O                                                                       (2 = 100.0%)
1  ... 

Histogram: Navigation.ThrottleEventExecutionTime.WillStartRequest recorded 3 samples, mean = 0.0 (flags = 0x41)
0  ---O                                                                      (3 = 100.0%)
1  ... 

Histogram: Navigation.ThrottleExecutionTime.WillProcessResponse recorded 40 samples, mean = 0.0 (flags = 0x41)
0  ----------------------------------------O                                 (40 = 100.0%)
1  ... 

Histogram: Navigation.ThrottleExecutionTime.WillStartRequest recorded 60 samples, mean = 0.0 (flags = 0x41)
0  ------------------------------------------------------------O             (60 = 100.0%)
1  ... 

Histogram: Navigation.ThrottleTotalDeferCount recorded 5 samples, mean = 0.0 (flags = 0x41)
0  -----O                                                                    (5 = 100.0%)
1  ... 

Histogram: Navigation.ThrottleTotalDeferCount.Request recorded 5 samples, mean = 0.0 (flags = 0x41)
0  -----O                                                                    (5 = 100.0%)
1  ... 

Histogram: Navigation.ThrottleTotalDeferTime recorded 5 samples, mean = 0.0 (flags = 0x41)
0  -----O                                                                    (5 = 100.0%)
1  ... 

Histogram: Navigation.ThrottleTotalDeferTime.Request recorded 5 samples, mean = 0.0 (flags = 0x41)
0  -----O                                                                    (5 = 100.0%)
1  ... 

Histogram: Navigation.Throttles.PolicyBlocklist.DeferDurationTime recorded 3 samples, mean = 0.0 (flags = 0x41)
0  ---O                                                                      (3 = 100.0%)
1  ... 

Histogram: Navigation.Throttles.PolicyBlocklist.RequestThrottleAction recorded 3 samples, mean = 3.0 (flags = 0x41)
0  O                                                                         (0 = 0.0%)
1  -O                                                                        (1 = 33.3%) {0.0%}
2  ... 
4  --O                                                                       (2 = 66.7%) {33.3%}
5  ... 

Histogram: Navigation.Throttles.PolicyBlocklist.RequestToResponseTime recorded 2 samples, mean = 0.0 (flags = 0x41)
0  --O                                                                       (2 = 100.0%)
1  ... 

Histogram: Navigation.TimeToReadyToCommit2 recorded 2 samples, mean = 5176.5 (flags = 0x41)
0     ... 
1901  -O                                                                        (1 = 50.0%) {0.0%}
2415  ... 
8000  -O                                                                        (1 = 50.0%) {50.0%}
10165 ... 

Histogram: Navigation.TimeToReadyToCommit2.CrossProcess recorded 1 samples, mean = 8135.0 (flags = 0x41)
0     ... 
8000  -O                                                                        (1 = 100.0%) {0.0%}
10165 ... 

Histogram: Navigation.TimeToReadyToCommit2.CrossProcess.NewNavigation recorded 1 samples, mean = 8135.0 (flags = 0x41)
0     ... 
8000  -O                                                                        (1 = 100.0%) {0.0%}
10165 ... 

Histogram: Navigation.TimeToReadyToCommit2.MainFrame recorded 2 samples, mean = 5176.5 (flags = 0x41)
0     ... 
1901  -O                                                                        (1 = 50.0%) {0.0%}
2415  ... 
8000  -O                                                                        (1 = 50.0%) {50.0%}
10165 ... 

Histogram: Navigation.TimeToReadyToCommit2.MainFrame.NewNavigation recorded 2 samples, mean = 5176.5 (flags = 0x41)
0     ... 
1901  -O                                                                        (1 = 50.0%) {0.0%}
2415  ... 
8000  -O                                                                        (1 = 50.0%) {50.0%}
10165 ... 

Histogram: Navigation.TimeToReadyToCommit2.NewNavigation recorded 2 samples, mean = 5176.5 (flags = 0x41)
0     ... 
1901  -O                                                                        (1 = 50.0%) {0.0%}
2415  ... 
8000  -O                                                                        (1 = 50.0%) {50.0%}
10165 ... 

Histogram: Navigation.TimeToReadyToCommit2.SameProcess recorded 1 samples, mean = 2218.0 (flags = 0x41)
0     ... 
1901  -O                                                                        (1 = 100.0%) {0.0%}
2415  ... 

Histogram: Navigation.TimeToReadyToCommit2.SameProcess.NewNavigation recorded 1 samples, mean = 2218.0 (flags = 0x41)
0     ... 
1901  -O                                                                        (1 = 100.0%) {0.0%}
2415  ... 

Histogram: Navigation.Unload recorded 1 samples, mean = 0.0 (flags = 0x41)
0  -O                                                                        (1 = 100.0%)
1  ... 

Histogram: Navigation.UserAgentStringType recorded 4 samples, mean = 1.0 (flags = 0x41)
0  O                                                                         (0 = 0.0%)
1  ----O                                                                     (4 = 100.0%) {0.0%}
2  ... 

Histogram: Navigation.WillStartRequestToLoaderStart.MainFrame recorded 3 samples, mean = 0.3 (flags = 0x41)
0  --O                                                                       (2 = 66.7%)
1  -O                                                                        (1 = 33.3%) {66.7%}
2  ... 

Histogram: NavigationPredictor.SearchEnginePreconnector.IsBrowserAppLikelyInForeground recorded 43 samples, mean = 0.1 (flags = 0x41)
0  ----------------------------------------O                                 (40 = 93.0%)
1  ---O                                                                      (3 = 7.0%) {93.0%}
2  O                                                                         (0 = 0.0%) {100.0%}

Histogram: NavigationSuggestion.GetDomainInfoDelayBeforeAllowingNavigation recorded 2 samples, mean = 0.0 (flags = 0x41)
0  --O                                                                       (2 = 100.0%)
1  ... 

Histogram: NavigationSuggestion.IsLookalikeUrlDelayBeforeAllowingNavigation recorded 2 samples, mean = 0.0 (flags = 0x41)
0  --O                                                                       (2 = 100.0%)
1  ... 

Histogram: NavigationSuggestion.PerformChecksDelayBeforeAllowingNavigation recorded 2 samples, mean = 0.0 (flags = 0x41)
0  --O                                                                       (2 = 100.0%)
1  ... 

Histogram: Net.AlternateProtocolUsage recorded 50 samples, mean = 2.5 (flags = 0x41)
0  ----------O                                                               (10 = 20.0%)
1  ----------------------O                                                   (22 = 44.0%) {20.0%}
2  -O                                                                        (1 = 2.0%) {64.0%}
3  ----O                                                                     (4 = 8.0%) {66.0%}
4  ... 
7  -------------O                                                            (13 = 26.0%) {74.0%}
8  O                                                                         (0 = 0.0%) {100.0%}

Histogram: Net.AlternateProtocolUsageGoogle recorded 28 samples, mean = 2.2 (flags = 0x41)
0  O                                                                         (0 = 0.0%)
1  -------------------O                                                      (19 = 67.9%) {0.0%}
2  -O                                                                        (1 = 3.6%) {67.9%}
3  ----O                                                                     (4 = 14.3%) {71.4%}
4  ... 
7  ----O                                                                     (4 = 14.3%) {85.7%}
8  O                                                                         (0 = 0.0%) {100.0%}

Histogram: Net.AlternativeServiceTypeForRequest recorded 61 samples, mean = 0.7 (flags = 0x41)
0  --------------------O                                                     (20 = 32.8%)
1  -----------------------------------------O                                (41 = 67.2%) {32.8%}
2  ... 

Histogram: Net.CertVerifier.PathBuilderIterationCount recorded 19 samples, mean = 2.0 (flags = 0x41)
0  ... 
2  -------------------O                                                      (19 = 100.0%) {0.0%}
3  ... 

Histogram: Net.CertVerifier_First_Job_Latency recorded 2 samples, mean = 1181.5 (flags = 0x41)
0     ... 
446   -O                                                                        (1 = 50.0%) {0.0%}
505   ... 
1750  -O                                                                        (1 = 50.0%) {50.0%}
1981  ... 

Histogram: Net.CertVerifier_Job_Latency recorded 19 samples, mean = 235.6 (flags = 0x41)
0     ... 
11    -O                                                                        (1 = 5.3%) {0.0%}
12    ... 
16    -O                                                                        (1 = 5.3%) {5.3%}
18    O                                                                         (0 = 0.0%) {10.5%}
20    -O                                                                        (1 = 5.3%) {10.5%}
23    -O                                                                        (1 = 5.3%) {15.8%}
26    ---O                                                                      (3 = 15.8%) {21.1%}
29    --O                                                                       (2 = 10.5%) {36.8%}
33    -O                                                                        (1 = 5.3%) {47.4%}
37    -O                                                                        (1 = 5.3%) {52.6%}
42    -O                                                                        (1 = 5.3%) {57.9%}
48    O                                                                         (0 = 0.0%) {63.2%}
54    -O                                                                        (1 = 5.3%) {63.2%}
61    ... 
78    -O                                                                        (1 = 5.3%) {68.4%}
88    ... 
446   ---O                                                                      (3 = 15.8%) {73.7%}
505   ... 
648   -O                                                                        (1 = 5.3%) {89.5%}
734   ... 
1750  -O                                                                        (1 = 5.3%) {94.7%}
1981  ... 

Histogram: Net.Certificate.TrustAnchor.Request recorded 46 samples (flags = 0x41)
200  --O                                                                       (2 = 4.3%)
210  -------O                                                                  (7 = 15.2%)
483  ----O                                                                     (4 = 8.7%)
486  ---------------------------------O                                        (33 = 71.7%)

Histogram: Net.Certificate.TrustAnchor.Verify recorded 19 samples (flags = 0x41)
200  --O                                                                       (2 = 10.5%)
210  --O                                                                       (2 = 10.5%)
483  --O                                                                       (2 = 10.5%)
486  -------------O                                                            (13 = 68.4%)

Histogram: Net.ConnectionInfo.MainFrame recorded 2 samples, mean = 40.0 (flags = 0x41)
0   ... 
40  --O                                                                       (2 = 100.0%) {0.0%}
41  ... 

Histogram: Net.ConnectionInfo.SubResource recorded 18 samples, mean = 25.7 (flags = 0x41)
0   O                                                                         (0 = 0.0%)
1   --O                                                                       (2 = 11.1%) {0.0%}
2   ... 
4   -----O                                                                    (5 = 27.8%) {11.1%}
5   ... 
40  -----------O                                                              (11 = 61.1%) {38.9%}
41  ... 

Histogram: Net.ContentEncodingType recorded 83 samples, mean = 0.7 (flags = 0x41)
0  ---------------------------------O                                        (33 = 39.8%)
1  ---------------------------------------O                                  (39 = 47.0%) {39.8%}
2  -----------O                                                              (11 = 13.3%) {86.7%}
3  ... 

Histogram: Net.Cors.AccessCheckResult recorded 15 samples, mean = 0.0 (flags = 0x41)
0  ---------------O                                                          (15 = 100.0%)
1  ... 

Histogram: Net.CountOfQuicServerInfos recorded 1 samples, mean = 0.0 (flags = 0x41)
0  -O                                                                        (1 = 100.0%)
1  ... 

Histogram: Net.DNS.DnsConfig.DnsClientCapability recorded 77 samples, mean = 1.0 (flags = 0x41)
0  O                                                                         (0 = 0.0%)
1  ------------------------------------------------------------------------O (77 = 100.0%) {0.0%}
2  ... 

Histogram: Net.DNS.DnsConfig.SecureDnsMode recorded 1 samples, mean = 4.0 (flags = 0x41)
0  ... 
4  -O                                                                        (1 = 100.0%) {0.0%}
5  ... 

Histogram: Net.DNS.DnsConfig.Windows.Compatibility recorded 4 samples, mean = 0.0 (flags = 0x41)
0  ----O                                                                     (4 = 100.0%)
1  ... 

Histogram: Net.DNS.DnsConfig.Windows.ReadSystemSettings0 recorded 3 samples, mean = 0.0 (flags = 0x41)
0  ---O                                                                      (3 = 100.0%)
1  ... 

Histogram: Net.DNS.DnsHosts.Count recorded 1 samples, mean = 20.0 (flags = 0x41)
0   ... 
20  -O                                                                        (1 = 100.0%) {0.0%}
25  ... 

Histogram: Net.DNS.DnsHosts.EstimateMemoryUsage recorded 1 samples, mean = 2236.0 (flags = 0x41)
0     ... 
2174  -O                                                                        (1 = 100.0%) {0.0%}
2475  ... 

Histogram: Net.DNS.DnsHosts.FileSize recorded 1 samples, mean = 1827.0 (flags = 0x41)
0     ... 
1539  -O                                                                        (1 = 100.0%) {0.0%}
2224  ... 

Histogram: Net.DNS.DnsTask.SuccessTime recorded 31 samples, mean = 197.6 (flags = 0x41)
0     ... 
89    --------O                                                                 (8 = 25.8%) {0.0%}
103   ------------O                                                             (12 = 38.7%) {25.8%}
119   -----O                                                                    (5 = 16.1%) {64.5%}
137   --O                                                                       (2 = 6.5%) {80.6%}
158   ... 
242   -O                                                                        (1 = 3.2%) {87.1%}
279   ... 
372   -O                                                                        (1 = 3.2%) {90.3%}
429   ... 
1013  -O                                                                        (1 = 3.2%) {93.5%}
1169  -O                                                                        (1 = 3.2%) {96.8%}
1349  ... 

Histogram: Net.DNS.DnsTask.SvcbHttpsTransactionError recorded 30 samples, mean = 0.0 (flags = 0x41)
0  ------------------------------O                                           (30 = 100.0%)
1  ... 

Histogram: Net.DNS.DnsTransaction.AttemptType recorded 99 samples, mean = 0.0 (flags = 0x41)
0  ------------------------------------------------------------------------O (99 = 100.0%)
1  ... 

Histogram: Net.DNS.DnsTransaction.Insecure.Other.SuccessTime recorded 92 samples, mean = 118.9 (flags = 0x41)
0    ... 
66   -----O                                                                    (5 = 5.4%) {0.0%}
84   -------------------------------------------O                              (43 = 46.7%) {5.4%}
107  --------------------------------O                                         (32 = 34.8%) {52.2%}
136  ----O                                                                     (4 = 4.3%) {87.0%}
173  -----O                                                                    (5 = 5.4%) {91.3%}
220  O                                                                         (0 = 0.0%) {96.7%}
280  --O                                                                       (2 = 2.2%) {96.7%}
356  -O                                                                        (1 = 1.1%) {98.9%}
452  ... 

Histogram: Net.DNS.H3SupportedGoogleHost.TaskTypeMetadataAvailability2 recorded 2 samples, mean = 3.0 (flags = 0x41)
0  ... 
3  --O                                                                       (2 = 100.0%) {0.0%}
4  ... 

Histogram: Net.DNS.HTTPSSVC.RecordHttps.Insecure.ExpectNoerror.DnsRcode recorded 31 samples, mean = 2.9 (flags = 0x41)
0  -O                                                                        (1 = 3.2%)
1  ... 
3  ------------------------------O                                           (30 = 96.8%) {3.2%}
4  ... 

Histogram: Net.DNS.HTTPSSVC.RecordHttps.Insecure.ExpectNoerror.Parsable recorded 4 samples, mean = 1.0 (flags = 0x41)
0  O                                                                         (0 = 0.0%)
1  ----O                                                                     (4 = 100.0%) {0.0%}
2  O                                                                         (0 = 0.0%) {100.0%}

Histogram: Net.DNS.HTTPSSVC.RecordHttps.Insecure.ExpectNoerror.ResolveTimeAddress recorded 62 samples, mean = 184.3 (flags = 0x41)
0     ... 
66    -----O                                                                    (5 = 8.1%) {0.0%}
84    ---------------------------O                                              (27 = 43.5%) {8.1%}
107   --------------------O                                                     (20 = 32.3%) {51.6%}
136   --O                                                                       (2 = 3.2%) {83.9%}
173   ---O                                                                      (3 = 4.8%) {87.1%}
220   ... 
356   -O                                                                        (1 = 1.6%) {91.9%}
452   ... 
926   ---O                                                                      (3 = 4.8%) {93.5%}
1177  -O                                                                        (1 = 1.6%) {98.4%}
1496  ... 

Histogram: Net.DNS.HTTPSSVC.RecordHttps.Insecure.ExpectNoerror.ResolveTimeExperimental recorded 31 samples, mean = 186.3 (flags = 0x41)
0     ... 
84    ------------O                                                             (12 = 38.7%) {0.0%}
107   --------------O                                                           (14 = 45.2%) {38.7%}
136   -O                                                                        (1 = 3.2%) {83.9%}
173   --O                                                                       (2 = 6.5%) {87.1%}
220   ... 
926   -O                                                                        (1 = 3.2%) {93.5%}
1177  -O                                                                        (1 = 3.2%) {96.8%}
1496  ... 

Histogram: Net.DNS.HTTPSSVC.RecordHttps.Insecure.ExpectNoerror.ResolveTimeRatio recorded 31 samples, mean = 9.4 (flags = 0x41)
0   ... 
5   -O                                                                        (1 = 3.2%) {0.0%}
6   O                                                                         (0 = 0.0%) {3.2%}
7   --O                                                                       (2 = 6.5%) {3.2%}
8   O                                                                         (0 = 0.0%) {9.7%}
9   --------------O                                                           (14 = 45.2%) {9.7%}
10  -----------O                                                              (11 = 35.5%) {54.8%}
11  --O                                                                       (2 = 6.5%) {90.3%}
12  O                                                                         (0 = 0.0%) {96.8%}
13  -O                                                                        (1 = 3.2%) {96.8%}
14  ... 

Histogram: Net.DNS.JobQueueTime.PerTransaction recorded 93 samples, mean = 0.1 (flags = 0x41)
0  ------------------------------------------------------------------------O (83 = 89.2%)
1  ------O                                                                   (7 = 7.5%) {89.2%}
2  ---O                                                                      (3 = 3.2%) {96.8%}
3  ... 

Histogram: Net.DNS.JobQueueTime.Success recorded 31 samples, mean = 0.8 (flags = 0x41)
0  ---------------O                                                          (15 = 48.4%)
1  ----------O                                                               (10 = 32.3%) {48.4%}
2  ----O                                                                     (4 = 12.9%) {80.6%}
3  -O                                                                        (1 = 3.2%) {93.5%}
4  -O                                                                        (1 = 3.2%) {96.8%}
5  ... 

Histogram: Net.DNS.Request.TotalTime recorded 241 samples, mean = 24.0 (flags = 0x41)
0     ------------------------------------------------------------------------O (212 = 88.0%)
10    ... 
92    -----O                                                                    (15 = 6.2%) {88.0%}
113   ---O                                                                      (10 = 4.1%) {94.2%}
139   O                                                                         (1 = 0.4%) {98.3%}
171   ... 
389   O                                                                         (1 = 0.4%) {98.8%}
477   ... 
1081  O                                                                         (1 = 0.4%) {99.2%}
1326  O                                                                         (1 = 0.4%) {99.6%}
1627  ... 

Histogram: Net.DNS.Request.TotalTimeAsync recorded 39 samples, mean = 148.2 (flags = 0x41)
0     ----------O                                                               (10 = 25.6%)
10    ... 
92    ---------------O                                                          (15 = 38.5%) {25.6%}
113   ----------O                                                               (10 = 25.6%) {64.1%}
139   -O                                                                        (1 = 2.6%) {89.7%}
171   ... 
389   -O                                                                        (1 = 2.6%) {92.3%}
477   ... 
1081  -O                                                                        (1 = 2.6%) {94.9%}
1326  -O                                                                        (1 = 2.6%) {97.4%}
1627  ... 

Histogram: Net.DNS.ResolveCategory recorded 41 samples, mean = 0.3 (flags = 0x41)
0  -----------------------------O                                            (29 = 70.7%)
1  ----------O                                                               (10 = 24.4%) {70.7%}
2  --O                                                                       (2 = 4.9%) {95.1%}
3  ... 

Histogram: Net.DNS.ResolveError.Fast recorded 10 samples (flags = 0x41)
105  ----------O                                                               (10 = 100.0%)

Histogram: Net.DNS.ResolveFailureTime recorded 10 samples, mean = 0.6 (flags = 0x41)
0  --------O                                                                 (8 = 80.0%)
1  ... 
3  --O                                                                       (2 = 20.0%) {80.0%}
4  ... 

Histogram: Net.DNS.ResolveSuccessTime recorded 29 samples, mean = 198.8 (flags = 0x41)
0     ... 
89    --------O                                                                 (8 = 27.6%) {0.0%}
103   -----------O                                                              (11 = 37.9%) {27.6%}
119   -----O                                                                    (5 = 17.2%) {65.5%}
137   --O                                                                       (2 = 6.9%) {82.8%}
158   ... 
372   -O                                                                        (1 = 3.4%) {89.7%}
429   ... 
1013  -O                                                                        (1 = 3.4%) {93.1%}
1169  -O                                                                        (1 = 3.4%) {96.6%}
1349  ... 

Histogram: Net.DNS.SystemTask.FailureTime recorded 10 samples, mean = 0.6 (flags = 0x41)
0  --------O                                                                 (8 = 80.0%)
1  ... 
3  --O                                                                       (2 = 20.0%) {80.0%}
4  ... 

Histogram: Net.DNS.UpgradeConfig.HasPublicInsecureNameserver recorded 1 samples, mean = 0.0 (flags = 0x41)
0  -O                                                                        (1 = 100.0%)
1  ... 

Histogram: Net.DNS.UpgradeConfig.InsecureUpgradeSucceeded recorded 1 samples, mean = 0.0 (flags = 0x41)
0  -O                                                                        (1 = 100.0%)
1  ... 

Histogram: Net.DNS_Resolution_And_TCP_Connection_Latency2 recorded 21 samples, mean = 323.0 (flags = 0x41)
0    ... 
29   -O                                                                        (1 = 4.8%) {0.0%}
33   ... 
128  --O                                                                       (2 = 9.5%) {4.8%}
145  ... 
307  -----O                                                                    (5 = 23.8%) {14.3%}
348  -------------O                                                            (13 = 61.9%) {38.1%}
394  ... 

Histogram: Net.Dns.ResolveTimeDiff.AAAABeforeA.FirstRecord100msTo250ms recorded 8 samples, mean = 8.6 (flags = 0x41)
0   ---O                                                                      (3 = 37.5%)
1   ... 
3   -O                                                                        (1 = 12.5%) {37.5%}
4   ... 
6   -O                                                                        (1 = 12.5%) {50.0%}
7   O                                                                         (0 = 0.0%) {62.5%}
8   -O                                                                        (1 = 12.5%) {62.5%}
10  -O                                                                        (1 = 12.5%) {75.0%}
12  ... 
40  -O                                                                        (1 = 12.5%) {87.5%}
48  ... 

Histogram: Net.Dns.ResolveTimeDiff.AAAABeforeA.FirstRecord50msTo100ms recorded 9 samples, mean = 11.4 (flags = 0x41)
0   -O                                                                        (1 = 11.1%)
1   O                                                                         (0 = 0.0%) {11.1%}
2   -O                                                                        (1 = 11.1%) {11.1%}
3   ... 
7   -O                                                                        (1 = 11.1%) {22.2%}
8   O                                                                         (0 = 0.0%) {33.3%}
10  ----O                                                                     (4 = 44.4%) {33.3%}
12  O                                                                         (0 = 0.0%) {77.8%}
14  -O                                                                        (1 = 11.1%) {77.8%}
17  ... 
34  -O                                                                        (1 = 11.1%) {88.9%}
40  ... 

Histogram: Net.Dns.ResolveTimeDiff.AAAABeforeA.FirstRecordSlowerThan1s recorded 1 samples, mean = 9.0 (flags = 0x41)
0  ... 
8  -O                                                                        (1 = 100.0%) {0.0%}
10 ... 

Histogram: Net.Dns.ResolveTimeDiff.ABeforeAAAA.FirstRecord100msTo250ms recorded 6 samples, mean = 31.0 (flags = 0x41)
0    --O                                                                       (2 = 33.3%)
1    ... 
3    --O                                                                       (2 = 33.3%) {33.3%}
4    -O                                                                        (1 = 16.7%) {66.7%}
5    ... 
160  -O                                                                        (1 = 16.7%) {83.3%}
190  ... 

Histogram: Net.Dns.ResolveTimeDiff.ABeforeAAAA.FirstRecord50msTo100ms recorded 6 samples, mean = 3.7 (flags = 0x41)
0   --O                                                                       (2 = 33.3%)
1   -O                                                                        (1 = 16.7%) {33.3%}
2   -O                                                                        (1 = 16.7%) {50.0%}
3   ... 
5   -O                                                                        (1 = 16.7%) {66.7%}
6   ... 
14  -O                                                                        (1 = 16.7%) {83.3%}
17  ... 

Histogram: Net.Dns.ResolveTimeDiff.ABeforeAAAA.FirstRecordSlowerThan1s recorded 1 samples, mean = 151.0 (flags = 0x41)
0    ... 
135  -O                                                                        (1 = 100.0%) {0.0%}
160  ... 

Histogram: Net.Dns.ResolveTimeDiff.AddressRecordBeforeHTTPS.FirstRecord100msTo250ms recorded 4 samples, mean = 3.5 (flags = 0x41)
0  -O                                                                        (1 = 25.0%)
1  ... 
3  --O                                                                       (2 = 50.0%) {25.0%}
4  ... 
8  -O                                                                        (1 = 25.0%) {75.0%}
10 ... 

Histogram: Net.Dns.ResolveTimeDiff.AddressRecordBeforeHTTPS.FirstRecord50msTo100ms recorded 7 samples, mean = 13.3 (flags = 0x41)
0   -O                                                                        (1 = 14.3%)
1   ... 
12  -O                                                                        (1 = 14.3%) {14.3%}
14  ---O                                                                      (3 = 42.9%) {28.6%}
17  --O                                                                       (2 = 28.6%) {71.4%}
20  ... 

Histogram: Net.Dns.ResolveTimeDiff.AddressRecordBeforeHTTPS.FirstRecordSlowerThan1s recorded 2 samples, mean = 84.0 (flags = 0x41)
0    ... 
8    -O                                                                        (1 = 50.0%) {0.0%}
10   ... 
135  -O                                                                        (1 = 50.0%) {50.0%}
160  ... 

Histogram: Net.ErrorCodesForMainFrame4 recorded 3 samples (flags = 0x41)
0  --O                                                                       (2 = 66.7%)
3  -O                                                                        (1 = 33.3%)

Histogram: Net.ErrorCodesForSubresources3 recorded 57 samples (flags = 0x41)
0  ---------------------------------------------------------O                (57 = 100.0%)

Histogram: Net.HttpJob.BytesReceived2 recorded 46 samples, mean = 6571.7 (flags = 0x41)
0      ... 
56     -O                                                                        (1 = 2.2%) {0.0%}
80     ... 
237    ----O                                                                     (4 = 8.7%) {2.2%}
340    ---O                                                                      (3 = 6.5%) {10.9%}
488    ------O                                                                   (6 = 13.0%) {17.4%}
700    O                                                                         (0 = 0.0%) {30.4%}
1004   -----------------O                                                        (17 = 37.0%) {30.4%}
1440   --O                                                                       (2 = 4.3%) {67.4%}
2065   O                                                                         (0 = 0.0%) {71.7%}
2961   ---------O                                                                (9 = 19.6%) {71.7%}
4246   ... 
17959  --O                                                                       (2 = 4.3%) {91.3%}
25755  ... 
75961  --O                                                                       (2 = 4.3%) {95.7%}
108935 ... 

Histogram: Net.HttpJob.BytesSent2 recorded 46 samples, mean = 952.2 (flags = 0x41)
0     ... 
13    --O                                                                       (2 = 4.3%) {0.0%}
19    -O                                                                        (1 = 2.2%) {4.3%}
27    -O                                                                        (1 = 2.2%) {6.5%}
39    ... 
80    -O                                                                        (1 = 2.2%) {8.7%}
115   -O                                                                        (1 = 2.2%) {10.9%}
165   -O                                                                        (1 = 2.2%) {13.0%}
237   O                                                                         (0 = 0.0%) {15.2%}
340   -O                                                                        (1 = 2.2%) {15.2%}
488   --------O                                                                 (8 = 17.4%) {17.4%}
700   -----O                                                                    (5 = 10.9%) {34.8%}
1004  -----------------------O                                                  (23 = 50.0%) {45.7%}
1440  -O                                                                        (1 = 2.2%) {95.7%}
2065  ... 
6089  -O                                                                        (1 = 2.2%) {97.8%}
8732  ... 

Histogram: Net.HttpJob.MainJobWaitTimeWithAvailableSpdySession recorded 1 samples, mean = 0.0 (flags = 0x41)
0  -O                                                                        (1 = 100.0%)
1  ... 

Histogram: Net.HttpJob.MainJobWaitTimeWithoutAvailableSpdySession recorded 30 samples, mean = 119.5 (flags = 0x41)
0    ---O                                                                      (3 = 10.0%)
1    ... 
48   ------O                                                                   (6 = 20.0%) {10.0%}
57   ---------O                                                                (9 = 30.0%) {30.0%}
68   ----O                                                                     (4 = 13.3%) {60.0%}
81   ... 
268  --------O                                                                 (8 = 26.7%) {73.3%}
318  ... 

Histogram: Net.HttpJob.PrefilterBytesRead recorded 85 samples, mean = 18253.8 (flags = 0x41)
0       ----O                                                                     (4 = 4.7%)
1       ... 
13      --O                                                                       (2 = 2.4%) {4.7%}
19      --O                                                                       (2 = 2.4%) {7.1%}
27      O                                                                         (0 = 0.0%) {9.4%}
39      -O                                                                        (1 = 1.2%) {9.4%}
56      ---O                                                                      (3 = 3.5%) {10.6%}
80      --O                                                                       (2 = 2.4%) {14.1%}
115     O                                                                         (0 = 0.0%) {16.5%}
165     ---O                                                                      (3 = 3.5%) {16.5%}
237     --O                                                                       (2 = 2.4%) {20.0%}
340     -O                                                                        (1 = 1.2%) {22.4%}
488     -----O                                                                    (5 = 5.9%) {23.5%}
700     -----O                                                                    (5 = 5.9%) {29.4%}
1004    -----------------O                                                        (17 = 20.0%) {35.3%}
1440    ---O                                                                      (3 = 3.5%) {55.3%}
2065    ----O                                                                     (4 = 4.7%) {58.8%}
2961    --O                                                                       (2 = 2.4%) {63.5%}
4246    ---O                                                                      (3 = 3.5%) {65.9%}
6089    -O                                                                        (1 = 1.2%) {69.4%}
8732    --O                                                                       (2 = 2.4%) {70.6%}
12523   O                                                                         (0 = 0.0%) {72.9%}
17959   --------O                                                                 (8 = 9.4%) {72.9%}
25755   --O                                                                       (2 = 2.4%) {82.4%}
36935   ----O                                                                     (4 = 4.7%) {84.7%}
52968   O                                                                         (0 = 0.0%) {89.4%}
75961   ------O                                                                   (6 = 7.1%) {89.4%}
108935  --O                                                                       (2 = 2.4%) {96.5%}
156223  -O                                                                        (1 = 1.2%) {98.8%}
224038  ... 

Histogram: Net.HttpJob.PrefilterBytesRead.Cache recorded 43 samples, mean = 29989.4 (flags = 0x41)
0       ... 
165     --O                                                                       (2 = 4.7%) {0.0%}
237     O                                                                         (0 = 0.0%) {4.7%}
340     -O                                                                        (1 = 2.3%) {4.7%}
488     ----O                                                                     (4 = 9.3%) {7.0%}
700     ----O                                                                     (4 = 9.3%) {16.3%}
1004    -O                                                                        (1 = 2.3%) {25.6%}
1440    --O                                                                       (2 = 4.7%) {27.9%}
2065    --O                                                                       (2 = 4.7%) {32.6%}
2961    --O                                                                       (2 = 4.7%) {37.2%}
4246    ---O                                                                      (3 = 7.0%) {41.9%}
6089    -O                                                                        (1 = 2.3%) {48.8%}
8732    --O                                                                       (2 = 4.7%) {51.2%}
12523   O                                                                         (0 = 0.0%) {55.8%}
17959   ------O                                                                   (6 = 14.0%) {55.8%}
25755   --O                                                                       (2 = 4.7%) {69.8%}
36935   ----O                                                                     (4 = 9.3%) {74.4%}
52968   O                                                                         (0 = 0.0%) {83.7%}
75961   ----O                                                                     (4 = 9.3%) {83.7%}
108935  --O                                                                       (2 = 4.7%) {93.0%}
156223  -O                                                                        (1 = 2.3%) {97.7%}
224038  ... 

Histogram: Net.HttpJob.PrefilterBytesRead.Net recorded 42 samples, mean = 6238.7 (flags = 0x41)
0      ----O                                                                     (4 = 9.5%)
1      ... 
13     --O                                                                       (2 = 4.8%) {9.5%}
19     --O                                                                       (2 = 4.8%) {14.3%}
27     O                                                                         (0 = 0.0%) {19.0%}
39     -O                                                                        (1 = 2.4%) {19.0%}
56     ---O                                                                      (3 = 7.1%) {21.4%}
80     --O                                                                       (2 = 4.8%) {28.6%}
115    O                                                                         (0 = 0.0%) {33.3%}
165    -O                                                                        (1 = 2.4%) {33.3%}
237    --O                                                                       (2 = 4.8%) {35.7%}
340    O                                                                         (0 = 0.0%) {40.5%}
488    -O                                                                        (1 = 2.4%) {40.5%}
700    -O                                                                        (1 = 2.4%) {42.9%}
1004   ----------------O                                                         (16 = 38.1%) {45.2%}
1440   -O                                                                        (1 = 2.4%) {83.3%}
2065   --O                                                                       (2 = 4.8%) {85.7%}
2961   ... 
17959  --O                                                                       (2 = 4.8%) {90.5%}
25755  ... 
75961  --O                                                                       (2 = 4.8%) {95.2%}
108935 ... 

Histogram: Net.HttpJob.ProxyTypeSuccess recorded 46 samples, mean = 1.0 (flags = 0x41)
0  O                                                                         (0 = 0.0%)
1  ----------------------------------------------O                           (46 = 100.0%) {0.0%}
2  ... 

Histogram: Net.HttpJob.TotalTime recorded 85 samples, mean = 297.7 (flags = 0x41)
0     -O                                                                        (1 = 1.2%)
1     --O                                                                       (2 = 2.4%) {1.2%}
2     --O                                                                       (2 = 2.4%) {3.5%}
3     O                                                                         (0 = 0.0%) {5.9%}
4     -O                                                                        (1 = 1.2%) {5.9%}
5     ---O                                                                      (3 = 3.5%) {7.1%}
6     ----O                                                                     (4 = 4.7%) {10.6%}
7     --O                                                                       (2 = 2.4%) {15.3%}
8     -O                                                                        (1 = 1.2%) {17.6%}
10    -O                                                                        (1 = 1.2%) {18.8%}
12    O                                                                         (0 = 0.0%) {20.0%}
14    ---O                                                                      (3 = 3.5%) {20.0%}
17    -----O                                                                    (5 = 5.9%) {23.5%}
20    ----O                                                                     (4 = 4.7%) {29.4%}
24    -----O                                                                    (5 = 5.9%) {34.1%}
29    ---O                                                                      (3 = 3.5%) {40.0%}
34    -O                                                                        (1 = 1.2%) {43.5%}
40    ... 
81    -O                                                                        (1 = 1.2%) {44.7%}
96    -O                                                                        (1 = 1.2%) {45.9%}
114   O                                                                         (0 = 0.0%) {47.1%}
135   ----O                                                                     (4 = 4.7%) {47.1%}
160   -----O                                                                    (5 = 5.9%) {51.8%}
190   ---O                                                                      (3 = 3.5%) {57.6%}
226   ---O                                                                      (3 = 3.5%) {61.2%}
268   O                                                                         (0 = 0.0%) {64.7%}
318   -O                                                                        (1 = 1.2%) {64.7%}
378   --O                                                                       (2 = 2.4%) {65.9%}
449   ----O                                                                     (4 = 4.7%) {68.2%}
533   -------O                                                                  (7 = 8.2%) {72.9%}
633   -----O                                                                    (5 = 5.9%) {81.2%}
752   -----O                                                                    (5 = 5.9%) {87.1%}
894   ----O                                                                     (4 = 4.7%) {92.9%}
1062  -O                                                                        (1 = 1.2%) {97.6%}
1262  ... 
1782  -O                                                                        (1 = 1.2%) {98.8%}
2117  ... 

Histogram: Net.HttpJob.TotalTime.Secure.Quic recorded 19 samples, mean = 673.9 (flags = 0x41)
0    ... 
220  -O                                                                        (1 = 5.3%) {0.0%}
280  O                                                                         (0 = 0.0%) {5.3%}
356  -O                                                                        (1 = 5.3%) {5.3%}
452  ---O                                                                      (3 = 15.8%) {10.5%}
574  -------O                                                                  (7 = 36.8%) {26.3%}
729  -----O                                                                    (5 = 26.3%) {63.2%}
926  --O                                                                       (2 = 10.5%) {89.5%}
1177 ... 

Histogram: Net.HttpJob.TotalTime.TLS13.Google recorded 5 samples, mean = 959.4 (flags = 0x41)
0     ... 
96    -O                                                                        (1 = 20.0%) {0.0%}
114   ... 
752   --O                                                                       (2 = 40.0%) {20.0%}
894   -O                                                                        (1 = 20.0%) {60.0%}
1062  ... 
1782  -O                                                                        (1 = 20.0%) {80.0%}
2117  ... 

Histogram: Net.HttpJob.TotalTimeCached recorded 43 samples, mean = 59.3 (flags = 0x41)
0    -O                                                                        (1 = 2.3%)
1    --O                                                                       (2 = 4.7%) {2.3%}
2    --O                                                                       (2 = 4.7%) {7.0%}
3    O                                                                         (0 = 0.0%) {11.6%}
4    -O                                                                        (1 = 2.3%) {11.6%}
5    ---O                                                                      (3 = 7.0%) {14.0%}
6    ----O                                                                     (4 = 9.3%) {20.9%}
7    --O                                                                       (2 = 4.7%) {30.2%}
8    -O                                                                        (1 = 2.3%) {34.9%}
10   -O                                                                        (1 = 2.3%) {37.2%}
12   O                                                                         (0 = 0.0%) {39.5%}
14   ---O                                                                      (3 = 7.0%) {39.5%}
17   -----O                                                                    (5 = 11.6%) {46.5%}
20   ----O                                                                     (4 = 9.3%) {58.1%}
24   -----O                                                                    (5 = 11.6%) {67.4%}
29   ---O                                                                      (3 = 7.0%) {79.1%}
34   -O                                                                        (1 = 2.3%) {86.0%}
40   ... 
81   -O                                                                        (1 = 2.3%) {88.4%}
96   ... 
190  -O                                                                        (1 = 2.3%) {90.7%}
226  -O                                                                        (1 = 2.3%) {93.0%}
268  ... 
449  -O                                                                        (1 = 2.3%) {95.3%}
533  ... 
894  -O                                                                        (1 = 2.3%) {97.7%}
1062 ... 

Histogram: Net.HttpJob.TotalTimeNotCached recorded 42 samples, mean = 541.8 (flags = 0x41)
0     ... 
96    -O                                                                        (1 = 2.4%) {0.0%}
114   O                                                                         (0 = 0.0%) {2.4%}
135   ----O                                                                     (4 = 9.5%) {2.4%}
160   -----O                                                                    (5 = 11.9%) {11.9%}
190   --O                                                                       (2 = 4.8%) {23.8%}
226   --O                                                                       (2 = 4.8%) {28.6%}
268   O                                                                         (0 = 0.0%) {33.3%}
318   -O                                                                        (1 = 2.4%) {33.3%}
378   --O                                                                       (2 = 4.8%) {35.7%}
449   ---O                                                                      (3 = 7.1%) {40.5%}
533   -------O                                                                  (7 = 16.7%) {47.6%}
633   -----O                                                                    (5 = 11.9%) {64.3%}
752   -----O                                                                    (5 = 11.9%) {76.2%}
894   ---O                                                                      (3 = 7.1%) {88.1%}
1062  -O                                                                        (1 = 2.4%) {95.2%}
1262  ... 
1782  -O                                                                        (1 = 2.4%) {97.6%}
2117  ... 

Histogram: Net.HttpJob.TotalTimeNotCached.Secure.Quic recorded 19 samples, mean = 673.9 (flags = 0x41)
0    ... 
220  -O                                                                        (1 = 5.3%) {0.0%}
280  O                                                                         (0 = 0.0%) {5.3%}
356  -O                                                                        (1 = 5.3%) {5.3%}
452  ---O                                                                      (3 = 15.8%) {10.5%}
574  -------O                                                                  (7 = 36.8%) {26.3%}
729  -----O                                                                    (5 = 26.3%) {63.2%}
926  --O                                                                       (2 = 10.5%) {89.5%}
1177 ... 

Histogram: Net.HttpJob.TotalTimeSuccess recorded 85 samples, mean = 297.7 (flags = 0x41)
0     -O                                                                        (1 = 1.2%)
1     --O                                                                       (2 = 2.4%) {1.2%}
2     --O                                                                       (2 = 2.4%) {3.5%}
3     O                                                                         (0 = 0.0%) {5.9%}
4     -O                                                                        (1 = 1.2%) {5.9%}
5     ---O                                                                      (3 = 3.5%) {7.1%}
6     ----O                                                                     (4 = 4.7%) {10.6%}
7     --O                                                                       (2 = 2.4%) {15.3%}
8     -O                                                                        (1 = 1.2%) {17.6%}
10    -O                                                                        (1 = 1.2%) {18.8%}
12    O                                                                         (0 = 0.0%) {20.0%}
14    ---O                                                                      (3 = 3.5%) {20.0%}
17    -----O                                                                    (5 = 5.9%) {23.5%}
20    ----O                                                                     (4 = 4.7%) {29.4%}
24    -----O                                                                    (5 = 5.9%) {34.1%}
29    ---O                                                                      (3 = 3.5%) {40.0%}
34    -O                                                                        (1 = 1.2%) {43.5%}
40    ... 
81    -O                                                                        (1 = 1.2%) {44.7%}
96    -O                                                                        (1 = 1.2%) {45.9%}
114   O                                                                         (0 = 0.0%) {47.1%}
135   ----O                                                                     (4 = 4.7%) {47.1%}
160   -----O                                                                    (5 = 5.9%) {51.8%}
190   ---O                                                                      (3 = 3.5%) {57.6%}
226   ---O                                                                      (3 = 3.5%) {61.2%}
268   O                                                                         (0 = 0.0%) {64.7%}
318   -O                                                                        (1 = 1.2%) {64.7%}
378   --O                                                                       (2 = 2.4%) {65.9%}
449   ----O                                                                     (4 = 4.7%) {68.2%}
533   -------O                                                                  (7 = 8.2%) {72.9%}
633   -----O                                                                    (5 = 5.9%) {81.2%}
752   -----O                                                                    (5 = 5.9%) {87.1%}
894   ----O                                                                     (4 = 4.7%) {92.9%}
1062  -O                                                                        (1 = 1.2%) {97.6%}
1262  ... 
1782  -O                                                                        (1 = 1.2%) {98.8%}
2117  ... 

Histogram: Net.HttpJob.TotalTimeSuccess.Priority1 recorded 26 samples, mean = 691.7 (flags = 0x41)
0     ... 
96    -O                                                                        (1 = 3.8%) {0.0%}
114   ... 
160   -O                                                                        (1 = 3.8%) {3.8%}
190   -O                                                                        (1 = 3.8%) {7.7%}
226   -O                                                                        (1 = 3.8%) {11.5%}
268   ... 
378   -O                                                                        (1 = 3.8%) {15.4%}
449   --O                                                                       (2 = 7.7%) {19.2%}
533   -----O                                                                    (5 = 19.2%) {26.9%}
633   ----O                                                                     (4 = 15.4%) {46.2%}
752   -----O                                                                    (5 = 19.2%) {61.5%}
894   ---O                                                                      (3 = 11.5%) {80.8%}
1062  -O                                                                        (1 = 3.8%) {92.3%}
1262  ... 
1782  -O                                                                        (1 = 3.8%) {96.2%}
2117  ... 

Histogram: Net.HttpJob.TotalTimeSuccess.Priority2 recorded 30 samples, mean = 68.0 (flags = 0x41)
0    -O                                                                        (1 = 3.3%)
1    O                                                                         (0 = 0.0%) {3.3%}
2    --O                                                                       (2 = 6.7%) {3.3%}
3    ... 
8    -O                                                                        (1 = 3.3%) {10.0%}
10   ... 
14   --O                                                                       (2 = 6.7%) {13.3%}
17   -----O                                                                    (5 = 16.7%) {20.0%}
20   ----O                                                                     (4 = 13.3%) {36.7%}
24   -----O                                                                    (5 = 16.7%) {50.0%}
29   ---O                                                                      (3 = 10.0%) {66.7%}
34   -O                                                                        (1 = 3.3%) {76.7%}
40   ... 
81   -O                                                                        (1 = 3.3%) {80.0%}
96   ... 
135  ---O                                                                      (3 = 10.0%) {83.3%}
160  ... 
318  -O                                                                        (1 = 3.3%) {93.3%}
378  ... 
633  -O                                                                        (1 = 3.3%) {96.7%}
752  ... 

Histogram: Net.HttpJob.TotalTimeSuccess.Priority3 recorded 2 samples, mean = 340.5 (flags = 0x41)
0    ... 
226  -O                                                                        (1 = 50.0%) {0.0%}
268  ... 
449  -O                                                                        (1 = 50.0%) {50.0%}
533  ... 

Histogram: Net.HttpJob.TotalTimeSuccess.Priority4 recorded 13 samples, mean = 215.4 (flags = 0x41)
0    O                                                                         (0 = 0.0%)
1    --O                                                                       (2 = 15.4%) {0.0%}
2    ... 
6    -O                                                                        (1 = 7.7%) {15.4%}
7    ... 
135  -O                                                                        (1 = 7.7%) {23.1%}
160  ----O                                                                     (4 = 30.8%) {30.8%}
190  --O                                                                       (2 = 15.4%) {61.5%}
226  ... 
378  -O                                                                        (1 = 7.7%) {76.9%}
449  O                                                                         (0 = 0.0%) {84.6%}
533  --O                                                                       (2 = 15.4%) {84.6%}
633  ... 

Histogram: Net.HttpJob.TotalTimeSuccess.Priority5 recorded 14 samples, mean = 128.4 (flags = 0x41)
0    ... 
4    -O                                                                        (1 = 7.1%) {0.0%}
5    ---O                                                                      (3 = 21.4%) {7.1%}
6    ---O                                                                      (3 = 21.4%) {28.6%}
7    --O                                                                       (2 = 14.3%) {50.0%}
8    O                                                                         (0 = 0.0%) {64.3%}
10   -O                                                                        (1 = 7.1%) {64.3%}
12   O                                                                         (0 = 0.0%) {71.4%}
14   -O                                                                        (1 = 7.1%) {71.4%}
17   ... 
226  -O                                                                        (1 = 7.1%) {78.6%}
268  ... 
449  -O                                                                        (1 = 7.1%) {85.7%}
533  ... 
894  -O                                                                        (1 = 7.1%) {92.9%}
1062 ... 

Histogram: Net.HttpRequestSSLUpgradeDecision recorded 2 samples, mean = 5.0 (flags = 0x41)
0  ... 
5  --O                                                                       (2 = 100.0%) {0.0%}
6  O                                                                         (0 = 0.0%) {100.0%}

Histogram: Net.HttpRequestStsState recorded 2 samples, mean = 2.0 (flags = 0x41)
0  ... 
2  --O                                                                       (2 = 100.0%) {0.0%}
3  ... 

Histogram: Net.HttpResponseCode recorded 107 samples, mean = 243.9 (flags = 0x41)
0    ... 
200  ------------------------------------------------------------------------O (76 = 71.0%) {0.0%}
201  ... 
204  ----O                                                                     (4 = 3.7%) {71.0%}
205  ... 
302  ----O                                                                     (4 = 3.7%) {74.8%}
303  O                                                                         (0 = 0.0%) {78.5%}
304  ----O                                                                     (4 = 3.7%) {78.5%}
305  ... 
400  --O                                                                       (2 = 1.9%) {82.2%}
401  ... 
403  ---------------O                                                          (16 = 15.0%) {84.1%}
404  -O                                                                        (1 = 0.9%) {99.1%}
405  ... 

Histogram: Net.HttpTimeToFirstByte recorded 85 samples, mean = 328.2 (flags = 0x41)
0     -----------------------------------O                                      (35 = 41.2%)
10    -O                                                                        (1 = 1.2%) {41.2%}
12    -O                                                                        (1 = 1.2%) {42.4%}
15    --O                                                                       (2 = 2.4%) {43.5%}
18    ... 
92    -O                                                                        (1 = 1.2%) {45.9%}
113   O                                                                         (0 = 0.0%) {47.1%}
139   ------O                                                                   (6 = 7.1%) {47.1%}
171   -------O                                                                  (7 = 8.2%) {54.1%}
210   --O                                                                       (2 = 2.4%) {62.4%}
258   -O                                                                        (1 = 1.2%) {64.7%}
317   O                                                                         (0 = 0.0%) {65.9%}
389   -----O                                                                    (5 = 5.9%) {65.9%}
477   ----O                                                                     (4 = 4.7%) {71.8%}
585   --------O                                                                 (8 = 9.4%) {76.5%}
718   ------O                                                                   (6 = 7.1%) {85.9%}
881   ----O                                                                     (4 = 4.7%) {92.9%}
1081  ... 
1996  -O                                                                        (1 = 1.2%) {97.6%}
2449  ... 
3687  -O                                                                        (1 = 1.2%) {98.8%}
4524  ... 

Histogram: Net.HttpTimeToFirstByte.TLS13.Google recorded 5 samples, mean = 932.8 (flags = 0x41)
0     ... 
84    -O                                                                        (1 = 20.0%) {0.0%}
107   ... 
574   -O                                                                        (1 = 20.0%) {20.0%}
729   -O                                                                        (1 = 20.0%) {40.0%}
926   -O                                                                        (1 = 20.0%) {60.0%}
1177  ... 
1901  -O                                                                        (1 = 20.0%) {80.0%}
2415  ... 

Histogram: Net.NetworkChangeNotifier.NewConnectionCost recorded 2 samples, mean = 1.0 (flags = 0x41)
0  O                                                                         (0 = 0.0%)
1  --O                                                                       (2 = 100.0%) {0.0%}
2  ... 

Histogram: Net.NumQuicSessionsAtShutdown recorded 3 samples, mean = 0.3 (flags = 0x41)
0  --O                                                                       (2 = 66.7%)
1  -O                                                                        (1 = 33.3%) {66.7%}
2  ... 

Histogram: Net.OnTransferSizeUpdated.Experimental.OverridenBy recorded 113 samples, mean = 10.1 (flags = 0x41)
0   O                                                                         (0 = 0.0%)
1   -----------------------------------------------------------O              (59 = 52.2%) {0.0%}
2   ... 
11  --------------O                                                           (14 = 12.4%) {52.2%}
12  ----------O                                                               (10 = 8.8%) {64.6%}
13  ... 
26  ----------------O                                                         (16 = 14.2%) {73.5%}
27  O                                                                         (0 = 0.0%) {87.6%}
28  --------------O                                                           (14 = 12.4%) {87.6%}
29  ... 

Histogram: Net.QuicActiveSessions recorded 27 samples, mean = 1.1 (flags = 0x41)
0  ------------------O                                                       (18 = 66.7%)
1  --O                                                                       (2 = 7.4%) {66.7%}
2  --O                                                                       (2 = 7.4%) {74.1%}
3  -O                                                                        (1 = 3.7%) {81.5%}
4  -O                                                                        (1 = 3.7%) {85.2%}
5  --O                                                                       (2 = 7.4%) {88.9%}
7  -O                                                                        (1 = 3.7%) {96.3%}
9  ... 

Histogram: Net.QuicChromiumClientStream.HandleOnCloseConnectionError recorded 32 samples (flags = 0x41)
0  --------------------------------O                                         (32 = 100.0%)

Histogram: Net.QuicChromiumClientStream.HandleOnCloseNetError recorded 32 samples (flags = 0x41)
100  --------------------------------O                                         (32 = 100.0%)

Histogram: Net.QuicChromiumClientStream.HandleOnCloseStreamError recorded 32 samples (flags = 0x41)
0  --------------------------------O                                         (32 = 100.0%)

Histogram: Net.QuicChromiumClientStream.HeaderDecodingDelay recorded 32 samples, mean = 0.0 (flags = 0x41)
0  --------------------------------O                                         (32 = 100.0%)
1  ... 

Histogram: Net.QuicChromiumClientStream.HeaderDecodingDelayGoogle recorded 19 samples, mean = 0.0 (flags = 0x41)
0  -------------------O                                                      (19 = 100.0%)
1  ... 

Histogram: Net.QuicConnection.WritePacketStatus recorded 406 samples, mean = 0.0 (flags = 0x41)
0  ------------------------------------------------------------------------O (406 = 100.0%)
1  ... 

Histogram: Net.QuicCryptoClientConfig.PopulatedFromCanonicalConfig recorded 9 samples, mean = 0.0 (flags = 0x41)
0  ---------O                                                                (9 = 100.0%)
1  ... 

Histogram: Net.QuicDroppedPacketReason recorded 13 samples, mean = 6.0 (flags = 0x41)
0  ... 
6  -------------O                                                            (13 = 100.0%) {0.0%}
7  O                                                                         (0 = 0.0%) {100.0%}

Histogram: Net.QuicHandshakeState recorded 81 samples, mean = 1.0 (flags = 0x41)
0  ---------------------------O                                              (27 = 33.3%)
1  ---------------------------O                                              (27 = 33.3%) {33.3%}
2  ---------------------------O                                              (27 = 33.3%) {66.7%}
3  ... 

Histogram: Net.QuicHttpStream.ProcessResponseHeaderSuccess recorded 32 samples, mean = 1.0 (flags = 0x41)
0  O                                                                         (0 = 0.0%)
1  --------------------------------O                                         (32 = 100.0%) {0.0%}
2  O                                                                         (0 = 0.0%) {100.0%}

Histogram: Net.QuicSession.AbortedPendingStreamRequests recorded 27 samples, mean = 0.0 (flags = 0x41)
0  ---------------------------O                                              (27 = 100.0%)
1  ... 

Histogram: Net.QuicSession.AcceptChForOrigin recorded 32 samples, mean = 0.1 (flags = 0x41)
0  ----------------------------O                                             (28 = 87.5%)
1  ----O                                                                     (4 = 12.5%) {87.5%}
2  O                                                                         (0 = 0.0%) {100.0%}

Histogram: Net.QuicSession.AcceptChFrameReceivedViaAlps recorded 23 samples, mean = 1.0 (flags = 0x41)
0  O                                                                         (0 = 0.0%)
1  -----------------------O                                                  (23 = 100.0%) {0.0%}
2  ... 

Histogram: Net.QuicSession.AsyncRead recorded 512 samples, mean = 0.5 (flags = 0x41)
0  ---------------------------------------------------------------O          (238 = 46.5%)
1  ------------------------------------------------------------------------O (274 = 53.5%) {46.5%}
2  O                                                                         (0 = 0.0%) {100.0%}

Histogram: Net.QuicSession.BlockedFrames.Received recorded 27 samples, mean = 0.0 (flags = 0x41)
0  ---------------------------O                                              (27 = 100.0%)
1  ... 

Histogram: Net.QuicSession.BlockedFrames.Sent recorded 27 samples, mean = 0.0 (flags = 0x41)
0  ---------------------------O                                              (27 = 100.0%)
1  ... 

Histogram: Net.QuicSession.CertVerificationResult recorded 35 samples (flags = 0x41)
0  -----------------------------------O                                      (35 = 100.0%)

Histogram: Net.QuicSession.ClientSideMtu recorded 27 samples (flags = 0x41)
1250  ---------------------------O                                              (27 = 100.0%)

Histogram: Net.QuicSession.CloseAllSessionsError recorded 3 samples (flags = 0x41)
3  ---O                                                                      (3 = 100.0%)

Histogram: Net.QuicSession.CloseSessionOnError recorded 1 samples (flags = 0x41)
3  -O                                                                        (1 = 100.0%)

Histogram: Net.QuicSession.ClosedDuringInitializeSession recorded 27 samples, mean = 0.0 (flags = 0x41)
0  ---------------------------O                                              (27 = 100.0%)
1  ... 

Histogram: Net.QuicSession.CoalesceStreamFrameStatus recorded 231 samples, mean = 0.3 (flags = 0x41)
0  ------------------------------------------------------------------------O (157 = 68.0%)
1  ----------------------------------O                                       (74 = 32.0%) {68.0%}
2  O                                                                         (0 = 0.0%) {100.0%}

Histogram: Net.QuicSession.ConnectRandomPortForHTTPS recorded 27 samples, mean = 0.0 (flags = 0x41)
0  ---------------------------O                                              (27 = 100.0%)
1  ... 

Histogram: Net.QuicSession.ConnectRandomPortRequiringConfirmationForHTTPS recorded 1 samples, mean = 0.0 (flags = 0x41)
0  -O                                                                        (1 = 100.0%)
1  ... 

Histogram: Net.QuicSession.ConnectionClose.NumOpenStreams.TimedOut recorded 26 samples, mean = 0.0 (flags = 0x41)
0  --------------------------O                                               (26 = 100.0%)
1  ... 

Histogram: Net.QuicSession.ConnectionCloseErrorCodeClient recorded 27 samples (flags = 0x41)
25  --------------------------O                                               (26 = 96.3%)
70  -O                                                                        (1 = 3.7%)

Histogram: Net.QuicSession.ConnectionCloseErrorCodeClient.HandshakeConfirmed recorded 27 samples (flags = 0x41)
25  --------------------------O                                               (26 = 96.3%)
70  -O                                                                        (1 = 3.7%)

Histogram: Net.QuicSession.ConnectionCloseErrorCodeClientGoogle recorded 23 samples (flags = 0x41)
25  ----------------------O                                                   (22 = 95.7%)
70  -O                                                                        (1 = 4.3%)

Histogram: Net.QuicSession.ConnectionCloseErrorCodeClientGoogle.HandshakeConfirmed recorded 23 samples (flags = 0x41)
25  ----------------------O                                                   (22 = 95.7%)
70  -O                                                                        (1 = 4.3%)

Histogram: Net.QuicSession.ConnectionDuration recorded 27 samples, mean = 30521.7 (flags = 0x41)
0      ... 
17834  -O                                                                        (1 = 3.7%) {0.0%}
20585  ... 
27425  -------------------------O                                                (25 = 92.6%) {3.7%}
31655  ... 
64855  -O                                                                        (1 = 3.7%) {96.3%}
74859  ... 

Histogram: Net.QuicSession.ConnectionFlowControlBlocked recorded 5 samples, mean = 0.6 (flags = 0x41)
0  --O                                                                       (2 = 40.0%)
1  ---O                                                                      (3 = 60.0%) {40.0%}
2  O                                                                         (0 = 0.0%) {100.0%}

Histogram: Net.QuicSession.ConnectionIpPooled recorded 27 samples, mean = 0.0 (flags = 0x41)
0  ---------------------------O                                              (27 = 100.0%)
1  ... 

Histogram: Net.QuicSession.ConnectionTypeFromSelf recorded 27 samples, mean = 1.0 (flags = 0x41)
0  O                                                                         (0 = 0.0%)
1  ---------------------------O                                              (27 = 100.0%) {0.0%}
2  O                                                                         (0 = 0.0%) {100.0%}

Histogram: Net.QuicSession.CryptoRetransmitCount.HandshakeConfirmed recorded 27 samples, mean = 0.4 (flags = 0x41)
0  ---------------O                                                          (15 = 55.6%)
1  ------------O                                                             (12 = 44.4%) {55.6%}
2  ... 

Histogram: Net.QuicSession.DuplicatePacketsReceived recorded 27 samples, mean = 0.0 (flags = 0x41)
0  ---------------------------O                                              (27 = 100.0%)
1  ... 

Histogram: Net.QuicSession.EcnMarksObserved recorded 27 samples, mean = 1.0 (flags = 0x41)
0  O                                                                         (0 = 0.0%)
1  ---------------------------O                                              (27 = 100.0%) {0.0%}
2  ... 

Histogram: Net.QuicSession.EncryptionEstablishedTime recorded 27 samples, mean = 129.7 (flags = 0x41)
0     ---------------O                                                          (15 = 55.6%)
1     O                                                                         (0 = 0.0%) {55.6%}
2     -O                                                                        (1 = 3.7%) {55.6%}
3     ... 
5     -O                                                                        (1 = 3.7%) {59.3%}
6     ... 
24    -O                                                                        (1 = 3.7%) {63.0%}
29    ... 
48    -O                                                                        (1 = 3.7%) {66.7%}
57    --O                                                                       (2 = 7.4%) {70.4%}
68    -O                                                                        (1 = 3.7%) {77.8%}
81    -O                                                                        (1 = 3.7%) {81.5%}
96    ... 
160   -O                                                                        (1 = 3.7%) {85.2%}
190   -O                                                                        (1 = 3.7%) {88.9%}
226   ... 
752   -O                                                                        (1 = 3.7%) {92.6%}
894   ... 
1782  -O                                                                        (1 = 3.7%) {96.3%}
2117  ... 

Histogram: Net.QuicSession.FinchConfigIsValid recorded 3 samples, mean = 1.0 (flags = 0x41)
0  O                                                                         (0 = 0.0%)
1  ---O                                                                      (3 = 100.0%) {0.0%}
2  O                                                                         (0 = 0.0%) {100.0%}

Histogram: Net.QuicSession.FindMatchingIpSessionResult recorded 54 samples, mean = 2.0 (flags = 0x41)
0  ... 
2  ------------------------------------------------------O                   (54 = 100.0%) {0.0%}
3  O                                                                         (0 = 0.0%) {100.0%}

Histogram: Net.QuicSession.FindMatchingIpSessionResultGoogle recorded 46 samples, mean = 2.0 (flags = 0x41)
0  ... 
2  ----------------------------------------------O                           (46 = 100.0%) {0.0%}
3  O                                                                         (0 = 0.0%) {100.0%}

Histogram: Net.QuicSession.HandshakeConfirmedTime recorded 27 samples, mean = 217.7 (flags = 0x41)
0     ... 
48    --O                                                                       (2 = 7.4%) {0.0%}
57    ------O                                                                   (6 = 22.2%) {7.4%}
68    ---O                                                                      (3 = 11.1%) {29.6%}
81    -O                                                                        (1 = 3.7%) {40.7%}
96    --O                                                                       (2 = 7.4%) {44.4%}
114   ---O                                                                      (3 = 11.1%) {51.9%}
135   -O                                                                        (1 = 3.7%) {63.0%}
160   ----O                                                                     (4 = 14.8%) {66.7%}
190   -O                                                                        (1 = 3.7%) {81.5%}
226   -O                                                                        (1 = 3.7%) {85.2%}
268   ... 
533   -O                                                                        (1 = 3.7%) {88.9%}
633   O                                                                         (0 = 0.0%) {92.6%}
752   -O                                                                        (1 = 3.7%) {92.6%}
894   ... 
1782  -O                                                                        (1 = 3.7%) {96.3%}
2117  ... 

Histogram: Net.QuicSession.HeaderCompressionRatioQpackReceived recorded 32 samples, mean = 30.3 (flags = 0x41)
0   O                                                                         (0 = 0.0%)
1   -O                                                                        (1 = 3.1%) {0.0%}
2   ... 
4   --O                                                                       (2 = 6.2%) {3.1%}
5   ----------------O                                                         (16 = 50.0%) {9.4%}
6   ... 
54  -O                                                                        (1 = 3.1%) {59.4%}
55  ... 
65  -O                                                                        (1 = 3.1%) {62.5%}
66  ... 
69  ---------O                                                                (9 = 28.1%) {65.6%}
70  --O                                                                       (2 = 6.2%) {93.8%}
71  ... 

Histogram: Net.QuicSession.HeaderCompressionRatioQpackSent recorded 32 samples, mean = 70.8 (flags = 0x41)
0   ... 
64  -O                                                                        (1 = 3.1%) {0.0%}
65  ... 
69  ------------------O                                                       (18 = 56.2%) {3.1%}
70  -O                                                                        (1 = 3.1%) {59.4%}
71  O                                                                         (0 = 0.0%) {62.5%}
72  -O                                                                        (1 = 3.1%) {62.5%}
73  --O                                                                       (2 = 6.2%) {65.6%}
74  --O                                                                       (2 = 6.2%) {71.9%}
75  -------O                                                                  (7 = 21.9%) {78.1%}
76  ... 

Histogram: Net.QuicSession.HostResolution.HandshakeConfirmedTime recorded 27 samples, mean = 218.1 (flags = 0x41)
0     ... 
48    --O                                                                       (2 = 7.4%) {0.0%}
57    ------O                                                                   (6 = 22.2%) {7.4%}
68    ---O                                                                      (3 = 11.1%) {29.6%}
81    -O                                                                        (1 = 3.7%) {40.7%}
96    --O                                                                       (2 = 7.4%) {44.4%}
114   ---O                                                                      (3 = 11.1%) {51.9%}
135   -O                                                                        (1 = 3.7%) {63.0%}
160   ----O                                                                     (4 = 14.8%) {66.7%}
190   -O                                                                        (1 = 3.7%) {81.5%}
226   -O                                                                        (1 = 3.7%) {85.2%}
268   ... 
533   -O                                                                        (1 = 3.7%) {88.9%}
633   O                                                                         (0 = 0.0%) {92.6%}
752   -O                                                                        (1 = 3.7%) {92.6%}
894   ... 
1782  -O                                                                        (1 = 3.7%) {96.3%}
2117  ... 

Histogram: Net.QuicSession.IncorrectConnectionIDsReceived recorded 27 samples, mean = 0.0 (flags = 0x41)
0  ---------------------------O                                              (27 = 100.0%)
1  ... 

Histogram: Net.QuicSession.InitialRttEsitmateSource recorded 27 samples, mean = 0.9 (flags = 0x41)
0  ----O                                                                     (4 = 14.8%)
1  -----------------------O                                                  (23 = 85.2%) {14.8%}
2  ... 

Histogram: Net.QuicSession.KeyUpdate.PerConnection2 recorded 27 samples, mean = 0.0 (flags = 0x41)
0  ---------------------------O                                              (27 = 100.0%)
1  ... 

Histogram: Net.QuicSession.KeyUpdate.PotentialPeerKeyUpdateAttemptCount recorded 27 samples, mean = 0.0 (flags = 0x41)
0  ---------------------------O                                              (27 = 100.0%)
1  ... 

Histogram: Net.QuicSession.MaxConsecutiveRtoWithForwardProgress recorded 27 samples, mean = 0.4 (flags = 0x41)
0  ---------------O                                                          (15 = 55.6%)
1  ------------O                                                             (12 = 44.4%) {55.6%}
2  ... 

Histogram: Net.QuicSession.MinRTT recorded 27 samples, mean = 36.6 (flags = 0x41)
0   ... 
24  ----O                                                                     (4 = 14.8%) {0.0%}
29  ------O                                                                   (6 = 22.2%) {14.8%}
34  ---------O                                                                (9 = 33.3%) {37.0%}
40  -----O                                                                    (5 = 18.5%) {70.4%}
48  ---O                                                                      (3 = 11.1%) {88.9%}
57  ... 

Histogram: Net.QuicSession.MtuProbesSent recorded 27 samples, mean = 0.0 (flags = 0x41)
0  ---------------------------O                                              (27 = 100.0%)
1  ... 

Histogram: Net.QuicSession.NumDefaultPathDegrading recorded 27 samples, mean = 0.0 (flags = 0x41)
0  ---------------------------O                                              (27 = 100.0%)
1  ... 

Histogram: Net.QuicSession.NumMigrations recorded 27 samples, mean = 0.0 (flags = 0x41)
0  ---------------------------O                                              (27 = 100.0%)
1  ... 

Histogram: Net.QuicSession.NumOpenStreams recorded 32 samples, mean = 1.1 (flags = 0x41)
0  O                                                                         (0 = 0.0%)
1  ------------------------------O                                           (30 = 93.8%) {0.0%}
2  --O                                                                       (2 = 6.2%) {93.8%}
3  ... 

Histogram: Net.QuicSession.NumPingsSent recorded 27 samples, mean = 0.2 (flags = 0x41)
0  ----------------------O                                                   (22 = 81.5%)
1  -----O                                                                    (5 = 18.5%) {81.5%}
2  ... 

Histogram: Net.QuicSession.NumQueuedPacketsBeforeWrite recorded 499 samples, mean = 0.0 (flags = 0x41)
0  ------------------------------------------------------------------------O (499 = 100.0%)
1  ... 

Histogram: Net.QuicSession.NumTotalStreams recorded 27 samples, mean = 1.2 (flags = 0x41)
0  ----O                                                                     (4 = 14.8%)
1  ----------------------O                                                   (22 = 81.5%) {14.8%}
2  ... 
9  -O                                                                        (1 = 3.7%) {96.3%}
12 ... 

Histogram: Net.QuicSession.OutOfOrderGapReceived recorded 2 samples, mean = 1.0 (flags = 0x41)
0  O                                                                         (0 = 0.0%)
1  --O                                                                       (2 = 100.0%) {0.0%}
2  ... 

Histogram: Net.QuicSession.OutOfOrderLargePacketsReceived recorded 27 samples, mean = 0.0 (flags = 0x41)
0  ---------------------------O                                              (27 = 100.0%)
1  ... 

Histogram: Net.QuicSession.OutOfOrderPacketsReceived recorded 27 samples, mean = 0.1 (flags = 0x41)
0  -------------------------O                                                (25 = 92.6%)
1  --O                                                                       (2 = 7.4%) {92.6%}
2  ... 

Histogram: Net.QuicSession.PacketGapReceived recorded 5 samples, mean = 1.0 (flags = 0x41)
0  O                                                                         (0 = 0.0%)
1  -----O                                                                    (5 = 100.0%) {0.0%}
2  ... 

Histogram: Net.QuicSession.PacketGapReceivedNearPing recorded 5 samples, mean = 1.4 (flags = 0x41)
0  O                                                                         (0 = 0.0%)
1  ---O                                                                      (3 = 60.0%) {0.0%}
2  --O                                                                       (2 = 40.0%) {60.0%}
3  ... 

Histogram: Net.QuicSession.PacketLossRate_CONNECTION_WIFI recorded 2 samples, mean = 15.5 (flags = 0x41)
0   ... 
10  -O                                                                        (1 = 50.0%) {0.0%}
11  ... 
20  -O                                                                        (1 = 50.0%) {50.0%}
22  ... 

Histogram: Net.QuicSession.PacketWriteTime.Synchronous recorded 393 samples, mean = 0.0 (flags = 0x41)
0  ------------------------------------------------------------------------O (392 = 99.7%)
1  O                                                                         (1 = 0.3%) {99.7%}
2  ... 

Histogram: Net.QuicSession.PacketsBeforeEcnTransition recorded 27 samples, mean = 0.0 (flags = 0x41)
0  ---------------------------O                                              (27 = 100.0%)
1  ... 

Histogram: Net.QuicSession.PreferAesGcm recorded 2 samples, mean = 1.0 (flags = 0x41)
0  O                                                                         (0 = 0.0%)
1  --O                                                                       (2 = 100.0%) {0.0%}
2  O                                                                         (0 = 0.0%) {100.0%}

Histogram: Net.QuicSession.Qpack.HeaderListCountWhenBlockedStreamLimited recorded 13 samples, mean = 4.5 (flags = 0x41)
0   O                                                                         (0 = 0.0%)
1   ----O                                                                     (4 = 30.8%) {0.0%}
2   -O                                                                        (1 = 7.7%) {30.8%}
3   -O                                                                        (1 = 7.7%) {38.5%}
4   -O                                                                        (1 = 7.7%) {46.2%}
5   -O                                                                        (1 = 7.7%) {53.8%}
6   -O                                                                        (1 = 7.7%) {61.5%}
7   -O                                                                        (1 = 7.7%) {69.2%}
8   -O                                                                        (1 = 7.7%) {76.9%}
9   -O                                                                        (1 = 7.7%) {84.6%}
10  -O                                                                        (1 = 7.7%) {92.3%}
11  ... 

Histogram: Net.QuicSession.Qpack.HeaderListCountWhenInsertionNotBlocked recorded 32 samples, mean = 2.4 (flags = 0x41)
0   O                                                                         (0 = 0.0%)
1   -----------------------O                                                  (23 = 71.9%) {0.0%}
2   -O                                                                        (1 = 3.1%) {71.9%}
3   -O                                                                        (1 = 3.1%) {75.0%}
4   -O                                                                        (1 = 3.1%) {78.1%}
5   -O                                                                        (1 = 3.1%) {81.2%}
6   -O                                                                        (1 = 3.1%) {84.4%}
7   -O                                                                        (1 = 3.1%) {87.5%}
8   -O                                                                        (1 = 3.1%) {90.6%}
9   -O                                                                        (1 = 3.1%) {93.8%}
10  -O                                                                        (1 = 3.1%) {96.9%}
11  ... 

Histogram: Net.QuicSession.Qpack.HeaderListCountWhenNotBlockedStreamLimited recorded 19 samples, mean = 1.0 (flags = 0x41)
0  O                                                                         (0 = 0.0%)
1  -------------------O                                                      (19 = 100.0%) {0.0%}
2  ... 

Histogram: Net.QuicSession.QuicVersion recorded 27 samples (flags = 0x41)
80  ---------------------------O                                              (27 = 100.0%)

Histogram: Net.QuicSession.ReceivedSettings.BlockedStreams recorded 23 samples, mean = 100.0 (flags = 0x41)
0   ... 
95  -----------------------O                                                  (23 = 100.0%) {0.0%}
107 ... 

Histogram: Net.QuicSession.ReceivedSettings.CountPlusOne recorded 27 samples, mean = 6.4 (flags = 0x41)
0  ... 
3  ----O                                                                     (4 = 14.8%) {0.0%}
4  ... 
7  -----------------------O                                                  (23 = 85.2%) {14.8%}
8  ... 

Histogram: Net.QuicSession.ReceivedSettings.MaxHeaderListSize2 recorded 27 samples, mean = 75245.0 (flags = 0x41)
0       ... 
63662   -----------------------O                                                  (23 = 85.2%) {0.0%}
83848   O                                                                         (0 = 0.0%) {85.2%}
110434  ----O                                                                     (4 = 14.8%) {85.2%}
145450  ... 

Histogram: Net.QuicSession.ReceivedSettings.MaxTableCapacity2 recorded 23 samples, mean = 65536.0 (flags = 0x41)
0      ... 
63662  -----------------------O                                                  (23 = 100.0%) {0.0%}
83848  ... 

Histogram: Net.QuicSession.ReceivedSettings.ReservedCountPlusOne recorded 27 samples, mean = 2.0 (flags = 0x41)
0  ... 
2  ---------------------------O                                              (27 = 100.0%) {0.0%}
3  ... 

Histogram: Net.QuicSession.RstStreamErrorCodeServer recorded 4 samples (flags = 0x41)
20  ----O                                                                     (4 = 100.0%)

Histogram: Net.QuicSession.SendPacketSize.0RTT recorded 19 samples, mean = 104.6 (flags = 0x41)
0    ... 
68   -O                                                                        (1 = 5.3%) {0.0%}
77   -----------------O                                                        (17 = 89.5%) {5.3%}
87   ... 
524  -O                                                                        (1 = 5.3%) {94.7%}
595  ... 

Histogram: Net.QuicSession.SendPacketSize.ForwardSecure recorded 239 samples, mean = 193.9 (flags = 0x41)
0     ... 
28    ------------------O                                                       (23 = 9.6%) {0.0%}
32    --------------------------O                                               (33 = 13.8%) {9.6%}
36    --------------O                                                           (17 = 7.1%) {23.4%}
41    ------------------------------------------------------------------------O (90 = 37.7%) {30.5%}
47    ------O                                                                   (7 = 2.9%) {68.2%}
53    O                                                                         (0 = 0.0%) {71.1%}
60    -O                                                                        (1 = 0.4%) {71.1%}
68    ----------O                                                               (12 = 5.0%) {71.5%}
77    ------O                                                                   (7 = 2.9%) {76.6%}
87    ... 
113   -O                                                                        (1 = 0.4%) {79.5%}
128   -O                                                                        (1 = 0.4%) {79.9%}
145   ... 
276   -------------O                                                            (16 = 6.7%) {80.3%}
314   ... 
406   --O                                                                       (2 = 0.8%) {87.0%}
461   O                                                                         (0 = 0.0%) {87.9%}
524   --O                                                                       (2 = 0.8%) {87.9%}
595   -O                                                                        (1 = 0.4%) {88.7%}
676   ... 
991   --------O                                                                 (10 = 4.2%) {89.1%}
1126  -------------O                                                            (16 = 6.7%) {93.3%}
1279  ... 

Histogram: Net.QuicSession.SendPacketSize.Handshake recorded 55 samples, mean = 61.7 (flags = 0x41)
0   ... 
36  ------------------------O                                                 (24 = 43.6%) {0.0%}
41  O                                                                         (0 = 0.0%) {43.6%}
47  ----O                                                                     (4 = 7.3%) {43.6%}
53  ... 
68  -O                                                                        (1 = 1.8%) {50.9%}
77  --------------------O                                                     (20 = 36.4%) {52.7%}
87  ----O                                                                     (4 = 7.3%) {89.1%}
99  --O                                                                       (2 = 3.6%) {96.4%}
113 ... 

Histogram: Net.QuicSession.SendPacketSize.Initial recorded 93 samples, mean = 804.1 (flags = 0x41)
0     ... 
41    ----O                                                                     (4 = 4.3%) {0.0%}
47    ---O                                                                      (3 = 3.2%) {4.3%}
53    -O                                                                        (1 = 1.1%) {7.5%}
60    ... 
99    ---------O                                                                (9 = 9.7%) {8.6%}
113   ------O                                                                   (6 = 6.5%) {18.3%}
128   -O                                                                        (1 = 1.1%) {24.7%}
145   -----O                                                                    (5 = 5.4%) {25.8%}
165   ... 
524   ------O                                                                   (6 = 6.5%) {31.2%}
595   -----O                                                                    (5 = 5.4%) {37.6%}
676   O                                                                         (0 = 0.0%) {43.0%}
768   -O                                                                        (1 = 1.1%) {43.0%}
872   ... 
1126  ----------------------------------------------------O                     (52 = 55.9%) {44.1%}
1279  ... 

Histogram: Net.QuicSession.ServerSideMtu recorded 27 samples (flags = 0x41)
1200  ----O                                                                     (4 = 14.8%)
1250  -----------------------O                                                  (23 = 85.2%)

Histogram: Net.QuicSession.SmoothedRTT recorded 27 samples, mean = 43.9 (flags = 0x41)
0   ... 
29  --O                                                                       (2 = 7.4%) {0.0%}
34  ------O                                                                   (6 = 22.2%) {7.4%}
40  ------------O                                                             (12 = 44.4%) {29.6%}
48  -----O                                                                    (5 = 18.5%) {74.1%}
57  --O                                                                       (2 = 7.4%) {92.6%}
68  ... 

Histogram: Net.QuicSession.StopSendingErrorCodeClient recorded 4 samples (flags = 0x41)
20  ----O                                                                     (4 = 100.0%)

Histogram: Net.QuicSession.StreamFlowControlBlocked recorded 5 samples, mean = 0.6 (flags = 0x41)
0  --O                                                                       (2 = 40.0%)
1  ---O                                                                      (3 = 60.0%) {40.0%}
2  O                                                                         (0 = 0.0%) {100.0%}

Histogram: Net.QuicSession.StreamFrameDuplicatedShortConnection recorded 23 samples, mean = 0.0 (flags = 0x41)
0  -----------------------O                                                  (23 = 100.0%)
1  ... 

Histogram: Net.QuicSession.TimeFromResolveHostToConfirmConnection recorded 27 samples, mean = 262.3 (flags = 0x41)
0     O                                                                         (0 = 0.0%)
1     ---O                                                                      (3 = 11.1%) {0.0%}
2     ... 
48    -O                                                                        (1 = 3.7%) {11.1%}
57    -O                                                                        (1 = 3.7%) {14.8%}
68    O                                                                         (0 = 0.0%) {18.5%}
81    -O                                                                        (1 = 3.7%) {18.5%}
96    -------O                                                                  (7 = 25.9%) {22.2%}
114   ----O                                                                     (4 = 14.8%) {48.1%}
135   ----O                                                                     (4 = 14.8%) {63.0%}
160   --O                                                                       (2 = 7.4%) {77.8%}
190   -O                                                                        (1 = 3.7%) {85.2%}
226   ... 
318   -O                                                                        (1 = 3.7%) {88.9%}
378   ... 
752   -O                                                                        (1 = 3.7%) {92.6%}
894   ... 
2990  -O                                                                        (1 = 3.7%) {96.3%}
3553  ... 

Histogram: Net.QuicSession.TooManyOpenStreams recorded 32 samples, mean = 0.0 (flags = 0x41)
0  --------------------------------O                                         (32 = 100.0%)
1  ... 

Histogram: Net.QuicSession.TooSmallInitialSentPacket recorded 47 samples, mean = 831.0 (flags = 0x41)
0     ... 
2     --O                                                                       (2 = 4.3%) {0.0%}
3     -O                                                                        (1 = 2.1%) {4.3%}
4     ... 
7     -O                                                                        (1 = 2.1%) {6.4%}
8     --O                                                                       (2 = 4.3%) {8.5%}
9     ... 
394   -O                                                                        (1 = 2.1%) {12.8%}
446   ... 
571   -------O                                                                  (7 = 14.9%) {14.9%}
646   ----O                                                                     (4 = 8.5%) {29.8%}
731   ... 
936   -----O                                                                    (5 = 10.6%) {38.3%}
1060  ------------------------O                                                 (24 = 51.1%) {48.9%}
1200  O                                                                         (0 = 0.0%) {100.0%}

Histogram: Net.QuicSession.UndecryptablePacketsReceived recorded 27 samples, mean = 0.5 (flags = 0x41)
0  ---------------------O                                                    (21 = 77.8%)
1  -O                                                                        (1 = 3.7%) {77.8%}
2  ---O                                                                      (3 = 11.1%) {81.5%}
3  --O                                                                       (2 = 7.4%) {92.6%}
4  ... 

Histogram: Net.QuicSession.UndecryptablePacketsReceivedWithDecrypter recorded 27 samples, mean = 0.0 (flags = 0x41)
0  ---------------------------O                                              (27 = 100.0%)
1  ... 

Histogram: Net.QuicSession.ValidConnectionTime recorded 17 samples, mean = 1.2 (flags = 0x41)
0  ----O                                                                     (4 = 23.5%)
1  -----------O                                                              (11 = 64.7%) {23.5%}
2  O                                                                         (0 = 0.0%) {88.2%}
3  -O                                                                        (1 = 5.9%) {88.2%}
4  ... 
7  -O                                                                        (1 = 5.9%) {94.1%}
8  ... 

Histogram: Net.QuicSession.VerifyProofTime recorded 35 samples, mean = 93.3 (flags = 0x41)
0     -------------------------O                                                (25 = 71.4%)
1     O                                                                         (0 = 0.0%) {71.4%}
2     -O                                                                        (1 = 2.9%) {71.4%}
3     ... 
10    -O                                                                        (1 = 2.9%) {74.3%}
12    ... 
20    -O                                                                        (1 = 2.9%) {77.1%}
24    -O                                                                        (1 = 2.9%) {80.0%}
29    --O                                                                       (2 = 5.7%) {82.9%}
34    ... 
48    -O                                                                        (1 = 2.9%) {88.6%}
57    ... 
449   -O                                                                        (1 = 2.9%) {91.4%}
533   O                                                                         (0 = 0.0%) {94.3%}
633   -O                                                                        (1 = 2.9%) {94.3%}
752   ... 
1782  -O                                                                        (1 = 2.9%) {97.1%}
2117  ... 

Histogram: Net.QuicSession.VerifyProofTime.google recorded 3 samples, mean = 3.7 (flags = 0x41)
0   --O                                                                       (2 = 66.7%)
1   ... 
10  -O                                                                        (1 = 33.3%) {66.7%}
12  ... 

Histogram: Net.QuicSession.ZeroRttReason recorded 27 samples, mean = 4.2 (flags = 0x41)
0  ... 
2  ----------O                                                               (10 = 37.0%) {0.0%}
3  ... 
5  ---------O                                                                (9 = 33.3%) {37.0%}
6  --------O                                                                 (8 = 29.6%) {70.4%}
7  ... 

Histogram: Net.QuicSession.ZeroRttReasonGoogle recorded 23 samples, mean = 4.2 (flags = 0x41)
0  ... 
2  ---------O                                                                (9 = 39.1%) {0.0%}
3  ... 
5  ------O                                                                   (6 = 26.1%) {39.1%}
6  --------O                                                                 (8 = 34.8%) {65.2%}
7  ... 

Histogram: Net.QuicSession.ZeroRttReasonNonGoogle recorded 4 samples, mean = 4.2 (flags = 0x41)
0  ... 
2  -O                                                                        (1 = 25.0%) {0.0%}
3  ... 
5  ---O                                                                      (3 = 75.0%) {25.0%}
6  ... 

Histogram: Net.QuicSession.ZeroRttState recorded 27 samples, mean = 1.0 (flags = 0x41)
0  ----------O                                                               (10 = 37.0%)
1  --------O                                                                 (8 = 29.6%) {37.0%}
2  ---------O                                                                (9 = 33.3%) {66.7%}
3  O                                                                         (0 = 0.0%) {100.0%}

Histogram: Net.RestrictedCookieManager.SiteForCookiesOK recorded 2 samples, mean = 1.0 (flags = 0x41)
0  O                                                                         (0 = 0.0%)
1  --O                                                                       (2 = 100.0%) {0.0%}
2  O                                                                         (0 = 0.0%) {100.0%}

Histogram: Net.RestrictedCookieManager.TopFrameOriginOK recorded 2 samples, mean = 1.0 (flags = 0x41)
0  O                                                                         (0 = 0.0%)
1  --O                                                                       (2 = 100.0%) {0.0%}
2  O                                                                         (0 = 0.0%) {100.0%}

Histogram: Net.SSLHandshakeDetails recorded 21 samples, mean = 6.3 (flags = 0x41)
0  ... 
6  --------------O                                                           (14 = 66.7%) {0.0%}
7  -------O                                                                  (7 = 33.3%) {66.7%}
8  ... 

Histogram: Net.SSLNegotiatedAlpnProtocol recorded 21 samples, mean = 1.8 (flags = 0x41)
0  O                                                                         (0 = 0.0%)
1  ----O                                                                     (4 = 19.0%) {0.0%}
2  -----------------O                                                        (17 = 81.0%) {19.0%}
3  ... 

Histogram: Net.SSLRenegotiationInfoSupported recorded 21 samples, mean = 1.0 (flags = 0x41)
0  O                                                                         (0 = 0.0%)
1  ---------------------O                                                    (21 = 100.0%) {0.0%}
2  O                                                                         (0 = 0.0%) {100.0%}

Histogram: Net.SSLSignatureAlgorithm recorded 21 samples (flags = 0x41)
1027  -----------------O                                                        (17 = 81.0%)
2052  ----O                                                                     (4 = 19.0%)

Histogram: Net.SSLVersion recorded 21 samples, mean = 6.0 (flags = 0x41)
0  ... 
6  ---------------------O                                                    (21 = 100.0%) {0.0%}
7  ... 

Histogram: Net.SSL_CipherSuite recorded 21 samples (flags = 0x41)
4865  -------------O                                                            (13 = 61.9%)
4866  --------O                                                                 (8 = 38.1%)

Histogram: Net.SSL_Connection_Error recorded 21 samples (flags = 0x41)
0  ---------------------O                                                    (21 = 100.0%)

Histogram: Net.SSL_Connection_Latency_2 recorded 21 samples, mean = 148.2 (flags = 0x41)
0    ... 
38   -O                                                                        (1 = 4.8%) {0.0%}
42   ... 
56   --O                                                                       (2 = 9.5%) {4.8%}
62   -----O                                                                    (5 = 23.8%) {14.3%}
68   O                                                                         (0 = 0.0%) {38.1%}
75   --O                                                                       (2 = 9.5%) {38.1%}
83   O                                                                         (0 = 0.0%) {47.6%}
92   ---O                                                                      (3 = 14.3%) {47.6%}
101  O                                                                         (0 = 0.0%) {61.9%}
111  -O                                                                        (1 = 4.8%) {61.9%}
122  O                                                                         (0 = 0.0%) {66.7%}
135  -O                                                                        (1 = 4.8%) {66.7%}
149  O                                                                         (0 = 0.0%) {71.4%}
164  -O                                                                        (1 = 4.8%) {71.4%}
181  ... 
221  --O                                                                       (2 = 9.5%) {76.2%}
244  -O                                                                        (1 = 4.8%) {85.7%}
269  ... 
485  --O                                                                       (2 = 9.5%) {90.5%}
535  ... 

Histogram: Net.SSL_KeyExchange.ECDHE recorded 21 samples (flags = 0x41)
29     ----------------O                                                         (16 = 76.2%)
25497  -----O                                                                    (5 = 23.8%)

Histogram: Net.SharedDictionaryStorageOnDisk.IsMetadataReadyOnFirstUse recorded 1 samples, mean = 1.0 (flags = 0x41)
0  O                                                                         (0 = 0.0%)
1  -O                                                                        (1 = 100.0%) {0.0%}
2  O                                                                         (0 = 0.0%) {100.0%}

Histogram: Net.SharedDictionaryStorageOnDisk.MetadataReadTime.Empty recorded 1 samples, mean = 2.0 (flags = 0x41)
0  ... 
2  -O                                                                        (1 = 100.0%) {0.0%}
3  ... 

Histogram: Net.SharedDictionaryStore.DeleteExpiredDictionaries.Error recorded 2 samples, mean = 0.0 (flags = 0x41)
0  --O                                                                       (2 = 100.0%)
1  ... 

Histogram: Net.SharedDictionaryStore.GetDictionaries.Error recorded 1 samples, mean = 0.0 (flags = 0x41)
0  -O                                                                        (1 = 100.0%)
1  ... 

Histogram: Net.SharedDictionaryStore.ProcessEviction.Error recorded 1 samples, mean = 0.0 (flags = 0x41)
0  -O                                                                        (1 = 100.0%)
1  ... 

Histogram: Net.SpdyFrameStreamAndSessionFlowControlState recorded 3 samples, mean = 0.0 (flags = 0x41)
0  ---O                                                                      (3 = 100.0%)
1  ... 

Histogram: Net.SpdyHeadersCompressionPercentage recorded 12 samples, mean = 59.0 (flags = 0x41)
0   ... 
34  --O                                                                       (2 = 16.7%) {0.0%}
35  -O                                                                        (1 = 8.3%) {16.7%}
36  -O                                                                        (1 = 8.3%) {25.0%}
37  ... 
40  --O                                                                       (2 = 16.7%) {33.3%}
41  -O                                                                        (1 = 8.3%) {50.0%}
42  ... 
79  -O                                                                        (1 = 8.3%) {58.3%}
80  ... 
86  -O                                                                        (1 = 8.3%) {66.7%}
87  ... 
92  -O                                                                        (1 = 8.3%) {75.0%}
93  O                                                                         (0 = 0.0%) {83.3%}
94  -O                                                                        (1 = 8.3%) {83.3%}
95  ... 
97  -O                                                                        (1 = 8.3%) {91.7%}
98  ... 

Histogram: Net.SpdyResponseCode recorded 12 samples (flags = 0x41)
200  ------O                                                                   (6 = 50.0%)
204  --O                                                                       (2 = 16.7%)
302  --O                                                                       (2 = 16.7%)
304  -O                                                                        (1 = 8.3%)
400  -O                                                                        (1 = 8.3%)

Histogram: Net.SpdySession.AcceptChForOrigin recorded 12 samples, mean = 0.4 (flags = 0x41)
0  -------O                                                                  (7 = 58.3%)
1  -----O                                                                    (5 = 41.7%) {58.3%}
2  O                                                                         (0 = 0.0%) {100.0%}

Histogram: Net.SpdySession.AlpsAcceptChEntries recorded 4 samples, mean = 1.0 (flags = 0x41)
0  O                                                                         (0 = 0.0%)
1  ----O                                                                     (4 = 100.0%) {0.0%}
2  ... 

Histogram: Net.SpdySession.AlpsDecoderStatus recorded 4 samples, mean = 0.0 (flags = 0x41)
0  ----O                                                                     (4 = 100.0%)
1  ... 

Histogram: Net.SpdySession.AlpsDecoderStatus.Bypassed recorded 4 samples, mean = 0.0 (flags = 0x41)
0  ----O                                                                     (4 = 100.0%)
1  ... 

Histogram: Net.SpdySession.AlpsSettingParameterCount recorded 4 samples, mean = 0.0 (flags = 0x41)
0  ----O                                                                     (4 = 100.0%)
1  ... 

Histogram: Net.SpdySession.ClosedOnError recorded 7 samples (flags = 0x41)
0  -------O                                                                  (7 = 100.0%)

Histogram: Net.SpdySession.CreateStreamWithSocketConnected recorded 12 samples, mean = 1.0 (flags = 0x41)
0  O                                                                         (0 = 0.0%)
1  ------------O                                                             (12 = 100.0%) {0.0%}
2  O                                                                         (0 = 0.0%) {100.0%}

Histogram: Net.SpdySession.GoAwayReceived recorded 7 samples (flags = 0x41)
0  -------O                                                                  (7 = 100.0%)

Histogram: Net.SpdySession.OnSettings.ActiveStreamCount2 recorded 7 samples, mean = 1.0 (flags = 0x41)
0  O                                                                         (0 = 0.0%)
1  -------O                                                                  (7 = 100.0%) {0.0%}
2  ... 

Histogram: Net.SpdySession.OnSettings.CreatedAndActiveStreamCount2 recorded 7 samples, mean = 1.0 (flags = 0x41)
0  O                                                                         (0 = 0.0%)
1  -------O                                                                  (7 = 100.0%) {0.0%}
2  ... 

Histogram: Net.SpdySession.OnSettings.CreatedStreamCount2 recorded 7 samples, mean = 0.0 (flags = 0x41)
0  -------O                                                                  (7 = 100.0%)
1  ... 

Histogram: Net.SpdySession.OnSettings.PendingStreamCount2 recorded 7 samples, mean = 0.0 (flags = 0x41)
0  -------O                                                                  (7 = 100.0%)
1  ... 

Histogram: Net.SpdySession.ServerSupportsWebSocket recorded 7 samples, mean = 0.0 (flags = 0x41)
0  -------O                                                                  (7 = 100.0%)
1  ... 

Histogram: Net.SpdySessionErrorDetails2 recorded 1 samples, mean = 15.0 (flags = 0x41)
0   ... 
15  -O                                                                        (1 = 100.0%) {0.0%}
16  ... 

Histogram: Net.SpdySessionGet recorded 14 samples, mean = 2.0 (flags = 0x41)
0  O                                                                         (0 = 0.0%)
1  -------O                                                                  (7 = 50.0%) {0.0%}
2  O                                                                         (0 = 0.0%) {50.0%}
3  -------O                                                                  (7 = 50.0%) {50.0%}
4  O                                                                         (0 = 0.0%) {100.0%}

Histogram: Net.SpdyStreamsAbandonedPerSession recorded 7 samples, mean = 0.0 (flags = 0x41)
0  -------O                                                                  (7 = 100.0%)
1  ... 

Histogram: Net.SpdyStreamsPerSession recorded 7 samples, mean = 1.7 (flags = 0x41)
0  O                                                                         (0 = 0.0%)
1  ----O                                                                     (4 = 57.1%) {0.0%}
2  --O                                                                       (2 = 28.6%) {57.1%}
3  O                                                                         (0 = 0.0%) {85.7%}
4  -O                                                                        (1 = 14.3%) {85.7%}
5  ... 

Histogram: Net.TCP_Connection_Latency recorded 21 samples, mean = 322.9 (flags = 0x41)
0    ... 
29   -O                                                                        (1 = 4.8%) {0.0%}
33   ... 
128  --O                                                                       (2 = 9.5%) {4.8%}
145  ... 
307  -----O                                                                    (5 = 23.8%) {14.3%}
348  -------------O                                                            (13 = 61.9%) {38.1%}
394  ... 

Histogram: Net.TcpConnectAttempt.Latency.Error recorded 18 samples, mean = 358.8 (flags = 0x41)
0    ... 
317  -----------------O                                                        (17 = 94.4%) {0.0%}
389  -O                                                                        (1 = 5.6%) {94.4%}
477  ... 

Histogram: Net.TcpConnectAttempt.Latency.Success recorded 21 samples, mean = 58.1 (flags = 0x41)
0    ... 
18   -O                                                                        (1 = 4.8%) {0.0%}
22   -O                                                                        (1 = 4.8%) {4.8%}
27   --O                                                                       (2 = 9.5%) {9.5%}
33   O                                                                         (0 = 0.0%) {19.0%}
41   --------O                                                                 (8 = 38.1%) {19.0%}
50   --O                                                                       (2 = 9.5%) {57.1%}
61   ---O                                                                      (3 = 14.3%) {66.7%}
75   --O                                                                       (2 = 9.5%) {81.0%}
92   O                                                                         (0 = 0.0%) {90.5%}
113  -O                                                                        (1 = 4.8%) {90.5%}
139  -O                                                                        (1 = 4.8%) {95.2%}
171  ... 

Histogram: Net.UDPSocketWinClose recorded 180 samples, mean = 0.0 (flags = 0x41)
0  ------------------------------------------------------------------------O (179 = 99.4%)
1  O                                                                         (1 = 0.6%) {99.4%}
2  ... 

Histogram: Net.URLLoaderThrottle.OnReceiveResponseTime recorded 59 samples, mean = 0.3 (flags = 0x41)
0  ----------------------------------------------------O                     (52 = 88.1%)
1  -----O                                                                    (5 = 8.5%) {88.1%}
2  ... 
4  -O                                                                        (1 = 1.7%) {96.6%}
5  ... 
8  -O                                                                        (1 = 1.7%) {98.3%}
10 ... 

Histogram: Net.URLLoaderThrottleExecutionTime.BeforeWillProcessResponse recorded 298 samples, mean = 0.0 (flags = 0x41)
0  ------------------------------------------------------------------------O (298 = 100.0%)
1  ... 

Histogram: Net.URLLoaderThrottleExecutionTime.WillProcessResponse recorded 298 samples, mean = 0.0 (flags = 0x41)
0  ------------------------------------------------------------------------O (298 = 100.0%)
1  ... 

Histogram: Net.URLLoaderThrottleExecutionTime.WillRedirectRequest recorded 10 samples, mean = 0.0 (flags = 0x41)
0  ----------O                                                               (10 = 100.0%)
1  ... 

Histogram: Net.URLLoaderThrottleExecutionTime.WillStartRequest recorded 298 samples, mean = 0.0 (flags = 0x41)
0  ------------------------------------------------------------------------O (298 = 100.0%)
1  ... 

Histogram: Net.URLRequest.ReferrerHasInformativePath.CrossOrigin recorded 71 samples, mean = 0.0 (flags = 0x41)
0  -----------------------------------------------------------------------O  (71 = 100.0%)
1  ... 

Histogram: Net.URLRequest.ReferrerHasInformativePath.SameOrigin recorded 14 samples, mean = 1.0 (flags = 0x41)
0  O                                                                         (0 = 0.0%)
1  --------------O                                                           (14 = 100.0%) {0.0%}
2  O                                                                         (0 = 0.0%) {100.0%}

Histogram: Net.URLRequest.ReferrerPolicyForRequest.CrossOrigin recorded 71 samples, mean = 1.7 (flags = 0x41)
0  O                                                                         (0 = 0.0%)
1  -----------------------------------------------O                          (47 = 66.2%) {0.0%}
2  O                                                                         (0 = 0.0%) {66.2%}
3  ------------------------O                                                 (24 = 33.8%) {66.2%}
4  ... 

Histogram: Net.URLRequest.ReferrerPolicyForRequest.SameOrigin recorded 14 samples, mean = 1.0 (flags = 0x41)
0  O                                                                         (0 = 0.0%)
1  --------------O                                                           (14 = 100.0%) {0.0%}
2  ... 

Histogram: Network.Mdns.Googlecast recorded 3 samples, mean = 0.0 (flags = 0x41)
0  ---O                                                                      (3 = 100.0%)
1  ... 

Histogram: NetworkService.DeletedOldCacheData recorded 1 samples, mean = 0.0 (flags = 0x41)
0  -O                                                                        (1 = 100.0%)
1  ... 

Histogram: NetworkService.GrantSandboxResult recorded 3 samples, mean = 9.0 (flags = 0x41)
0   ... 
7   -O                                                                        (1 = 33.3%) {0.0%}
8   ... 
10  --O                                                                       (2 = 66.7%) {33.3%}
11  ... 

Histogram: NetworkService.NetworkLoaderCompletionTime2.DiskCache recorded 43 samples, mean = 65.2 (flags = 0x41)
0    O                                                                         (0 = 0.0%)
1    --O                                                                       (2 = 4.7%) {0.0%}
2    O                                                                         (0 = 0.0%) {4.7%}
3    ---O                                                                      (3 = 7.0%) {4.7%}
4    ... 
7    ----O                                                                     (4 = 9.3%) {11.6%}
8    -O                                                                        (1 = 2.3%) {20.9%}
10   ... 
14   ----O                                                                     (4 = 9.3%) {23.3%}
17   ---O                                                                      (3 = 7.0%) {32.6%}
20   O                                                                         (0 = 0.0%) {39.5%}
24   ------------O                                                             (12 = 27.9%) {39.5%}
29   -O                                                                        (1 = 2.3%) {67.4%}
34   ----O                                                                     (4 = 9.3%) {69.8%}
40   ----O                                                                     (4 = 9.3%) {79.1%}
48   ... 
81   -O                                                                        (1 = 2.3%) {88.4%}
96   ... 
190  -O                                                                        (1 = 2.3%) {90.7%}
226  -O                                                                        (1 = 2.3%) {93.0%}
268  ... 
449  -O                                                                        (1 = 2.3%) {95.3%}
533  ... 
894  -O                                                                        (1 = 2.3%) {97.7%}
1062 ... 

Histogram: NetworkService.NetworkLoaderCompletionTime2.Network recorded 40 samples, mean = 631.6 (flags = 0x41)
0     ... 
96    -O                                                                        (1 = 2.5%) {0.0%}
114   O                                                                         (0 = 0.0%) {2.5%}
135   ---O                                                                      (3 = 7.5%) {2.5%}
160   -----O                                                                    (5 = 12.5%) {10.0%}
190   --O                                                                       (2 = 5.0%) {22.5%}
226   --O                                                                       (2 = 5.0%) {27.5%}
268   O                                                                         (0 = 0.0%) {32.5%}
318   -O                                                                        (1 = 2.5%) {32.5%}
378   --O                                                                       (2 = 5.0%) {35.0%}
449   ---O                                                                      (3 = 7.5%) {40.0%}
533   -------O                                                                  (7 = 17.5%) {47.5%}
633   ----O                                                                     (4 = 10.0%) {65.0%}
752   -----O                                                                    (5 = 12.5%) {75.0%}
894   ---O                                                                      (3 = 7.5%) {87.5%}
1062  ... 
2117  -O                                                                        (1 = 2.5%) {95.0%}
2516  ... 
4222  -O                                                                        (1 = 2.5%) {97.5%}
5017  ... 

Histogram: NetworkService.TimeToGrantCacheAccess recorded 1 samples, mean = 6.0 (flags = 0x41)
0  ... 
6  -O                                                                        (1 = 100.0%) {0.0%}
7  ... 

Histogram: NetworkService.TimeToGrantDataAccess recorded 2 samples, mean = 2.0 (flags = 0x41)
0  ... 
2  --O                                                                       (2 = 100.0%) {0.0%}
3  ... 

Histogram: NetworkService.TimeToGrantSharedDictionaryAccess recorded 1 samples, mean = 7.0 (flags = 0x41)
0  ... 
7  -O                                                                        (1 = 100.0%) {0.0%}
8  ... 

Histogram: NetworkedProfile.Check recorded 1 samples, mean = 4.0 (flags = 0x41)
0  ... 
4  -O                                                                        (1 = 100.0%) {0.0%}
5  ... 

Histogram: NewTabPage.MostVisited.DeciScore.0.Local recorded 1 samples, mean = 50.0 (flags = 0x41)
0   ... 
49  -O                                                                        (1 = 100.0%) {0.0%}
65  ... 

Histogram: NewTabPage.MostVisited.DeciScore.1.Local recorded 1 samples, mean = 50.0 (flags = 0x41)
0   ... 
49  -O                                                                        (1 = 100.0%) {0.0%}
65  ... 

Histogram: Notifications.UsingSystemNotificationCenter recorded 1 samples, mean = 0.0 (flags = 0x41)
0  -O                                                                        (1 = 100.0%)
1  ... 

Histogram: Notifications.Windows.GetDisplayedStatus recorded 1 samples, mean = 0.0 (flags = 0x41)
0  -O                                                                        (1 = 100.0%)
1  ... 

Histogram: Notifications.Windows.GetSettingStatusStartup recorded 1 samples, mean = 1.0 (flags = 0x41)
0  O                                                                         (0 = 0.0%)
1  -O                                                                        (1 = 100.0%) {0.0%}
2  O                                                                         (0 = 0.0%) {100.0%}

Histogram: Notifications.Windows.HistoryStatus recorded 1 samples, mean = 0.0 (flags = 0x41)
0  -O                                                                        (1 = 100.0%)
1  ... 

Histogram: Notifications.Windows.SetReadyCallbackStatus2 recorded 1 samples, mean = 3.0 (flags = 0x41)
0  ... 
3  -O                                                                        (1 = 100.0%) {0.0%}
4  ... 

Histogram: Notifications.Windows.StartMenuShortcutStatus recorded 1 samples, mean = 2.0 (flags = 0x41)
0  ... 
2  -O                                                                        (1 = 100.0%) {0.0%}
3  ... 

Histogram: OSCrypt.AppBoundEncryption.SupportLevel recorded 1 samples, mean = 4.0 (flags = 0x41)
0  ... 
4  -O                                                                        (1 = 100.0%) {0.0%}
5  ... 

Histogram: OSCrypt.AppBoundProvider.KeyRetrieval.Status recorded 1 samples, mean = 1.0 (flags = 0x41)
0  O                                                                         (0 = 0.0%)
1  -O                                                                        (1 = 100.0%) {0.0%}
2  ... 

Histogram: OSCrypt.AsyncInitialization.Result recorded 1 samples, mean = 1.0 (flags = 0x41)
0  O                                                                         (0 = 0.0%)
1  -O                                                                        (1 = 100.0%) {0.0%}
2  O                                                                         (0 = 0.0%) {100.0%}

Histogram: OSCrypt.AsyncInitialization.Time recorded 1 samples, mean = 0.0 (flags = 0x41)
0  -O                                                                        (1 = 100.0%)
1  ... 

Histogram: OSCrypt.DPAPIProvider.Status recorded 1 samples, mean = 0.0 (flags = 0x41)
0  -O                                                                        (1 = 100.0%)
1  ... 

Histogram: OSCrypt.Win.Decrypt.Result recorded 1 samples, mean = 1.0 (flags = 0x41)
0  O                                                                         (0 = 0.0%)
1  -O                                                                        (1 = 100.0%) {0.0%}
2  O                                                                         (0 = 0.0%) {100.0%}

Histogram: OSCrypt.Win.Decrypt.Time recorded 1 samples, mean = 0.0 (flags = 0x41)
0  -O                                                                        (1 = 100.0%)
1  ... 

Histogram: Omnibox.KeywordModeUsageByEngineType.ActiveOnStartup recorded 4 samples, mean = 3.5 (flags = 0x41)
0  ... 
2  -O                                                                        (1 = 25.0%) {0.0%}
3  -O                                                                        (1 = 25.0%) {25.0%}
4  -O                                                                        (1 = 25.0%) {50.0%}
5  -O                                                                        (1 = 25.0%) {75.0%}
6  O                                                                         (0 = 0.0%) {100.0%}

Histogram: Omnibox.KeywordModeUsageByEngineType.InactiveOnStartup recorded 5 samples, mean = 1.0 (flags = 0x41)
0  O                                                                         (0 = 0.0%)
1  -----O                                                                    (5 = 100.0%) {0.0%}
2  ... 

Histogram: Omnibox.TemplateUrl.RlzPresent recorded 52 samples, mean = 0.0 (flags = 0x41)
0  ----------------------------------------------------O                     (52 = 100.0%)
1  ... 

Histogram: Omnibox.TemplateUrl.SearchClientPresent recorded 52 samples, mean = 0.0 (flags = 0x41)
0  ----------------------------------------------------O                     (52 = 100.0%)
1  ... 

Histogram: OptimizationGuide.ApplyDecision.AboutThisSite recorded 2 samples, mean = 8.0 (flags = 0x41)
0  ... 
8  --O                                                                       (2 = 100.0%) {0.0%}
9  ... 

Histogram: OptimizationGuide.ApplyDecision.HistoryClusters recorded 5 samples, mean = 1.4 (flags = 0x41)
0  O                                                                         (0 = 0.0%)
1  ----O                                                                     (4 = 80.0%) {0.0%}
2  O                                                                         (0 = 0.0%) {80.0%}
3  -O                                                                        (1 = 20.0%) {80.0%}
4  ... 

Histogram: OptimizationGuide.ApplyDecision.V8CompileHints recorded 2 samples, mean = 8.0 (flags = 0x41)
0  ... 
8  --O                                                                       (2 = 100.0%) {0.0%}
9  ... 

Histogram: OptimizationGuide.HintCacheLevelDBStore.LoadMetadataResult recorded 1 samples, mean = 5.0 (flags = 0x41)
0  ... 
5  -O                                                                        (1 = 100.0%) {0.0%}
6  ... 

Histogram: OptimizationGuide.HintCacheLevelDBStore.Status recorded 3 samples, mean = 1.0 (flags = 0x41)
0  -O                                                                        (1 = 33.3%)
1  -O                                                                        (1 = 33.3%) {33.3%}
2  -O                                                                        (1 = 33.3%) {66.7%}
3  ... 

Histogram: OptimizationGuide.HintsManager.HintCacheInitialized recorded 1 samples, mean = 1.0 (flags = 0x40)
0  O                                                                         (0 = 0.0%)
1  -O                                                                        (1 = 100.0%) {0.0%}
2  O                                                                         (0 = 0.0%) {100.0%}

Histogram: OptimizationGuide.LoadedHint.Result recorded 5 samples, mean = 0.0 (flags = 0x40)
0  -----O                                                                    (5 = 100.0%)
1  ... 

Histogram: OptimizationGuide.ModelExecution.FeatureCurrentlyEnabledResult.Compose recorded 1 samples, mean = 1.0 (flags = 0x41)
0  O                                                                         (0 = 0.0%)
1  -O                                                                        (1 = 100.0%) {0.0%}
2  ... 

Histogram: OptimizationGuide.ModelExecution.FeatureCurrentlyEnabledResult.HistorySearch recorded 2 samples, mean = 3.0 (flags = 0x41)
0  ... 
3  --O                                                                       (2 = 100.0%) {0.0%}
4  ... 

Histogram: OptimizationGuide.ModelExecution.FeatureCurrentlyEnabledResult.TabOrganization recorded 1 samples, mean = 3.0 (flags = 0x41)
0  ... 
3  -O                                                                        (1 = 100.0%) {0.0%}
4  ... 

Histogram: OptimizationGuide.ModelExecution.FeatureCurrentlyEnabledResult.WallpaperSearch recorded 1 samples, mean = 1.0 (flags = 0x41)
0  O                                                                         (0 = 0.0%)
1  -O                                                                        (1 = 100.0%) {0.0%}
2  ... 

Histogram: OptimizationGuide.ModelExecution.FeatureEnabledAtStartup.Compose recorded 1 samples, mean = 0.0 (flags = 0x41)
0  -O                                                                        (1 = 100.0%)
1  ... 

Histogram: OptimizationGuide.ModelExecution.FeatureEnabledAtStartup.HistorySearch recorded 1 samples, mean = 0.0 (flags = 0x41)
0  -O                                                                        (1 = 100.0%)
1  ... 

Histogram: OptimizationGuide.ModelExecution.FeatureEnabledAtStartup.TabOrganization recorded 1 samples, mean = 0.0 (flags = 0x41)
0  -O                                                                        (1 = 100.0%)
1  ... 

Histogram: OptimizationGuide.ModelExecution.FeatureEnabledAtStartup.WallpaperSearch recorded 1 samples, mean = 0.0 (flags = 0x41)
0  -O                                                                        (1 = 100.0%)
1  ... 

Histogram: OptimizationGuide.ModelExecution.OnDeviceModelInstallCriteria.AtRegistration.All recorded 1 samples, mean = 0.0 (flags = 0x41)
0  -O                                                                        (1 = 100.0%)
1  ... 

Histogram: OptimizationGuide.ModelExecution.OnDeviceModelInstallCriteria.AtRegistration.DeviceCapability recorded 1 samples, mean = 0.0 (flags = 0x41)
0  -O                                                                        (1 = 100.0%)
1  ... 

Histogram: OptimizationGuide.ModelExecution.OnDeviceModelInstallCriteria.AtRegistration.DiskSpace recorded 1 samples, mean = 1.0 (flags = 0x41)
0  O                                                                         (0 = 0.0%)
1  -O                                                                        (1 = 100.0%) {0.0%}
2  O                                                                         (0 = 0.0%) {100.0%}

Histogram: OptimizationGuide.ModelExecution.OnDeviceModelInstallCriteria.AtRegistration.EnabledByEnterprisePolicy recorded 1 samples, mean = 1.0 (flags = 0x41)
0  O                                                                         (0 = 0.0%)
1  -O                                                                        (1 = 100.0%) {0.0%}
2  O                                                                         (0 = 0.0%) {100.0%}

Histogram: OptimizationGuide.ModelExecution.OnDeviceModelInstallCriteria.AtRegistration.EnabledByFeature recorded 1 samples, mean = 0.0 (flags = 0x41)
0  -O                                                                        (1 = 100.0%)
1  ... 

Histogram: OptimizationGuide.ModelExecution.OnDeviceModelInstallCriteria.AtRegistration.FeatureUse recorded 1 samples, mean = 0.0 (flags = 0x41)
0  -O                                                                        (1 = 100.0%)
1  ... 

Histogram: OptimizationGuide.ModelHandler.HandlerCreated.GeolocationPermissions recorded 1 samples, mean = 1.0 (flags = 0x41)
0  O                                                                         (0 = 0.0%)
1  -O                                                                        (1 = 100.0%) {0.0%}
2  O                                                                         (0 = 0.0%) {100.0%}

Histogram: OptimizationGuide.ModelHandler.HandlerCreated.NewTabPageHistoryClustersModuleRanking recorded 1 samples, mean = 1.0 (flags = 0x41)
0  O                                                                         (0 = 0.0%)
1  -O                                                                        (1 = 100.0%) {0.0%}
2  O                                                                         (0 = 0.0%) {100.0%}

Histogram: OptimizationGuide.ModelHandler.HandlerCreated.NotificationPermissions recorded 1 samples, mean = 1.0 (flags = 0x41)
0  O                                                                         (0 = 0.0%)
1  -O                                                                        (1 = 100.0%) {0.0%}
2  O                                                                         (0 = 0.0%) {100.0%}

Histogram: OptimizationGuide.ModelHandler.HandlerCreated.OmniboxUrlScoring recorded 1 samples, mean = 1.0 (flags = 0x41)
0  O                                                                         (0 = 0.0%)
1  -O                                                                        (1 = 100.0%) {0.0%}
2  O                                                                         (0 = 0.0%) {100.0%}

Histogram: OptimizationGuide.ModelHandler.HandlerCreated.PageTopicsV2 recorded 1 samples, mean = 1.0 (flags = 0x41)
0  O                                                                         (0 = 0.0%)
1  -O                                                                        (1 = 100.0%) {0.0%}
2  O                                                                         (0 = 0.0%) {100.0%}

Histogram: OptimizationGuide.ModelHandler.HandlerCreated.SegmentationChromeLowUserEngagement recorded 1 samples, mean = 1.0 (flags = 0x41)
0  O                                                                         (0 = 0.0%)
1  -O                                                                        (1 = 100.0%) {0.0%}
2  O                                                                         (0 = 0.0%) {100.0%}

Histogram: OptimizationGuide.ModelHandler.HandlerCreated.SegmentationComposePromotion recorded 1 samples, mean = 1.0 (flags = 0x41)
0  O                                                                         (0 = 0.0%)
1  -O                                                                        (1 = 100.0%) {0.0%}
2  O                                                                         (0 = 0.0%) {100.0%}

Histogram: OptimizationGuide.ModelHandler.HandlerCreated.SegmentationDeviceSwitcher recorded 1 samples, mean = 1.0 (flags = 0x41)
0  O                                                                         (0 = 0.0%)
1  -O                                                                        (1 = 100.0%) {0.0%}
2  O                                                                         (0 = 0.0%) {100.0%}

Histogram: OptimizationGuide.ModelHandler.HandlerCreated.SegmentationSearchUser recorded 1 samples, mean = 1.0 (flags = 0x41)
0  O                                                                         (0 = 0.0%)
1  -O                                                                        (1 = 100.0%) {0.0%}
2  O                                                                         (0 = 0.0%) {100.0%}

Histogram: OptimizationGuide.ModelHandler.HandlerCreated.SegmentationShoppingUser recorded 1 samples, mean = 1.0 (flags = 0x41)
0  O                                                                         (0 = 0.0%)
1  -O                                                                        (1 = 100.0%) {0.0%}
2  O                                                                         (0 = 0.0%) {100.0%}

Histogram: OptimizationGuide.ModelHandler.HandlerCreated.URLVisitResumptionRanker recorded 1 samples, mean = 1.0 (flags = 0x41)
0  O                                                                         (0 = 0.0%)
1  -O                                                                        (1 = 100.0%) {0.0%}
2  O                                                                         (0 = 0.0%) {100.0%}

Histogram: OptimizationGuide.ModelHandler.HandlerCreated.WebAppInstallationPromo recorded 1 samples, mean = 1.0 (flags = 0x41)
0  O                                                                         (0 = 0.0%)
1  -O                                                                        (1 = 100.0%) {0.0%}
2  O                                                                         (0 = 0.0%) {100.0%}

Histogram: OptimizationGuide.OptimizationFilterStatus.HistoryClusters recorded 2 samples, mean = 0.5 (flags = 0x41)
0  -O                                                                        (1 = 50.0%)
1  -O                                                                        (1 = 50.0%) {50.0%}
2  ... 

Histogram: OptimizationGuide.OptimizationFilterStatus.ShoppingPagePredictor recorded 2 samples, mean = 0.5 (flags = 0x41)
0  -O                                                                        (1 = 50.0%)
1  -O                                                                        (1 = 50.0%) {50.0%}
2  ... 

Histogram: OptimizationGuide.OptimizationHintsComponent.MajorVersion2 recorded 1 samples (flags = 0x41)
679  -O                                                                        (1 = 100.0%)

Histogram: OptimizationGuide.PageContentAnnotations.AnnotateVisitResultCached recorded 5 samples, mean = 0.0 (flags = 0x41)
0  -----O                                                                    (5 = 100.0%)
1  ... 

Histogram: OptimizationGuide.PageContentAnnotationsService.ContentAnnotated recorded 5 samples, mean = 0.0 (flags = 0x41)
0  -----O                                                                    (5 = 100.0%)
1  ... 

Histogram: OptimizationGuide.PredictionManager.DownloadServiceAvailabilityBlockedFetch recorded 16 samples, mean = 0.0 (flags = 0x41)
0  ----------------O                                                         (16 = 100.0%)
1  ... 

Histogram: OptimizationGuide.PredictionManager.FirstModelFetchSinceServiceInit recorded 1 samples, mean = 9987.0 (flags = 0x41)
0     ... 
8000  -O                                                                        (1 = 100.0%) {0.0%}
10165 ... 

Histogram: OptimizationGuide.PredictionManager.ModelAvailableAtRegistration.ClientSidePhishing recorded 1 samples, mean = 0.0 (flags = 0x41)
0  -O                                                                        (1 = 100.0%)
1  ... 

Histogram: OptimizationGuide.PredictionManager.ModelAvailableAtRegistration.GeolocationPermissions recorded 1 samples, mean = 0.0 (flags = 0x41)
0  -O                                                                        (1 = 100.0%)
1  ... 

Histogram: OptimizationGuide.PredictionManager.ModelAvailableAtRegistration.LanguageDetection recorded 2 samples, mean = 0.0 (flags = 0x41)
0  --O                                                                       (2 = 100.0%)
1  ... 

Histogram: OptimizationGuide.PredictionManager.ModelAvailableAtRegistration.NewTabPageHistoryClustersModuleRanking recorded 1 samples, mean = 0.0 (flags = 0x41)
0  -O                                                                        (1 = 100.0%)
1  ... 

Histogram: OptimizationGuide.PredictionManager.ModelAvailableAtRegistration.NotificationPermissions recorded 1 samples, mean = 0.0 (flags = 0x41)
0  -O                                                                        (1 = 100.0%)
1  ... 

Histogram: OptimizationGuide.PredictionManager.ModelAvailableAtRegistration.OmniboxUrlScoring recorded 1 samples, mean = 0.0 (flags = 0x41)
0  -O                                                                        (1 = 100.0%)
1  ... 

Histogram: OptimizationGuide.PredictionManager.ModelAvailableAtRegistration.PageTopicsV2 recorded 1 samples, mean = 0.0 (flags = 0x41)
0  -O                                                                        (1 = 100.0%)
1  ... 

Histogram: OptimizationGuide.PredictionManager.ModelAvailableAtRegistration.SegmentationChromeLowUserEngagement recorded 1 samples, mean = 0.0 (flags = 0x41)
0  -O                                                                        (1 = 100.0%)
1  ... 

Histogram: OptimizationGuide.PredictionManager.ModelAvailableAtRegistration.SegmentationComposePromotion recorded 1 samples, mean = 0.0 (flags = 0x41)
0  -O                                                                        (1 = 100.0%)
1  ... 

Histogram: OptimizationGuide.PredictionManager.ModelAvailableAtRegistration.SegmentationDeviceSwitcher recorded 1 samples, mean = 0.0 (flags = 0x41)
0  -O                                                                        (1 = 100.0%)
1  ... 

Histogram: OptimizationGuide.PredictionManager.ModelAvailableAtRegistration.SegmentationSearchUser recorded 1 samples, mean = 0.0 (flags = 0x41)
0  -O                                                                        (1 = 100.0%)
1  ... 

Histogram: OptimizationGuide.PredictionManager.ModelAvailableAtRegistration.SegmentationShoppingUser recorded 1 samples, mean = 0.0 (flags = 0x41)
0  -O                                                                        (1 = 100.0%)
1  ... 

Histogram: OptimizationGuide.PredictionManager.ModelAvailableAtRegistration.TextSafety recorded 1 samples, mean = 0.0 (flags = 0x41)
0  -O                                                                        (1 = 100.0%)
1  ... 

Histogram: OptimizationGuide.PredictionManager.ModelAvailableAtRegistration.URLVisitResumptionRanker recorded 1 samples, mean = 0.0 (flags = 0x41)
0  -O                                                                        (1 = 100.0%)
1  ... 

Histogram: OptimizationGuide.PredictionManager.ModelAvailableAtRegistration.VisualSearchClassification recorded 1 samples, mean = 0.0 (flags = 0x41)
0  -O                                                                        (1 = 100.0%)
1  ... 

Histogram: OptimizationGuide.PredictionManager.ModelAvailableAtRegistration.WebAppInstallationPromo recorded 1 samples, mean = 0.0 (flags = 0x41)
0  -O                                                                        (1 = 100.0%)
1  ... 

Histogram: OptimizationGuide.PredictionManager.ModelDeliveryEvents.ClientSidePhishing recorded 32 samples, mean = 5.5 (flags = 0x41)
0  ... 
3  ----------------O                                                         (16 = 50.0%) {0.0%}
4  ... 
8  ----------------O                                                         (16 = 50.0%) {50.0%}
9  ... 

Histogram: OptimizationGuide.PredictionManager.ModelDeliveryEvents.GeolocationPermissions recorded 32 samples, mean = 5.5 (flags = 0x41)
0  ... 
3  ----------------O                                                         (16 = 50.0%) {0.0%}
4  ... 
8  ----------------O                                                         (16 = 50.0%) {50.0%}
9  ... 

Histogram: OptimizationGuide.PredictionManager.ModelDeliveryEvents.LanguageDetection recorded 32 samples, mean = 5.5 (flags = 0x41)
0  ... 
3  ----------------O                                                         (16 = 50.0%) {0.0%}
4  ... 
8  ----------------O                                                         (16 = 50.0%) {50.0%}
9  ... 

Histogram: OptimizationGuide.PredictionManager.ModelDeliveryEvents.NewTabPageHistoryClustersModuleRanking recorded 32 samples, mean = 5.5 (flags = 0x41)
0  ... 
3  ----------------O                                                         (16 = 50.0%) {0.0%}
4  ... 
8  ----------------O                                                         (16 = 50.0%) {50.0%}
9  ... 

Histogram: OptimizationGuide.PredictionManager.ModelDeliveryEvents.NotificationPermissions recorded 32 samples, mean = 5.5 (flags = 0x41)
0  ... 
3  ----------------O                                                         (16 = 50.0%) {0.0%}
4  ... 
8  ----------------O                                                         (16 = 50.0%) {50.0%}
9  ... 

Histogram: OptimizationGuide.PredictionManager.ModelDeliveryEvents.OmniboxUrlScoring recorded 32 samples, mean = 5.5 (flags = 0x41)
0  ... 
3  ----------------O                                                         (16 = 50.0%) {0.0%}
4  ... 
8  ----------------O                                                         (16 = 50.0%) {50.0%}
9  ... 

Histogram: OptimizationGuide.PredictionManager.ModelDeliveryEvents.PageTopicsV2 recorded 32 samples, mean = 5.5 (flags = 0x41)
0  ... 
3  ----------------O                                                         (16 = 50.0%) {0.0%}
4  ... 
8  ----------------O                                                         (16 = 50.0%) {50.0%}
9  ... 

Histogram: OptimizationGuide.PredictionManager.ModelDeliveryEvents.SegmentationChromeLowUserEngagement recorded 32 samples, mean = 5.5 (flags = 0x41)
0  ... 
3  ----------------O                                                         (16 = 50.0%) {0.0%}
4  ... 
8  ----------------O                                                         (16 = 50.0%) {50.0%}
9  ... 

Histogram: OptimizationGuide.PredictionManager.ModelDeliveryEvents.SegmentationComposePromotion recorded 32 samples, mean = 5.5 (flags = 0x41)
0  ... 
3  ----------------O                                                         (16 = 50.0%) {0.0%}
4  ... 
8  ----------------O                                                         (16 = 50.0%) {50.0%}
9  ... 

Histogram: OptimizationGuide.PredictionManager.ModelDeliveryEvents.SegmentationDeviceSwitcher recorded 32 samples, mean = 5.5 (flags = 0x41)
0  ... 
3  ----------------O                                                         (16 = 50.0%) {0.0%}
4  ... 
8  ----------------O                                                         (16 = 50.0%) {50.0%}
9  ... 

Histogram: OptimizationGuide.PredictionManager.ModelDeliveryEvents.SegmentationSearchUser recorded 32 samples, mean = 5.5 (flags = 0x41)
0  ... 
3  ----------------O                                                         (16 = 50.0%) {0.0%}
4  ... 
8  ----------------O                                                         (16 = 50.0%) {50.0%}
9  ... 

Histogram: OptimizationGuide.PredictionManager.ModelDeliveryEvents.SegmentationShoppingUser recorded 32 samples, mean = 5.5 (flags = 0x41)
0  ... 
3  ----------------O                                                         (16 = 50.0%) {0.0%}
4  ... 
8  ----------------O                                                         (16 = 50.0%) {50.0%}
9  ... 

Histogram: OptimizationGuide.PredictionManager.ModelDeliveryEvents.TextSafety recorded 32 samples, mean = 5.5 (flags = 0x41)
0  ... 
3  ----------------O                                                         (16 = 50.0%) {0.0%}
4  ... 
8  ----------------O                                                         (16 = 50.0%) {50.0%}
9  ... 

Histogram: OptimizationGuide.PredictionManager.ModelDeliveryEvents.URLVisitResumptionRanker recorded 32 samples, mean = 5.5 (flags = 0x41)
0  ... 
3  ----------------O                                                         (16 = 50.0%) {0.0%}
4  ... 
8  ----------------O                                                         (16 = 50.0%) {50.0%}
9  ... 

Histogram: OptimizationGuide.PredictionManager.ModelDeliveryEvents.VisualSearchClassification recorded 32 samples, mean = 5.5 (flags = 0x41)
0  ... 
3  ----------------O                                                         (16 = 50.0%) {0.0%}
4  ... 
8  ----------------O                                                         (16 = 50.0%) {50.0%}
9  ... 

Histogram: OptimizationGuide.PredictionManager.ModelDeliveryEvents.WebAppInstallationPromo recorded 32 samples, mean = 5.5 (flags = 0x41)
0  ... 
3  ----------------O                                                         (16 = 50.0%) {0.0%}
4  ... 
8  ----------------O                                                         (16 = 50.0%) {50.0%}
9  ... 

Histogram: OptimizationGuide.PredictionManager.RegistrationTimeSinceServiceInit.ClientSidePhishing recorded 1 samples, mean = 0.0 (flags = 0x41)
0  -O                                                                        (1 = 100.0%)
1  ... 

Histogram: OptimizationGuide.PredictionManager.RegistrationTimeSinceServiceInit.GeolocationPermissions recorded 1 samples, mean = 0.0 (flags = 0x41)
0  -O                                                                        (1 = 100.0%)
1  ... 

Histogram: OptimizationGuide.PredictionManager.RegistrationTimeSinceServiceInit.LanguageDetection recorded 2 samples, mean = 5.5 (flags = 0x41)
0   -O                                                                        (1 = 50.0%)
1   ... 
10  -O                                                                        (1 = 50.0%) {50.0%}
13  ... 

Histogram: OptimizationGuide.PredictionManager.RegistrationTimeSinceServiceInit.NewTabPageHistoryClustersModuleRanking recorded 1 samples, mean = 0.0 (flags = 0x41)
0  -O                                                                        (1 = 100.0%)
1  ... 

Histogram: OptimizationGuide.PredictionManager.RegistrationTimeSinceServiceInit.NotificationPermissions recorded 1 samples, mean = 0.0 (flags = 0x41)
0  -O                                                                        (1 = 100.0%)
1  ... 

Histogram: OptimizationGuide.PredictionManager.RegistrationTimeSinceServiceInit.OmniboxUrlScoring recorded 1 samples, mean = 0.0 (flags = 0x41)
0  -O                                                                        (1 = 100.0%)
1  ... 

Histogram: OptimizationGuide.PredictionManager.RegistrationTimeSinceServiceInit.PageTopicsV2 recorded 1 samples, mean = 0.0 (flags = 0x41)
0  -O                                                                        (1 = 100.0%)
1  ... 

Histogram: OptimizationGuide.PredictionManager.RegistrationTimeSinceServiceInit.SegmentationChromeLowUserEngagement recorded 1 samples, mean = 7235.0 (flags = 0x41)
0     ... 
6296  -O                                                                        (1 = 100.0%) {0.0%}
8000  ... 

Histogram: OptimizationGuide.PredictionManager.RegistrationTimeSinceServiceInit.SegmentationComposePromotion recorded 1 samples, mean = 7236.0 (flags = 0x41)
0     ... 
6296  -O                                                                        (1 = 100.0%) {0.0%}
8000  ... 

Histogram: OptimizationGuide.PredictionManager.RegistrationTimeSinceServiceInit.SegmentationDeviceSwitcher recorded 1 samples, mean = 7236.0 (flags = 0x41)
0     ... 
6296  -O                                                                        (1 = 100.0%) {0.0%}
8000  ... 

Histogram: OptimizationGuide.PredictionManager.RegistrationTimeSinceServiceInit.SegmentationSearchUser recorded 1 samples, mean = 7236.0 (flags = 0x41)
0     ... 
6296  -O                                                                        (1 = 100.0%) {0.0%}
8000  ... 

Histogram: OptimizationGuide.PredictionManager.RegistrationTimeSinceServiceInit.SegmentationShoppingUser recorded 1 samples, mean = 7236.0 (flags = 0x41)
0     ... 
6296  -O                                                                        (1 = 100.0%) {0.0%}
8000  ... 

Histogram: OptimizationGuide.PredictionManager.RegistrationTimeSinceServiceInit.TextSafety recorded 1 samples, mean = 0.0 (flags = 0x41)
0  -O                                                                        (1 = 100.0%)
1  ... 

Histogram: OptimizationGuide.PredictionManager.RegistrationTimeSinceServiceInit.URLVisitResumptionRanker recorded 1 samples, mean = 7236.0 (flags = 0x41)
0     ... 
6296  -O                                                                        (1 = 100.0%) {0.0%}
8000  ... 

Histogram: OptimizationGuide.PredictionManager.RegistrationTimeSinceServiceInit.VisualSearchClassification recorded 1 samples, mean = 0.0 (flags = 0x41)
0  -O                                                                        (1 = 100.0%)
1  ... 

Histogram: OptimizationGuide.PredictionManager.RegistrationTimeSinceServiceInit.WebAppInstallationPromo recorded 1 samples, mean = 7236.0 (flags = 0x41)
0     ... 
6296  -O                                                                        (1 = 100.0%) {0.0%}
8000  ... 

Histogram: OptimizationGuide.PredictionManager.StoreInitialized recorded 1 samples, mean = 1.0 (flags = 0x40)
0  O                                                                         (0 = 0.0%)
1  -O                                                                        (1 = 100.0%) {0.0%}
2  O                                                                         (0 = 0.0%) {100.0%}

Histogram: OptimizationGuide.PredictionManager.SupportedModelEngineVersion recorded 16 samples, mean = 18.0 (flags = 0x40)
0   ... 
18  ----------------O                                                         (16 = 100.0%) {0.0%}
19  ... 

Histogram: OptimizationGuide.PredictionModelFetcher.GetModelsResponse.NetErrorCode recorded 16 samples (flags = 0x41)
379  ----------------O                                                         (16 = 100.0%)

Histogram: OptimizationGuide.PredictionModelFetcher.GetModelsResponse.NetErrorCode.ClientSidePhishing recorded 16 samples (flags = 0x41)
379  ----------------O                                                         (16 = 100.0%)

Histogram: OptimizationGuide.PredictionModelFetcher.GetModelsResponse.NetErrorCode.GeolocationPermissions recorded 16 samples (flags = 0x41)
379  ----------------O                                                         (16 = 100.0%)

Histogram: OptimizationGuide.PredictionModelFetcher.GetModelsResponse.NetErrorCode.LanguageDetection recorded 16 samples (flags = 0x41)
379  ----------------O                                                         (16 = 100.0%)

Histogram: OptimizationGuide.PredictionModelFetcher.GetModelsResponse.NetErrorCode.NewTabPageHistoryClustersModuleRanking recorded 16 samples (flags = 0x41)
379  ----------------O                                                         (16 = 100.0%)

Histogram: OptimizationGuide.PredictionModelFetcher.GetModelsResponse.NetErrorCode.NotificationPermissions recorded 16 samples (flags = 0x41)
379  ----------------O                                                         (16 = 100.0%)

Histogram: OptimizationGuide.PredictionModelFetcher.GetModelsResponse.NetErrorCode.OmniboxUrlScoring recorded 16 samples (flags = 0x41)
379  ----------------O                                                         (16 = 100.0%)

Histogram: OptimizationGuide.PredictionModelFetcher.GetModelsResponse.NetErrorCode.PageTopicsV2 recorded 16 samples (flags = 0x41)
379  ----------------O                                                         (16 = 100.0%)

Histogram: OptimizationGuide.PredictionModelFetcher.GetModelsResponse.NetErrorCode.SegmentationChromeLowUserEngagement recorded 16 samples (flags = 0x41)
379  ----------------O                                                         (16 = 100.0%)

Histogram: OptimizationGuide.PredictionModelFetcher.GetModelsResponse.NetErrorCode.SegmentationComposePromotion recorded 16 samples (flags = 0x41)
379  ----------------O                                                         (16 = 100.0%)

Histogram: OptimizationGuide.PredictionModelFetcher.GetModelsResponse.NetErrorCode.SegmentationDeviceSwitcher recorded 16 samples (flags = 0x41)
379  ----------------O                                                         (16 = 100.0%)

Histogram: OptimizationGuide.PredictionModelFetcher.GetModelsResponse.NetErrorCode.SegmentationSearchUser recorded 16 samples (flags = 0x41)
379  ----------------O                                                         (16 = 100.0%)

Histogram: OptimizationGuide.PredictionModelFetcher.GetModelsResponse.NetErrorCode.SegmentationShoppingUser recorded 16 samples (flags = 0x41)
379  ----------------O                                                         (16 = 100.0%)

Histogram: OptimizationGuide.PredictionModelFetcher.GetModelsResponse.NetErrorCode.TextSafety recorded 16 samples (flags = 0x41)
379  ----------------O                                                         (16 = 100.0%)

Histogram: OptimizationGuide.PredictionModelFetcher.GetModelsResponse.NetErrorCode.URLVisitResumptionRanker recorded 16 samples (flags = 0x41)
379  ----------------O                                                         (16 = 100.0%)

Histogram: OptimizationGuide.PredictionModelFetcher.GetModelsResponse.NetErrorCode.VisualSearchClassification recorded 16 samples (flags = 0x41)
379  ----------------O                                                         (16 = 100.0%)

Histogram: OptimizationGuide.PredictionModelFetcher.GetModelsResponse.NetErrorCode.WebAppInstallationPromo recorded 16 samples (flags = 0x41)
379  ----------------O                                                         (16 = 100.0%)

Histogram: OptimizationGuide.PredictionModelFetcher.GetModelsResponse.Status recorded 16 samples, mean = 403.0 (flags = 0x41)
0    ... 
403  ----------------O                                                         (16 = 100.0%) {0.0%}
404  ... 

Histogram: OptimizationGuide.PredictionModelFetcher.GetModelsResponse.Status.ClientSidePhishing recorded 16 samples, mean = 403.0 (flags = 0x41)
0    ... 
403  ----------------O                                                         (16 = 100.0%) {0.0%}
404  ... 

Histogram: OptimizationGuide.PredictionModelFetcher.GetModelsResponse.Status.GeolocationPermissions recorded 16 samples, mean = 403.0 (flags = 0x41)
0    ... 
403  ----------------O                                                         (16 = 100.0%) {0.0%}
404  ... 

Histogram: OptimizationGuide.PredictionModelFetcher.GetModelsResponse.Status.LanguageDetection recorded 16 samples, mean = 403.0 (flags = 0x41)
0    ... 
403  ----------------O                                                         (16 = 100.0%) {0.0%}
404  ... 

Histogram: OptimizationGuide.PredictionModelFetcher.GetModelsResponse.Status.NewTabPageHistoryClustersModuleRanking recorded 16 samples, mean = 403.0 (flags = 0x41)
0    ... 
403  ----------------O                                                         (16 = 100.0%) {0.0%}
404  ... 

Histogram: OptimizationGuide.PredictionModelFetcher.GetModelsResponse.Status.NotificationPermissions recorded 16 samples, mean = 403.0 (flags = 0x41)
0    ... 
403  ----------------O                                                         (16 = 100.0%) {0.0%}
404  ... 

Histogram: OptimizationGuide.PredictionModelFetcher.GetModelsResponse.Status.OmniboxUrlScoring recorded 16 samples, mean = 403.0 (flags = 0x41)
0    ... 
403  ----------------O                                                         (16 = 100.0%) {0.0%}
404  ... 

Histogram: OptimizationGuide.PredictionModelFetcher.GetModelsResponse.Status.PageTopicsV2 recorded 16 samples, mean = 403.0 (flags = 0x41)
0    ... 
403  ----------------O                                                         (16 = 100.0%) {0.0%}
404  ... 

Histogram: OptimizationGuide.PredictionModelFetcher.GetModelsResponse.Status.SegmentationChromeLowUserEngagement recorded 16 samples, mean = 403.0 (flags = 0x41)
0    ... 
403  ----------------O                                                         (16 = 100.0%) {0.0%}
404  ... 

Histogram: OptimizationGuide.PredictionModelFetcher.GetModelsResponse.Status.SegmentationComposePromotion recorded 16 samples, mean = 403.0 (flags = 0x41)
0    ... 
403  ----------------O                                                         (16 = 100.0%) {0.0%}
404  ... 

Histogram: OptimizationGuide.PredictionModelFetcher.GetModelsResponse.Status.SegmentationDeviceSwitcher recorded 16 samples, mean = 403.0 (flags = 0x41)
0    ... 
403  ----------------O                                                         (16 = 100.0%) {0.0%}
404  ... 

Histogram: OptimizationGuide.PredictionModelFetcher.GetModelsResponse.Status.SegmentationSearchUser recorded 16 samples, mean = 403.0 (flags = 0x41)
0    ... 
403  ----------------O                                                         (16 = 100.0%) {0.0%}
404  ... 

Histogram: OptimizationGuide.PredictionModelFetcher.GetModelsResponse.Status.SegmentationShoppingUser recorded 16 samples, mean = 403.0 (flags = 0x41)
0    ... 
403  ----------------O                                                         (16 = 100.0%) {0.0%}
404  ... 

Histogram: OptimizationGuide.PredictionModelFetcher.GetModelsResponse.Status.TextSafety recorded 16 samples, mean = 403.0 (flags = 0x41)
0    ... 
403  ----------------O                                                         (16 = 100.0%) {0.0%}
404  ... 

Histogram: OptimizationGuide.PredictionModelFetcher.GetModelsResponse.Status.URLVisitResumptionRanker recorded 16 samples, mean = 403.0 (flags = 0x41)
0    ... 
403  ----------------O                                                         (16 = 100.0%) {0.0%}
404  ... 

Histogram: OptimizationGuide.PredictionModelFetcher.GetModelsResponse.Status.VisualSearchClassification recorded 16 samples, mean = 403.0 (flags = 0x41)
0    ... 
403  ----------------O                                                         (16 = 100.0%) {0.0%}
404  ... 

Histogram: OptimizationGuide.PredictionModelFetcher.GetModelsResponse.Status.WebAppInstallationPromo recorded 16 samples, mean = 403.0 (flags = 0x41)
0    ... 
403  ----------------O                                                         (16 = 100.0%) {0.0%}
404  ... 

Histogram: OptimizationGuide.ProcessHintsResult recorded 1 samples, mean = 5.0 (flags = 0x41)
0  ... 
5  -O                                                                        (1 = 100.0%) {0.0%}
6  ... 

Histogram: OptimizationGuide.ProcessingComponentAtShutdown recorded 1 samples, mean = 0.0 (flags = 0x41)
0  -O                                                                        (1 = 100.0%)
1  ... 

Histogram: OptimizationGuide.RemoteFetchingEnabled recorded 1 samples, mean = 0.0 (flags = 0x41)
0  -O                                                                        (1 = 100.0%)
1  ... 

Histogram: OptimizationGuide.UpdateComponentHints.Result recorded 1 samples, mean = 0.0 (flags = 0x40)
0  -O                                                                        (1 = 100.0%)
1  ... 

Histogram: OriginTrials.PersistentOriginTrial.LevelDbInitSuccess recorded 1 samples, mean = 1.0 (flags = 0x41)
0  O                                                                         (0 = 0.0%)
1  -O                                                                        (1 = 100.0%) {0.0%}
2  O                                                                         (0 = 0.0%) {100.0%}

Histogram: OriginTrials.PersistentOriginTrial.LevelDbLoadSize recorded 1 samples, mean = 0.0 (flags = 0x41)
0  -O                                                                        (1 = 100.0%)
1  ... 

Histogram: OriginTrials.PersistentOriginTrial.LevelDbLoadSuccess recorded 1 samples, mean = 1.0 (flags = 0x41)
0  O                                                                         (0 = 0.0%)
1  -O                                                                        (1 = 100.0%) {0.0%}
2  O                                                                         (0 = 0.0%) {100.0%}

Histogram: OriginTrials.PersistentOriginTrial.LevelDbLoadTime recorded 1 samples, mean = 7236.0 (flags = 0x41)
0     ... 
7083  -O                                                                        (1 = 100.0%) {0.0%}
8416  ... 

Histogram: OriginTrials.PersistentOriginTrial.OriginLookupsBeforeDbLoad recorded 1 samples, mean = 0.0 (flags = 0x41)
0  -O                                                                        (1 = 100.0%)
1  ... 

Histogram: OriginTrials.PersistentOriginTrial.OriginsAddedBeforeDbLoad recorded 1 samples, mean = 0.0 (flags = 0x41)
0  -O                                                                        (1 = 100.0%)
1  ... 

Histogram: PageActionController.ExtensionsWithPageActions recorded 1 samples, mean = 0.0 (flags = 0x41)
0  -O                                                                        (1 = 100.0%)
1  ... 

Histogram: PageContentAnnotations.AnnotateVisit.AnnotationRequestQueued recorded 5 samples, mean = 1.0 (flags = 0x40)
0  O                                                                         (0 = 0.0%)
1  -----O                                                                    (5 = 100.0%) {0.0%}
2  O                                                                         (0 = 0.0%) {100.0%}

Histogram: PageContentAnnotations.AnnotateVisit.AnnotationRequested recorded 5 samples, mean = 1.0 (flags = 0x40)
0  O                                                                         (0 = 0.0%)
1  -----O                                                                    (5 = 100.0%) {0.0%}
2  O                                                                         (0 = 0.0%) {100.0%}

Histogram: PageContentAnnotations.AnnotateVisit.BatchAnnotationStarted recorded 2 samples, mean = 1.0 (flags = 0x40)
0  O                                                                         (0 = 0.0%)
1  --O                                                                       (2 = 100.0%) {0.0%}
2  O                                                                         (0 = 0.0%) {100.0%}

Histogram: PageLoad.Clients.Ads.AllPages.NonAdNetworkBytes recorded 2 samples, mean = 82.0 (flags = 0x41)
0    ... 
29   -O                                                                        (1 = 50.0%) {0.0%}
38   ... 
108  -O                                                                        (1 = 50.0%) {50.0%}
141  ... 

Histogram: PageLoad.Clients.Ads.AllPages.PercentNetworkBytesAds recorded 2 samples, mean = 0.0 (flags = 0x41)
0  --O                                                                       (2 = 100.0%)
1  ... 

Histogram: PageLoad.Clients.Ads.AllPages.PercentTotalBytesAds recorded 2 samples, mean = 0.0 (flags = 0x41)
0  --O                                                                       (2 = 100.0%)
1  ... 

Histogram: PageLoad.Clients.Ads.AverageViewportAdDensity recorded 2 samples, mean = 0.0 (flags = 0x41)
0  --O                                                                       (2 = 100.0%)
1  ... 

Histogram: PageLoad.Clients.Ads.FrameCounts.AdFrames.Total recorded 2 samples, mean = 0.0 (flags = 0x41)
0  --O                                                                       (2 = 100.0%)
1  ... 

Histogram: PageLoad.Clients.Ads.NonVisible.FrameCounts.AdFrames.Total recorded 2 samples, mean = 0.0 (flags = 0x41)
0  --O                                                                       (2 = 100.0%)
1  ... 

Histogram: PageLoad.Clients.Ads.Visible.FrameCounts.AdFrames.Total recorded 2 samples, mean = 0.0 (flags = 0x41)
0  --O                                                                       (2 = 100.0%)
1  ... 

Histogram: PageLoad.Clients.CrossOrigin.LayoutInstability.CumulativeShiftScore recorded 1 samples, mean = 0.0 (flags = 0x41)
0  -O                                                                        (1 = 100.0%)
1  ... 

Histogram: PageLoad.Clients.CrossOrigin.LayoutInstability.CumulativeShiftScore.MainFrame recorded 1 samples, mean = 0.0 (flags = 0x41)
0  -O                                                                        (1 = 100.0%)
1  ... 

Histogram: PageLoad.Clients.Leakage2.AbandonReasonAt.LoaderStart recorded 1 samples, mean = 10.0 (flags = 0x41)
0   ... 
10  -O                                                                        (1 = 100.0%) {0.0%}
11  ... 

Histogram: PageLoad.Clients.Leakage2.LastMilestoneBeforeAbandon.NewReloadNavigation recorded 1 samples, mean = 1.0 (flags = 0x41)
0  O                                                                         (0 = 0.0%)
1  -O                                                                        (1 = 100.0%) {0.0%}
2  ... 

Histogram: PageLoad.Clients.Leakage2.LoaderStartToAbandon.NewReloadNavigation recorded 1 samples, mean = 3915.0 (flags = 0x41)
0     ... 
3818  -O                                                                        (1 = 100.0%) {0.0%}
4272  ... 

Histogram: PageLoad.Clients.Leakage2.NavigationStart recorded 3 samples, mean = 4800.7 (flags = 0x41)
0     ... 
2176  -O                                                                        (1 = 33.3%) {0.0%}
2435  ... 
3818  -O                                                                        (1 = 33.3%) {33.3%}
4272  ... 
7494  -O                                                                        (1 = 33.3%) {66.7%}
8385  ... 

Histogram: PageLoad.Clients.Leakage2.NavigationStartToCommitReceived recorded 2 samples, mean = 5181.5 (flags = 0x41)
0     ... 
2176  -O                                                                        (1 = 50.0%) {0.0%}
2435  ... 
7494  -O                                                                        (1 = 50.0%) {50.0%}
8385  ... 

Histogram: PageLoad.Clients.Leakage2.NavigationStartToCommitSent recorded 2 samples, mean = 5178.0 (flags = 0x41)
0     ... 
2176  -O                                                                        (1 = 50.0%) {0.0%}
2435  ... 
7494  -O                                                                        (1 = 50.0%) {50.0%}
8385  ... 

Histogram: PageLoad.Clients.Leakage2.NavigationStartToDOMContentLoaded recorded 2 samples, mean = 6037.0 (flags = 0x41)
0     ... 
2176  -O                                                                        (1 = 50.0%) {0.0%}
2435  ... 
9382  -O                                                                        (1 = 50.0%) {50.0%}
10498 ... 

Histogram: PageLoad.Clients.Leakage2.NavigationStartToDidCommit recorded 2 samples, mean = 5226.5 (flags = 0x41)
0     ... 
2176  -O                                                                        (1 = 50.0%) {0.0%}
2435  ... 
7494  -O                                                                        (1 = 50.0%) {50.0%}
8385  ... 

Histogram: PageLoad.Clients.Leakage2.NavigationStartToLoadStarted recorded 2 samples, mean = 6154.0 (flags = 0x41)
0     ... 
2435  -O                                                                        (1 = 50.0%) {0.0%}
2725  ... 
9382  -O                                                                        (1 = 50.0%) {50.0%}
10498 ... 

Histogram: PageLoad.Clients.Leakage2.NavigationStartToLoaderStart recorded 3 samples, mean = 1958.7 (flags = 0x41)
0     ... 
30    -O                                                                        (1 = 33.3%) {0.0%}
34    ... 
1945  -O                                                                        (1 = 33.3%) {33.3%}
2176  ... 
3818  -O                                                                        (1 = 33.3%) {66.7%}
4272  ... 

Histogram: PageLoad.Clients.Leakage2.NavigationStartToNonRedirectResponseLoaderCallback recorded 2 samples, mean = 5173.5 (flags = 0x41)
0     ... 
2176  -O                                                                        (1 = 50.0%) {0.0%}
2435  ... 
7494  -O                                                                        (1 = 50.0%) {50.0%}
8385  ... 

Histogram: PageLoad.Clients.Leakage2.NavigationStartToNonRedirectResponseStart recorded 2 samples, mean = 4911.5 (flags = 0x41)
0     ... 
2176  -O                                                                        (1 = 50.0%) {0.0%}
2435  ... 
7494  -O                                                                        (1 = 50.0%) {50.0%}
8385  ... 

Histogram: PageLoad.Clients.Leakage2.NavigationStartToNonRedirectedRequestStart recorded 2 samples, mean = 4697.0 (flags = 0x41)
0     ... 
1945  -O                                                                        (1 = 50.0%) {0.0%}
2176  ... 
6697  -O                                                                        (1 = 50.0%) {50.0%}
7494  ... 

Histogram: PageLoad.Clients.Leakage2.NavigationStartToParseStart recorded 2 samples, mean = 5191.0 (flags = 0x41)
0     ... 
2176  -O                                                                        (1 = 50.0%) {0.0%}
2435  ... 
7494  -O                                                                        (1 = 50.0%) {50.0%}
8385  ... 

Histogram: PageLoad.Clients.Leakage2.RendererProcessCreatedBeforeNav recorded 2 samples, mean = 1.0 (flags = 0x41)
0  O                                                                         (0 = 0.0%)
1  --O                                                                       (2 = 100.0%) {0.0%}
2  O                                                                         (0 = 0.0%) {100.0%}

Histogram: PageLoad.Clients.LinkPreview.Usage recorded 2 samples, mean = 0.0 (flags = 0x41)
0  --O                                                                       (2 = 100.0%)
1  ... 

Histogram: PageLoad.Clients.MultiTabLoading.WithTabCount_0.DocumentTiming.NavigationToDOMContentLoadedEventFired recorded 2 samples, mean = 6037.0 (flags = 0x41)
0     ... 
2176  -O                                                                        (1 = 50.0%) {0.0%}
2435  ... 
9382  -O                                                                        (1 = 50.0%) {50.0%}
10498 ... 

Histogram: PageLoad.Clients.MultiTabLoading.WithTabCount_0.DocumentTiming.NavigationToLoadEventFired recorded 2 samples, mean = 6154.0 (flags = 0x41)
0     ... 
2435  -O                                                                        (1 = 50.0%) {0.0%}
2725  ... 
9382  -O                                                                        (1 = 50.0%) {50.0%}
10498 ... 

Histogram: PageLoad.Clients.MultiTabLoading.With_0_OtherLoading.DocumentTiming.NavigationToDOMContentLoadedEventFired recorded 2 samples, mean = 6037.0 (flags = 0x41)
0     ... 
2176  -O                                                                        (1 = 50.0%) {0.0%}
2435  ... 
9382  -O                                                                        (1 = 50.0%) {50.0%}
10498 ... 

Histogram: PageLoad.Clients.MultiTabLoading.With_0_OtherLoading.DocumentTiming.NavigationToLoadEventFired recorded 2 samples, mean = 6154.0 (flags = 0x41)
0     ... 
2435  -O                                                                        (1 = 50.0%) {0.0%}
2725  ... 
9382  -O                                                                        (1 = 50.0%) {50.0%}
10498 ... 

Histogram: PageLoad.Clients.PerformanceManager.LoadedIdleWithoutLCP recorded 2 samples, mean = 8957.0 (flags = 0x41)
0      ... 
3900   -O                                                                        (1 = 50.0%) {0.0%}
4955   ... 
12916  -O                                                                        (1 = 50.0%) {50.0%}
16411  ... 

Histogram: PageLoad.Clients.PerformanceManager.LoadedIdleWithoutLCP.Foreground recorded 2 samples, mean = 8957.0 (flags = 0x41)
0      ... 
3900   -O                                                                        (1 = 50.0%) {0.0%}
4955   ... 
12916  -O                                                                        (1 = 50.0%) {50.0%}
16411  ... 

Histogram: PageLoad.Clients.Protocol.QUIC.DocumentTiming.NavigationToDOMContentLoadedEventFired recorded 2 samples, mean = 6037.0 (flags = 0x41)
0     ... 
2176  -O                                                                        (1 = 50.0%) {0.0%}
2435  ... 
9382  -O                                                                        (1 = 50.0%) {50.0%}
10498 ... 

Histogram: PageLoad.Clients.Protocol.QUIC.DocumentTiming.NavigationToLoadEventFired recorded 2 samples, mean = 6154.0 (flags = 0x41)
0     ... 
2435  -O                                                                        (1 = 50.0%) {0.0%}
2725  ... 
9382  -O                                                                        (1 = 50.0%) {50.0%}
10498 ... 

Histogram: PageLoad.Clients.Protocol.QUIC.ParseTiming.NavigationToParseStart recorded 2 samples, mean = 5191.0 (flags = 0x41)
0     ... 
2176  -O                                                                        (1 = 50.0%) {0.0%}
2435  ... 
7494  -O                                                                        (1 = 50.0%) {50.0%}
8385  ... 

Histogram: PageLoad.Clients.SameOrigin.LayoutInstability.CumulativeShiftScore recorded 1 samples, mean = 0.0 (flags = 0x41)
0  -O                                                                        (1 = 100.0%)
1  ... 

Histogram: PageLoad.Clients.SameOrigin.LayoutInstability.CumulativeShiftScore.MainFrame recorded 1 samples, mean = 0.0 (flags = 0x41)
0  -O                                                                        (1 = 100.0%)
1  ... 

Histogram: PageLoad.Clients.Scheme.HTTPS.ParseTiming.NavigationToParseStart recorded 2 samples, mean = 5191.0 (flags = 0x41)
0     ... 
2176  -O                                                                        (1 = 50.0%) {0.0%}
2435  ... 
7494  -O                                                                        (1 = 50.0%) {50.0%}
8385  ... 

Histogram: PageLoad.Clients.SubresourceLoading.DaysSinceLastVisitToOrigin recorded 2 samples, mean = 0.0 (flags = 0x40)
0  --O                                                                       (2 = 100.0%)
1  ... 

Histogram: PageLoad.Clients.SubresourceLoading.HasPreviousVisitToOrigin recorded 2 samples, mean = 1.0 (flags = 0x40)
0  O                                                                         (0 = 0.0%)
1  --O                                                                       (2 = 100.0%) {0.0%}
2  O                                                                         (0 = 0.0%) {100.0%}

Histogram: PageLoad.Clients.TPCD.CookieAccess.ThirdPartyCookieAllowMechanism3 recorded 1 samples, mean = 2.0 (flags = 0x41)
0  ... 
2  -O                                                                        (1 = 100.0%) {0.0%}
3  ... 

Histogram: PageLoad.Clients.TPCD.TPCAccess.CookieReadStatus2 recorded 1 samples, mean = 1.0 (flags = 0x41)
0  O                                                                         (0 = 0.0%)
1  -O                                                                        (1 = 100.0%) {0.0%}
2  ... 

Histogram: PageLoad.Clients.TPCD.ThirdPartyCookieAccessBlockedByExperiment2 recorded 1 samples, mean = 0.0 (flags = 0x41)
0  -O                                                                        (1 = 100.0%)
1  ... 

Histogram: PageLoad.Clients.ThirdParty.Origins.CookieRead2 recorded 2 samples, mean = 0.5 (flags = 0x41)
0  -O                                                                        (1 = 50.0%)
1  -O                                                                        (1 = 50.0%) {50.0%}
2  ... 

Histogram: PageLoad.Cpu.TotalUsage recorded 2 samples, mean = 595.0 (flags = 0x41)
0    ... 
94   -O                                                                        (1 = 50.0%) {0.0%}
105  ... 
990  -O                                                                        (1 = 50.0%) {50.0%}
1108 ... 

Histogram: PageLoad.Cpu.TotalUsageForegrounded recorded 2 samples, mean = 595.0 (flags = 0x41)
0    ... 
94   -O                                                                        (1 = 50.0%) {0.0%}
105  ... 
990  -O                                                                        (1 = 50.0%) {50.0%}
1108 ... 

Histogram: PageLoad.DocumentTiming.NavigationToDOMContentLoadedEventFired recorded 2 samples, mean = 6037.0 (flags = 0x41)
0     ... 
2176  -O                                                                        (1 = 50.0%) {0.0%}
2435  ... 
9382  -O                                                                        (1 = 50.0%) {50.0%}
10498 ... 

Histogram: PageLoad.DocumentTiming.NavigationToLoadEventFired recorded 2 samples, mean = 6154.0 (flags = 0x41)
0     ... 
2435  -O                                                                        (1 = 50.0%) {0.0%}
2725  ... 
9382  -O                                                                        (1 = 50.0%) {50.0%}
10498 ... 

Histogram: PageLoad.Experimental.NavigationTiming.FinalLoaderCallbackToNavigationCommitSent recorded 2 samples, mean = 4.5 (flags = 0x41)
0  --O                                                                       (2 = 100.0%)
10 ... 

Histogram: PageLoad.Experimental.NavigationTiming.FinalRequestStartToFinalResponseStart recorded 2 samples, mean = 214.5 (flags = 0x41)
0    ... 
206  --O                                                                       (2 = 100.0%) {0.0%}
230  ... 

Histogram: PageLoad.Experimental.NavigationTiming.FinalResponseStartToFinalLoaderCallback recorded 2 samples, mean = 261.5 (flags = 0x41)
0    ... 
19   -O                                                                        (1 = 50.0%) {0.0%}
21   ... 
451  -O                                                                        (1 = 50.0%) {50.0%}
505  ... 

Histogram: PageLoad.Experimental.NavigationTiming.FirstRequestStartToFirstResponseStart recorded 2 samples, mean = 214.5 (flags = 0x41)
0    ... 
206  --O                                                                       (2 = 100.0%) {0.0%}
230  ... 

Histogram: PageLoad.Experimental.NavigationTiming.FirstResponseStartToFirstLoaderCallback recorded 2 samples, mean = 261.5 (flags = 0x41)
0    ... 
19   -O                                                                        (1 = 50.0%) {0.0%}
21   ... 
451  -O                                                                        (1 = 50.0%) {50.0%}
505  ... 

Histogram: PageLoad.Experimental.NavigationTiming.NavigationStartToFinalLoaderCallback recorded 2 samples, mean = 5173.5 (flags = 0x41)
0     ... 
2176  -O                                                                        (1 = 50.0%) {0.0%}
2435  ... 
7494  -O                                                                        (1 = 50.0%) {50.0%}
8385  ... 

Histogram: PageLoad.Experimental.NavigationTiming.NavigationStartToFinalRequestStart recorded 2 samples, mean = 4697.0 (flags = 0x41)
0     ... 
1945  -O                                                                        (1 = 50.0%) {0.0%}
2176  ... 
6697  -O                                                                        (1 = 50.0%) {50.0%}
7494  ... 

Histogram: PageLoad.Experimental.NavigationTiming.NavigationStartToFinalResponseStart recorded 2 samples, mean = 4911.5 (flags = 0x41)
0     ... 
2176  -O                                                                        (1 = 50.0%) {0.0%}
2435  ... 
7494  -O                                                                        (1 = 50.0%) {50.0%}
8385  ... 

Histogram: PageLoad.Experimental.NavigationTiming.NavigationStartToFirstLoaderCallback recorded 2 samples, mean = 5173.5 (flags = 0x41)
0     ... 
2176  -O                                                                        (1 = 50.0%) {0.0%}
2435  ... 
7494  -O                                                                        (1 = 50.0%) {50.0%}
8385  ... 

Histogram: PageLoad.Experimental.NavigationTiming.NavigationStartToFirstRequestStart recorded 2 samples, mean = 4697.0 (flags = 0x41)
0     ... 
1945  -O                                                                        (1 = 50.0%) {0.0%}
2176  ... 
6697  -O                                                                        (1 = 50.0%) {50.0%}
7494  ... 

Histogram: PageLoad.Experimental.NavigationTiming.NavigationStartToFirstResponseStart recorded 2 samples, mean = 4911.5 (flags = 0x41)
0     ... 
2176  -O                                                                        (1 = 50.0%) {0.0%}
2435  ... 
7494  -O                                                                        (1 = 50.0%) {50.0%}
8385  ... 

Histogram: PageLoad.Experimental.NavigationTiming.NavigationStartToNavigationCommitSent recorded 2 samples, mean = 5178.0 (flags = 0x41)
0     ... 
2176  -O                                                                        (1 = 50.0%) {0.0%}
2435  ... 
7494  -O                                                                        (1 = 50.0%) {50.0%}
8385  ... 

Histogram: PageLoad.Experimental.PageTiming.CachedResourceLoadTime. recorded 2 samples, mean = 2.5 (flags = 0x41)
0  O                                                                         (0 = 0.0%)
1  -O                                                                        (1 = 50.0%) {0.0%}
2  ... 
4  -O                                                                        (1 = 50.0%) {50.0%}
5  ... 

Histogram: PageLoad.Experimental.PageTiming.CachedResourceLoadTime.font recorded 5 samples, mean = 1.0 (flags = 0x41)
0  -O                                                                        (1 = 20.0%)
1  ---O                                                                      (3 = 60.0%) {20.0%}
2  -O                                                                        (1 = 20.0%) {80.0%}
3  ... 

Histogram: PageLoad.Experimental.PageTiming.CachedResourceLoadTime.image recorded 1 samples, mean = 199.0 (flags = 0x41)
0    ... 
173  -O                                                                        (1 = 100.0%) {0.0%}
220  ... 

Histogram: PageLoad.Experimental.PageTiming.CachedResourceLoadTime.manifest recorded 2 samples, mean = 339.0 (flags = 0x41)
0    ... 
220  -O                                                                        (1 = 50.0%) {0.0%}
280  O                                                                         (0 = 0.0%) {50.0%}
356  -O                                                                        (1 = 50.0%) {50.0%}
452  ... 

Histogram: PageLoad.Experimental.PageTiming.CachedResourceLoadTime.script recorded 25 samples, mean = 7.6 (flags = 0x41)
0   --O                                                                       (2 = 8.0%)
1   -O                                                                        (1 = 4.0%) {8.0%}
2   ... 
5   -O                                                                        (1 = 4.0%) {12.0%}
6   --------O                                                                 (8 = 32.0%) {16.0%}
8   ----------O                                                               (10 = 40.0%) {48.0%}
10  O                                                                         (0 = 0.0%) {88.0%}
13  -O                                                                        (1 = 4.0%) {88.0%}
16  --O                                                                       (2 = 8.0%) {92.0%}
20  ... 

Histogram: PageLoad.Experimental.PageTiming.CachedResourceLoadTime.style recorded 8 samples, mean = 134.5 (flags = 0x41)
0    ... 
6    ----O                                                                     (4 = 50.0%) {0.0%}
8    --O                                                                       (2 = 25.0%) {50.0%}
10   -O                                                                        (1 = 12.5%) {75.0%}
13   ... 
926  -O                                                                        (1 = 12.5%) {87.5%}
1177 ... 

Histogram: PageLoad.Experimental.PageTiming.CommitSentToFirstSubresourceLoadStart recorded 2 samples, mean = 100.5 (flags = 0x41)
0    ... 
94   -O                                                                        (1 = 50.0%) {0.0%}
105  -O                                                                        (1 = 50.0%) {50.0%}
117  ... 

Histogram: PageLoad.Experimental.PageTiming.NavigationToFirstSubresourceLoadStart recorded 2 samples, mean = 5279.0 (flags = 0x41)
0     ... 
2176  -O                                                                        (1 = 50.0%) {0.0%}
2435  ... 
7494  -O                                                                        (1 = 50.0%) {50.0%}
8385  ... 

Histogram: PageLoad.Experimental.PageTiming.ResourceLoadTime. recorded 11 samples, mean = 269.5 (flags = 0x41)
0    ... 
136  ---O                                                                      (3 = 27.3%) {0.0%}
173  -----O                                                                    (5 = 45.5%) {27.3%}
220  ... 
356  -O                                                                        (1 = 9.1%) {72.7%}
452  -O                                                                        (1 = 9.1%) {81.8%}
574  -O                                                                        (1 = 9.1%) {90.9%}
729  ... 

Histogram: PageLoad.Experimental.PageTiming.ResourceLoadTime.document recorded 2 samples, mean = 320.5 (flags = 0x41)
0    ... 
173  -O                                                                        (1 = 50.0%) {0.0%}
220  ... 
356  -O                                                                        (1 = 50.0%) {50.0%}
452  ... 

Histogram: PageLoad.Experimental.PageTiming.ResourceLoadTime.image recorded 2 samples, mean = 147.0 (flags = 0x41)
0    ... 
136  --O                                                                       (2 = 100.0%) {0.0%}
173  ... 

Histogram: PageLoad.Experimental.PageTiming.ResourceLoadTime.script recorded 1 samples, mean = 261.0 (flags = 0x41)
0    ... 
220  -O                                                                        (1 = 100.0%) {0.0%}
280  ... 

Histogram: PageLoad.Experimental.PageVisitFinalStatus recorded 2 samples, mean = 1.0 (flags = 0x41)
0  O                                                                         (0 = 0.0%)
1  --O                                                                       (2 = 100.0%) {0.0%}
2  ... 

Histogram: PageLoad.Experimental.PageVisitType2 recorded 2 samples, mean = 6.0 (flags = 0x41)
0  ... 
6  --O                                                                       (2 = 100.0%) {0.0%}
7  ... 

Histogram: PageLoad.Experimental.PaintTiming.FirstEligibleToPaintToFirstPaint recorded 2 samples, mean = 535.5 (flags = 0x41)
0    ... 
451  -O                                                                        (1 = 50.0%) {0.0%}
505  O                                                                         (0 = 0.0%) {50.0%}
565  -O                                                                        (1 = 50.0%) {50.0%}
632  ... 

Histogram: PageLoad.Experimental.TotalForegroundDuration recorded 2 samples, mean = 1275152.0 (flags = 0x41)
0        ... 
37454    -O                                                                        (1 = 50.0%) {0.0%}
42673    ... 
2434152  -O                                                                        (1 = 50.0%) {50.0%}
2773316  ... 

Histogram: PageLoad.Experimental.TotalForegroundDuration.AllVisit recorded 2 samples, mean = 1275152.0 (flags = 0x41)
0        ... 
37454    -O                                                                        (1 = 50.0%) {0.0%}
42673    ... 
2434152  -O                                                                        (1 = 50.0%) {50.0%}
2773316  ... 

Histogram: PageLoad.Experimental.TotalForegroundDuration.IndependentUIVisit recorded 2 samples, mean = 1275152.0 (flags = 0x41)
0        ... 
37454    -O                                                                        (1 = 50.0%) {0.0%}
42673    ... 
2434152  -O                                                                        (1 = 50.0%) {50.0%}
2773316  ... 

Histogram: PageLoad.Expermental.SoftNavigations.Count recorded 2 samples, mean = 0.0 (flags = 0x41)
0  --O                                                                       (2 = 100.0%)
1  ... 

Histogram: PageLoad.Internal.ErrorCode recorded 1 samples, mean = 17.0 (flags = 0x41)
0   ... 
17  -O                                                                        (1 = 100.0%) {0.0%}
18  O                                                                         (0 = 0.0%) {100.0%}

Histogram: PageLoad.Internal.PageLoadTimingStatus recorded 24 samples, mean = 0.0 (flags = 0x41)
0  ------------------------O                                                 (24 = 100.0%)
1  ... 

Histogram: PageLoad.Internal.PageLoadTimingStatus.AtTimingCallbackDispatch recorded 8 samples, mean = 0.0 (flags = 0x41)
0  --------O                                                                 (8 = 100.0%)
1  ... 

Histogram: PageLoad.Internal.PageType recorded 3 samples, mean = 0.0 (flags = 0x41)
0  ---O                                                                      (3 = 100.0%)
1  ... 

Histogram: PageLoad.Internal.SuppressedEventsBeforeMissingFirstPaint recorded 2 samples, mean = 0.0 (flags = 0x41)
0  --O                                                                       (2 = 100.0%)
1  ... 

Histogram: PageLoad.Internal.SuppressedEventsCountBeforePaint3 recorded 2 samples, mean = 0.0 (flags = 0x41)
0  --O                                                                       (2 = 100.0%)
1  ... 

Histogram: PageLoad.Internal.SuppressedEventsTimingBeforePaint3 recorded 2 samples, mean = 0.0 (flags = 0x41)
0  --O                                                                       (2 = 100.0%)
1  ... 

Histogram: PageLoad.Internal.SuppressedInteractionsCountBeforePaint3 recorded 2 samples, mean = 0.0 (flags = 0x41)
0  --O                                                                       (2 = 100.0%)
1  ... 

Histogram: PageLoad.LayoutInstability.CumulativeShiftScore recorded 2 samples, mean = 0.0 (flags = 0x41)
0  --O                                                                       (2 = 100.0%)
1  ... 

Histogram: PageLoad.LayoutInstability.CumulativeShiftScore.MainFrame recorded 2 samples, mean = 0.0 (flags = 0x41)
0  --O                                                                       (2 = 100.0%)
1  ... 

Histogram: PageLoad.LayoutInstability.MaxCumulativeShiftScore.SessionWindow.Gap1000ms.Max5000ms recorded 2 samples, mean = 0.0 (flags = 0x41)
0  --O                                                                       (2 = 100.0%)
1  ... 

Histogram: PageLoad.LayoutInstability.MaxCumulativeShiftScore.SessionWindow.Gap1000ms.Max5000ms2 recorded 2 samples, mean = 0.0 (flags = 0x41)
0  --O                                                                       (2 = 100.0%)
1  ... 

Histogram: PageLoad.PageTiming.ForegroundDuration recorded 2 samples, mean = 1274004.0 (flags = 0x41)
0        ... 
37454    -O                                                                        (1 = 50.0%) {0.0%}
42673    ... 
2434152  -O                                                                        (1 = 50.0%) {50.0%}
2773316  ... 

Histogram: PageLoad.PageTiming.ForegroundDuration.AfterPaint recorded 2 samples, mean = 1267671.5 (flags = 0x41)
0        ... 
28854    -O                                                                        (1 = 50.0%) {0.0%}
32874    ... 
2434152  -O                                                                        (1 = 50.0%) {50.0%}
2773316  ... 

Histogram: PageLoad.PageTiming.ForegroundDuration.NoCommit recorded 1 samples, mean = 67.0 (flags = 0x41)
0   ... 
62  -O                                                                        (1 = 100.0%) {0.0%}
71  ... 

Histogram: PageLoad.PageTiming.ForegroundDuration.WithPaint recorded 2 samples, mean = 1274004.0 (flags = 0x41)
0        ... 
37454    -O                                                                        (1 = 50.0%) {0.0%}
42673    ... 
2434152  -O                                                                        (1 = 50.0%) {50.0%}
2773316  ... 

Histogram: PageLoad.PaintTiming.NavigationToFirstPaint recorded 2 samples, mean = 6332.5 (flags = 0x41)
0     ... 
2725  -O                                                                        (1 = 50.0%) {0.0%}
3049  ... 
9382  -O                                                                        (1 = 50.0%) {50.0%}
10498 ... 

Histogram: PageLoad.ParseTiming.NavigationToParseStart recorded 2 samples, mean = 5191.0 (flags = 0x41)
0     ... 
2176  -O                                                                        (1 = 50.0%) {0.0%}
2435  ... 
7494  -O                                                                        (1 = 50.0%) {50.0%}
8385  ... 

Histogram: PageLoad.ParseTiming.NavigationToParseStart.LoadType.NewNavigation recorded 2 samples, mean = 5191.0 (flags = 0x41)
0     ... 
2176  -O                                                                        (1 = 50.0%) {0.0%}
2435  ... 
7494  -O                                                                        (1 = 50.0%) {50.0%}
8385  ... 

Histogram: PageLoad.ParseTiming.ParseBlockedOnScriptExecution recorded 2 samples, mean = 8.5 (flags = 0x41)
0   -O                                                                        (1 = 50.0%)
10  ... 
17  -O                                                                        (1 = 50.0%) {50.0%}
19  ... 

Histogram: PageLoad.ParseTiming.ParseBlockedOnScriptExecutionFromDocumentWrite recorded 2 samples, mean = 0.0 (flags = 0x41)
0  --O                                                                       (2 = 100.0%)
10 ... 

Histogram: PageLoad.ParseTiming.ParseBlockedOnScriptLoad recorded 2 samples, mean = 546.0 (flags = 0x41)
0    -O                                                                        (1 = 50.0%)
10   ... 
990  -O                                                                        (1 = 50.0%) {50.0%}
1108 ... 

Histogram: PaintHolding.CommitTrigger2 recorded 2 samples, mean = 3.0 (flags = 0x41)
0  ... 
3  --O                                                                       (2 = 100.0%) {0.0%}
4  ... 

Histogram: PasswordManager.AccountStore.InaccessiblePasswords3 recorded 1 samples, mean = 0.0 (flags = 0x41)
0  -O                                                                        (1 = 100.0%)
1  ... 

Histogram: PasswordManager.AccountStore.LoginDatabaseEncryptionStatus recorded 1 samples, mean = 0.0 (flags = 0x41)
0  -O                                                                        (1 = 100.0%)
1  ... 

Histogram: PasswordManager.AffiliationDatabase.DatabaseSize recorded 1 samples, mean = 52.0 (flags = 0x41)
0  -O                                                                        (1 = 100.0%)
1000... 

Histogram: PasswordManager.BubbleSuppression.AccountsInStatisticsTable2 recorded 1 samples, mean = 0.0 (flags = 0x41)
0  -O                                                                        (1 = 100.0%)
1  ... 

Histogram: PasswordManager.GetAllLogins.TimeSinceInit recorded 2 samples, mean = 29999.5 (flags = 0x41)
0      ... 
26495  --O                                                                       (2 = 100.0%) {0.0%}
33665  ... 

Histogram: PasswordManager.GetAutofillableLogins.TimeSinceInit recorded 2 samples, mean = 8221.0 (flags = 0x41)
0     ... 
8000  --O                                                                       (2 = 100.0%) {0.0%}
10165 ... 

Histogram: PasswordManager.LoginDatabaseInit2 recorded 2 samples, mean = 0.0 (flags = 0x41)
0  --O                                                                       (2 = 100.0%)
1  ... 

Histogram: PasswordManager.OnEncryptorReceived.Success recorded 2 samples, mean = 1.0 (flags = 0x41)
0  O                                                                         (0 = 0.0%)
1  --O                                                                       (2 = 100.0%) {0.0%}
2  O                                                                         (0 = 0.0%) {100.0%}

Histogram: PasswordManager.PasswordStore.InitTime recorded 2 samples, mean = 3968.0 (flags = 0x41)
0     ... 
3553  --O                                                                       (2 = 100.0%) {0.0%}
4222  ... 

Histogram: PasswordManager.PasswordStoreBackend.GetAllLoginsAsync recorded 4 samples, mean = 1.0 (flags = 0x41)
0  --O                                                                       (2 = 50.0%)
1  O                                                                         (0 = 0.0%) {50.0%}
2  --O                                                                       (2 = 50.0%) {50.0%}
3  ... 

Histogram: PasswordManager.PasswordStoreBackend.GetAllLoginsAsync.Latency recorded 2 samples, mean = 0.0 (flags = 0x41)
0  --O                                                                       (2 = 100.0%)
1  ... 

Histogram: PasswordManager.PasswordStoreBackend.GetAllLoginsAsync.Success recorded 2 samples, mean = 1.0 (flags = 0x41)
0  O                                                                         (0 = 0.0%)
1  --O                                                                       (2 = 100.0%) {0.0%}
2  O                                                                         (0 = 0.0%) {100.0%}

Histogram: PasswordManager.PasswordStoreBackend.GetAutofillableLoginsAsync recorded 4 samples, mean = 1.0 (flags = 0x41)
0  --O                                                                       (2 = 50.0%)
1  O                                                                         (0 = 0.0%) {50.0%}
2  --O                                                                       (2 = 50.0%) {50.0%}
3  ... 

Histogram: PasswordManager.PasswordStoreBackend.GetAutofillableLoginsAsync.Latency recorded 2 samples, mean = 17.0 (flags = 0x41)
0   ... 
16  --O                                                                       (2 = 100.0%) {0.0%}
20  ... 

Histogram: PasswordManager.PasswordStoreBackend.GetAutofillableLoginsAsync.Success recorded 2 samples, mean = 1.0 (flags = 0x41)
0  O                                                                         (0 = 0.0%)
1  --O                                                                       (2 = 100.0%) {0.0%}
2  O                                                                         (0 = 0.0%) {100.0%}

Histogram: PasswordManager.PasswordStoreBuiltInBackend.GetAllLoginsAsync recorded 4 samples, mean = 1.0 (flags = 0x41)
0  --O                                                                       (2 = 50.0%)
1  O                                                                         (0 = 0.0%) {50.0%}
2  --O                                                                       (2 = 50.0%) {50.0%}
3  ... 

Histogram: PasswordManager.PasswordStoreBuiltInBackend.GetAllLoginsAsync.Latency recorded 2 samples, mean = 0.0 (flags = 0x41)
0  --O                                                                       (2 = 100.0%)
1  ... 

Histogram: PasswordManager.PasswordStoreBuiltInBackend.GetAllLoginsAsync.Success recorded 2 samples, mean = 1.0 (flags = 0x41)
0  O                                                                         (0 = 0.0%)
1  --O                                                                       (2 = 100.0%) {0.0%}
2  O                                                                         (0 = 0.0%) {100.0%}

Histogram: PasswordManager.PasswordStoreBuiltInBackend.GetAutofillableLoginsAsync recorded 4 samples, mean = 1.0 (flags = 0x41)
0  --O                                                                       (2 = 50.0%)
1  O                                                                         (0 = 0.0%) {50.0%}
2  --O                                                                       (2 = 50.0%) {50.0%}
3  ... 

Histogram: PasswordManager.PasswordStoreBuiltInBackend.GetAutofillableLoginsAsync.Latency recorded 2 samples, mean = 17.0 (flags = 0x41)
0   ... 
16  --O                                                                       (2 = 100.0%) {0.0%}
20  ... 

Histogram: PasswordManager.PasswordStoreBuiltInBackend.GetAutofillableLoginsAsync.Success recorded 2 samples, mean = 1.0 (flags = 0x41)
0  O                                                                         (0 = 0.0%)
1  --O                                                                       (2 = 100.0%) {0.0%}
2  O                                                                         (0 = 0.0%) {100.0%}

Histogram: PasswordManager.ProfileStore.InaccessiblePasswords3 recorded 1 samples, mean = 0.0 (flags = 0x41)
0  -O                                                                        (1 = 100.0%)
1  ... 

Histogram: PasswordManager.ProfileStore.LoginDatabaseEncryptionStatus recorded 1 samples, mean = 0.0 (flags = 0x41)
0  -O                                                                        (1 = 100.0%)
1  ... 

Histogram: PasswordManager.SavedGaiaPasswordHashCount2 recorded 1 samples, mean = 0.0 (flags = 0x41)
0  -O                                                                        (1 = 100.0%)
1  ... 

Histogram: PasswordManager.SyncMetadataReadError2 recorded 2 samples, mean = 0.0 (flags = 0x41)
0  --O                                                                       (2 = 100.0%)
1  ... 

Histogram: PaymentRequest.IsCanMakePaymentAllowedByPref.Startup recorded 1 samples, mean = 1.0 (flags = 0x41)
0  O                                                                         (0 = 0.0%)
1  -O                                                                        (1 = 100.0%) {0.0%}
2  O                                                                         (0 = 0.0%) {100.0%}

Histogram: PerformanceManager.LoadingNotQuiescentPageCount.All recorded 84 samples, mean = 0.0 (flags = 0x41)
0  ------------------------------------------------------------------------O (84 = 100.0%)
1  ... 

Histogram: PerformanceManager.LoadingNotQuiescentPageCount.Hidden recorded 84 samples, mean = 0.0 (flags = 0x41)
0  ------------------------------------------------------------------------O (84 = 100.0%)
1  ... 

Histogram: PerformanceManager.LoadingNotQuiescentPageCount.MixedVisibility recorded 84 samples, mean = 0.0 (flags = 0x41)
0  ------------------------------------------------------------------------O (84 = 100.0%)
1  ... 

Histogram: PerformanceManager.LoadingNotQuiescentPageCount.Visible recorded 84 samples, mean = 0.0 (flags = 0x41)
0  ------------------------------------------------------------------------O (84 = 100.0%)
1  ... 

Histogram: PerformanceManager.QuiescentPageCount recorded 84 samples, mean = 1.0 (flags = 0x41)
0  O                                                                         (0 = 0.0%)
1  ------------------------------------------------------------------------O (84 = 100.0%) {0.0%}
2  ... 

Histogram: PerformanceManager.SiteDB.DatabaseInit recorded 1 samples, mean = 0.0 (flags = 0x41)
0  -O                                                                        (1 = 100.0%)
1  ... 

Histogram: PerformanceManager.SiteDB.OnDiskSize recorded 1 samples, mean = 0.0 (flags = 0x41)
0  -O                                                                        (1 = 100.0%)
1000... 

Histogram: PerformanceManager.SiteDB.WriteCompleted.WriteSiteDataIntoStore recorded 1 samples, mean = 1.0 (flags = 0x41)
0  O                                                                         (0 = 0.0%)
1  -O                                                                        (1 = 100.0%) {0.0%}
2  O                                                                         (0 = 0.0%) {100.0%}

Histogram: PerformanceManager.SiteDB.WriteScheduled.WriteSiteDataIntoStore recorded 1 samples, mean = 1.0 (flags = 0x41)
0  O                                                                         (0 = 0.0%)
1  -O                                                                        (1 = 100.0%) {0.0%}
2  O                                                                         (0 = 0.0%) {100.0%}

Histogram: PerformanceManager.TabRevisitTracker.TimeToClose2 recorded 1 samples, mean = 2548.0 (flags = 0x41)
0     ... 
2521  -O                                                                        (1 = 100.0%) {0.0%}
2653  ... 

Histogram: PerformanceManager.UserTuning.BatterySaverModeEnabledPercent recorded 1 samples, mean = 0.0 (flags = 0x41)
0  -O                                                                        (1 = 100.0%)
1  ... 

Histogram: PerformanceManager.UserTuning.MemorySaverModeEnabledPercent recorded 1 samples, mean = 0.0 (flags = 0x41)
0  -O                                                                        (1 = 100.0%)
1  ... 

Histogram: PerformanceMonitor.AverageCPU8.BrowserProcess recorded 21 samples, mean = 10716.8 (flags = 0x41)
0      ... 
1187   -O                                                                        (1 = 4.8%) {0.0%}
1433   O                                                                         (0 = 0.0%) {4.8%}
1730   -O                                                                        (1 = 4.8%) {4.8%}
2088   ... 
3043   -O                                                                        (1 = 4.8%) {9.5%}
3673   -O                                                                        (1 = 4.8%) {14.3%}
4434   -O                                                                        (1 = 4.8%) {19.0%}
5353   ---O                                                                      (3 = 14.3%) {23.8%}
6462   -O                                                                        (1 = 4.8%) {38.1%}
7801   O                                                                         (0 = 0.0%) {42.9%}
9417   --O                                                                       (2 = 9.5%) {42.9%}
11368  ----O                                                                     (4 = 19.0%) {52.4%}
13724  --O                                                                       (2 = 9.5%) {71.4%}
16567  ---O                                                                      (3 = 14.3%) {81.0%}
20000  -O                                                                        (1 = 4.8%) {95.2%}

Histogram: PerformanceMonitor.AverageCPU8.GPUProcess recorded 21 samples, mean = 68.6 (flags = 0x41)
0    ... 
33   ----O                                                                     (4 = 19.0%) {0.0%}
40   ----O                                                                     (4 = 19.0%) {19.0%}
48   ---O                                                                      (3 = 14.3%) {38.1%}
58   --------O                                                                 (8 = 38.1%) {52.4%}
70   -O                                                                        (1 = 4.8%) {90.5%}
85   ... 
383  -O                                                                        (1 = 4.8%) {95.2%}
462  ... 

Histogram: PerformanceMonitor.AverageCPU8.NetworkProcess recorded 21 samples, mean = 5.4 (flags = 0x41)
0   ... 
2   ----O                                                                     (4 = 19.0%) {0.0%}
3   -----------O                                                              (11 = 52.4%) {19.0%}
4   --O                                                                       (2 = 9.5%) {71.4%}
5   -O                                                                        (1 = 4.8%) {81.0%}
6   ... 
8   --O                                                                       (2 = 9.5%) {85.7%}
10  ... 
40  -O                                                                        (1 = 4.8%) {95.2%}
48  ... 

Histogram: PerformanceMonitor.AverageCPU8.OtherProcess recorded 21 samples, mean = 0.0 (flags = 0x41)
0  ---------------------O                                                    (21 = 100.0%)
1  ... 

Histogram: PerformanceMonitor.AverageCPU8.RendererExtensionEventProcess recorded 21 samples, mean = 0.0 (flags = 0x41)
0  ---------------------O                                                    (21 = 100.0%)
1  ... 

Histogram: PerformanceMonitor.AverageCPU8.RendererExtensionPersistentProcess recorded 21 samples, mean = 0.0 (flags = 0x41)
0  ---------------------O                                                    (21 = 100.0%)
1  ... 

Histogram: PerformanceMonitor.AverageCPU8.RendererProcess recorded 21 samples, mean = 13.1 (flags = 0x41)
0    ----------------O                                                         (16 = 76.2%)
1    ----O                                                                     (4 = 19.0%) {76.2%}
2    ... 
263  -O                                                                        (1 = 4.8%) {95.2%}
317  ... 

Histogram: PerformanceMonitor.AverageCPU8.Total recorded 21 samples, mean = 10785.4 (flags = 0x41)
0      ... 
1433   -O                                                                        (1 = 4.8%) {0.0%}
1730   -O                                                                        (1 = 4.8%) {4.8%}
2088   ... 
3043   -O                                                                        (1 = 4.8%) {9.5%}
3673   -O                                                                        (1 = 4.8%) {14.3%}
4434   -O                                                                        (1 = 4.8%) {19.0%}
5353   ---O                                                                      (3 = 14.3%) {23.8%}
6462   -O                                                                        (1 = 4.8%) {38.1%}
7801   O                                                                         (0 = 0.0%) {42.9%}
9417   --O                                                                       (2 = 9.5%) {42.9%}
11368  ----O                                                                     (4 = 19.0%) {52.4%}
13724  --O                                                                       (2 = 9.5%) {71.4%}
16567  --O                                                                       (2 = 9.5%) {81.0%}
20000  --O                                                                       (2 = 9.5%) {90.5%}

Histogram: PerformanceMonitor.AverageCPU8.Total.ZeroWindow recorded 21 samples, mean = 10785.4 (flags = 0x41)
0      ... 
1433   -O                                                                        (1 = 4.8%) {0.0%}
1730   -O                                                                        (1 = 4.8%) {4.8%}
2088   ... 
3043   -O                                                                        (1 = 4.8%) {9.5%}
3673   -O                                                                        (1 = 4.8%) {14.3%}
4434   -O                                                                        (1 = 4.8%) {19.0%}
5353   ---O                                                                      (3 = 14.3%) {23.8%}
6462   -O                                                                        (1 = 4.8%) {38.1%}
7801   O                                                                         (0 = 0.0%) {42.9%}
9417   --O                                                                       (2 = 9.5%) {42.9%}
11368  ----O                                                                     (4 = 19.0%) {52.4%}
13724  --O                                                                       (2 = 9.5%) {71.4%}
16567  --O                                                                       (2 = 9.5%) {81.0%}
20000  --O                                                                       (2 = 9.5%) {90.5%}

Histogram: PerformanceMonitor.AverageCPU8.UtilityProcess recorded 21 samples, mean = 426.0 (flags = 0x41)
0     ----------O                                                               (10 = 47.6%)
1     ----------O                                                               (10 = 47.6%) {47.6%}
2     ... 
7801  -O                                                                        (1 = 4.8%) {95.2%}
9417  ... 

Histogram: PerformanceMonitor.HasPreciseCPUUsage recorded 11 samples, mean = 1.0 (flags = 0x41)
0  O                                                                         (0 = 0.0%)
1  -----------O                                                              (11 = 100.0%) {0.0%}
2  O                                                                         (0 = 0.0%) {100.0%}

Histogram: PerformanceMonitor.UsageScenario.LongInterval recorded 21 samples, mean = 13.0 (flags = 0x41)
0   ... 
13  ---------------------O                                                    (21 = 100.0%) {0.0%}
14  ... 

Histogram: Permissions.API.CreatedPermissionStatusObjects recorded 1 samples, mean = 0.0 (flags = 0x41)
0  -O                                                                        (1 = 100.0%)
1  ... 

Histogram: Permissions.Experimental.PrimaryMainNavigationFinished.AudioCapture.TopLevelHeaderPolicy recorded 2 samples, mean = 0.0 (flags = 0x41)
0  --O                                                                       (2 = 100.0%)
1  ... 

Histogram: Permissions.Experimental.PrimaryMainNavigationFinished.Geolocation.TopLevelHeaderPolicy recorded 2 samples, mean = 0.0 (flags = 0x41)
0  --O                                                                       (2 = 100.0%)
1  ... 

Histogram: Permissions.Experimental.PrimaryMainNavigationFinished.VideoCapture.TopLevelHeaderPolicy recorded 2 samples, mean = 0.0 (flags = 0x41)
0  --O                                                                       (2 = 100.0%)
1  ... 

Histogram: Permissions.QuietNotificationPrompts.RegularProfile.IsEnabledInPrefs recorded 1 samples, mean = 0.0 (flags = 0x41)
0  -O                                                                        (1 = 100.0%)
1  ... 

Histogram: Platform.IntelMaxMicroArchitecture recorded 1 samples, mean = 13.0 (flags = 0x41)
0   ... 
13  -O                                                                        (1 = 100.0%) {0.0%}
14  O                                                                         (0 = 0.0%) {100.0%}

Histogram: Power.BatteryDischargeGranularityIsOrdered recorded 65 samples, mean = 1.0 (flags = 0x41)
0  O                                                                         (0 = 0.0%)
1  -----------------------------------------------------------------O        (65 = 100.0%) {0.0%}
2  O                                                                         (0 = 0.0%) {100.0%}

Histogram: Power.BatteryDischargeMode5 recorded 42 samples, mean = 1.0 (flags = 0x41)
0  O                                                                         (0 = 0.0%)
1  ------------------------------------------O                               (42 = 100.0%) {0.0%}
2  ... 

Histogram: Power.BatteryDischargeMode5.Initial recorded 1 samples, mean = 1.0 (flags = 0x41)
0  O                                                                         (0 = 0.0%)
1  -O                                                                        (1 = 100.0%) {0.0%}
2  ... 

Histogram: Power.BatteryDischargeMode5.Periodic recorded 41 samples, mean = 1.0 (flags = 0x41)
0  O                                                                         (0 = 0.0%)
1  -----------------------------------------O                                (41 = 100.0%) {0.0%}
2  ... 

Histogram: Power.BatteryDischargeMode5.TenMinutes recorded 4 samples, mean = 1.0 (flags = 0x41)
0  O                                                                         (0 = 0.0%)
1  ----O                                                                     (4 = 100.0%) {0.0%}
2  ... 

Histogram: Power.BatteryDischargeMode5.ZeroWindow recorded 42 samples, mean = 1.0 (flags = 0x41)
0  O                                                                         (0 = 0.0%)
1  ------------------------------------------O                               (42 = 100.0%) {0.0%}
2  ... 

Histogram: Power.BatteryDischargeMode5.ZeroWindow.Initial recorded 1 samples, mean = 1.0 (flags = 0x41)
0  O                                                                         (0 = 0.0%)
1  -O                                                                        (1 = 100.0%) {0.0%}
2  ... 

Histogram: Power.BatteryDischargeMode5.ZeroWindow.Periodic recorded 41 samples, mean = 1.0 (flags = 0x41)
0  O                                                                         (0 = 0.0%)
1  -----------------------------------------O                                (41 = 100.0%) {0.0%}
2  ... 

Histogram: Power.HasPreciseBatteryDischargeGranularity recorded 42 samples, mean = 0.0 (flags = 0x41)
0  ------------------------------------------O                               (42 = 100.0%)
1  ... 

Histogram: Prefs.JSonStore.SetValueKey recorded 50 samples (flags = 0x41)
174384190   --O                                                                       (2 = 4.0%)
372024557   -O                                                                        (1 = 2.0%)
372921139   -----------------O                                                        (17 = 34.0%)
852125461   --O                                                                       (2 = 4.0%)
1697794008  -O                                                                        (1 = 2.0%)
1764633608  -O                                                                        (1 = 2.0%)
1923415074  ----O                                                                     (4 = 8.0%)
1927273959  -O                                                                        (1 = 2.0%)
1936820420  --O                                                                       (2 = 4.0%)
1956100443  --O                                                                       (2 = 4.0%)
2056672062  ----------------O                                                         (16 = 32.0%)
2082524502  -O                                                                        (1 = 2.0%)

Histogram: Privacy.CookieControlsSetting.RegularProfile recorded 1 samples, mean = 2.0 (flags = 0x41)
0  ... 
2  -O                                                                        (1 = 100.0%) {0.0%}
3  O                                                                         (0 = 0.0%) {100.0%}

Histogram: Privacy.DIPS.BounceCategoryServer.Block3PC recorded 1 samples, mean = 0.0 (flags = 0x41)
0  -O                                                                        (1 = 100.0%)
1  ... 

Histogram: Privacy.DIPS.DIPSErrorCodes recorded 4 samples, mean = 3.0 (flags = 0x41)
0  --O                                                                       (2 = 50.0%)
1  ... 
6  --O                                                                       (2 = 50.0%) {50.0%}
7  ... 

Histogram: Privacy.DIPS.Database.Operation.FilterSitesWithProtectiveEventTime recorded 1 samples, mean = 0.0 (flags = 0x41)
0  -O                                                                        (1 = 100.0%)
1  ... 

Histogram: Privacy.DIPS.Database.Operation.InitTime recorded 1 samples, mean = 2.0 (flags = 0x41)
0  ... 
2  -O                                                                        (1 = 100.0%) {0.0%}
3  ... 

Histogram: Privacy.DIPS.Database.Operation.ReadPopupTime recorded 1 samples, mean = 0.0 (flags = 0x41)
0  -O                                                                        (1 = 100.0%)
1  ... 

Histogram: Privacy.DIPS.Database.Operation.ReadTime recorded 3 samples, mean = 0.0 (flags = 0x41)
0  ---O                                                                      (3 = 100.0%)
1  ... 

Histogram: Privacy.DIPS.Database.Operation.RemoveRowsTime recorded 1 samples, mean = 7.0 (flags = 0x41)
0  ... 
7  -O                                                                        (1 = 100.0%) {0.0%}
8  ... 

Histogram: Privacy.DIPS.Database.Operation.WriteTime recorded 2 samples, mean = 6.5 (flags = 0x41)
0  ... 
6  -O                                                                        (1 = 50.0%) {0.0%}
7  -O                                                                        (1 = 50.0%) {50.0%}
8  ... 

Histogram: Privacy.DIPS.DatabaseEntryCount recorded 1 samples, mean = 1.0 (flags = 0x41)
0  O                                                                         (0 = 0.0%)
1  -O                                                                        (1 = 100.0%) {0.0%}
2  ... 

Histogram: Privacy.DIPS.DatabaseHealthMetricsTime recorded 1 samples, mean = 0.0 (flags = 0x41)
0  -O                                                                        (1 = 100.0%)
1  ... 

Histogram: Privacy.DIPS.DatabaseInit recorded 1 samples, mean = 1.0 (flags = 0x41)
0  O                                                                         (0 = 0.0%)
1  -O                                                                        (1 = 100.0%) {0.0%}
2  ... 

Histogram: Privacy.DIPS.DatabaseSize recorded 1 samples, mean = 36.0 (flags = 0x41)
0  -O                                                                        (1 = 100.0%)
1000... 

Histogram: Privacy.DoNotTrackSetting2 recorded 1 samples, mean = 0.0 (flags = 0x41)
0  -O                                                                        (1 = 100.0%)
1  ... 

Histogram: Privacy.ThirdPartyCookieBlockingSetting.RegularProfile recorded 1 samples, mean = 0.0 (flags = 0x41)
0  -O                                                                        (1 = 100.0%)
1  ... 

Histogram: PrivacyBudget.Identifiability.FinchConfigValidationResult recorded 1 samples, mean = 1.0 (flags = 0x41)
0  O                                                                         (0 = 0.0%)
1  -O                                                                        (1 = 100.0%) {0.0%}
2  O                                                                         (0 = 0.0%) {100.0%}

Histogram: PrivacySandbox.Attestations.EstimateMemoryUsage.AttestationsMap recorded 1 samples, mean = 24.0 (flags = 0x41)
0   ... 
24  -O                                                                        (1 = 100.0%) {0.0%}
29  ... 

Histogram: PrivacySandbox.Attestations.InitializationDuration.ComponentReadyFromApplicationStart recorded 1 samples, mean = 4071.0 (flags = 0x41)
0     ... 
3681  -O                                                                        (1 = 100.0%) {0.0%}
4249  ... 

Histogram: PrivacySandbox.Attestations.InitializationDuration.Parsing recorded 1 samples, mean = 0.0 (flags = 0x41)
0  -O                                                                        (1 = 100.0%)
1  ... 

Histogram: PrivacySandbox.Attestations.Parsing.Status recorded 1 samples, mean = 0.0 (flags = 0x41)
0  -O                                                                        (1 = 100.0%)
1  ... 

Histogram: PrivacySandbox.NoticeRequirement.IsVariationCountryEmpty recorded 3 samples, mean = 1.0 (flags = 0x41)
0  O                                                                         (0 = 0.0%)
1  ---O                                                                      (3 = 100.0%) {0.0%}
2  O                                                                         (0 = 0.0%) {100.0%}

Histogram: PrivacySandbox.NoticeRequirement.IsVariationServiceReady recorded 3 samples, mean = 1.0 (flags = 0x41)
0  O                                                                         (0 = 0.0%)
1  ---O                                                                      (3 = 100.0%) {0.0%}
2  O                                                                         (0 = 0.0%) {100.0%}

Histogram: PrivacySandbox.TrackingProtection.OnboardingStartup.State recorded 1 samples, mean = 0.0 (flags = 0x41)
0  -O                                                                        (1 = 100.0%)
1  ... 

Histogram: PrivacySandbox.TrackingProtection.SilentOnboardingStartup.State recorded 1 samples, mean = 0.0 (flags = 0x41)
0  -O                                                                        (1 = 100.0%)
1  ... 

Histogram: Profile.AppCount recorded 1 samples, mean = 0.0 (flags = 0x41)
0  -O                                                                        (1 = 100.0%)
1  ... 

Histogram: Profile.BookmarksSize recorded 1 samples, mean = 0.0 (flags = 0x41)
0  -O                                                                        (1 = 100.0%)
1  ... 

Histogram: Profile.CookiesSize recorded 1 samples, mean = 0.0 (flags = 0x41)
0  -O                                                                        (1 = 100.0%)
1  ... 

Histogram: Profile.Destroyer.OffTheRecord recorded 1 samples, mean = 1.0 (flags = 0x41)
0  O                                                                         (0 = 0.0%)
1  -O                                                                        (1 = 100.0%) {0.0%}
2  ... 

Histogram: Profile.DidDestroyProfileBeforeShutdown recorded 1 samples, mean = 0.0 (flags = 0x41)
0  -O                                                                        (1 = 100.0%)
1  ... 

Histogram: Profile.ExtensionSize recorded 1 samples, mean = 0.0 (flags = 0x41)
0  -O                                                                        (1 = 100.0%)
1  ... 

Histogram: Profile.FaviconsSize recorded 1 samples, mean = 0.0 (flags = 0x41)
0  -O                                                                        (1 = 100.0%)
1  ... 

Histogram: Profile.HistorySize recorded 1 samples, mean = 0.0 (flags = 0x41)
0  -O                                                                        (1 = 100.0%)
1  ... 

Histogram: Profile.KeepAliveLeakAtShutdown recorded 2 samples, mean = 3.5 (flags = 0x41)
0  -O                                                                        (1 = 50.0%)
1  ... 
7  -O                                                                        (1 = 50.0%) {50.0%}
8  ... 

Histogram: Profile.LiveProfileCount recorded 1 samples, mean = 1.0 (flags = 0x41)
0  O                                                                         (0 = 0.0%)
1  -O                                                                        (1 = 100.0%) {0.0%}
2  ... 

Histogram: Profile.TopSitesSize recorded 1 samples, mean = 0.0 (flags = 0x41)
0  -O                                                                        (1 = 100.0%)
1  ... 

Histogram: Profile.TotalHistorySize recorded 1 samples, mean = 0.0 (flags = 0x41)
0  -O                                                                        (1 = 100.0%)
1  ... 

Histogram: Profile.TotalSize recorded 1 samples, mean = 0.0 (flags = 0x41)
0  -O                                                                        (1 = 100.0%)
1  ... 

Histogram: Profile.TotalSizeRecursive recorded 1 samples, mean = 9.0 (flags = 0x41)
0  ... 
8  -O                                                                        (1 = 100.0%) {0.0%}
10 ... 

Histogram: Profile.TriggeredReset recorded 1 samples, mean = 0.0 (flags = 0x41)
0  -O                                                                        (1 = 100.0%)
1  ... 

Histogram: Profile.VisitedLinksSize recorded 1 samples, mean = 0.0 (flags = 0x41)
0  -O                                                                        (1 = 100.0%)
1  ... 

Histogram: Profile.WebDataSize recorded 1 samples, mean = 0.0 (flags = 0x41)
0  -O                                                                        (1 = 100.0%)
1  ... 

Histogram: Profile.ZombieProfileCount recorded 1 samples, mean = 0.0 (flags = 0x41)
0  -O                                                                        (1 = 100.0%)
1  ... 

Histogram: ProfilePicker.StartupMode.CreateInitialProfile recorded 1 samples, mean = 0.0 (flags = 0x41)
0  -O                                                                        (1 = 100.0%)
1  ... 

Histogram: ProfilePicker.StartupMode.GetStartupProfile recorded 1 samples, mean = 0.0 (flags = 0x41)
0  -O                                                                        (1 = 100.0%)
1  ... 

Histogram: ProfilePicker.StartupReason.GetStartupProfile recorded 1 samples, mean = 27.0 (flags = 0x41)
0   ... 
27  -O                                                                        (1 = 100.0%) {0.0%}
28  ... 

Histogram: ProtoDB.GetErrorStatus.Metadata recorded 0 samples (flags = 0x41)
0 ... 

Histogram: ProtoDB.GetFound.Metadata recorded 18 samples, mean = 1.0 (flags = 0x41)
0  O                                                                         (0 = 0.0%)
1  ------------------O                                                       (18 = 100.0%) {0.0%}
2  O                                                                         (0 = 0.0%) {100.0%}

Histogram: ProtoDB.GetSuccess.Metadata recorded 18 samples, mean = 1.0 (flags = 0x41)
0  O                                                                         (0 = 0.0%)
1  ------------------O                                                       (18 = 100.0%) {0.0%}
2  O                                                                         (0 = 0.0%) {100.0%}

Histogram: ProtoDB.InitStatus.BudgetManager recorded 1 samples, mean = 4.0 (flags = 0x41)
0  ... 
4  -O                                                                        (1 = 100.0%) {0.0%}
5  ... 

Histogram: ProtoDB.InitStatus.CartDatabase recorded 1 samples, mean = 4.0 (flags = 0x41)
0  ... 
4  -O                                                                        (1 = 100.0%) {0.0%}
5  ... 

Histogram: ProtoDB.InitStatus.ClientCertificatesDatabase recorded 1 samples, mean = 4.0 (flags = 0x41)
0  ... 
4  -O                                                                        (1 = 100.0%) {0.0%}
5  ... 

Histogram: ProtoDB.InitStatus.CommerceParcelTrackingDatabase recorded 1 samples, mean = 4.0 (flags = 0x41)
0  ... 
4  -O                                                                        (1 = 100.0%) {0.0%}
5  ... 

Histogram: ProtoDB.InitStatus.CommerceSubscriptionDatabase recorded 1 samples, mean = 4.0 (flags = 0x41)
0  ... 
4  -O                                                                        (1 = 100.0%) {0.0%}
5  ... 

Histogram: ProtoDB.InitStatus.CouponDatabase recorded 1 samples, mean = 4.0 (flags = 0x41)
0  ... 
4  -O                                                                        (1 = 100.0%) {0.0%}
5  ... 

Histogram: ProtoDB.InitStatus.DiscountsDatabase recorded 1 samples, mean = 4.0 (flags = 0x41)
0  ... 
4  -O                                                                        (1 = 100.0%) {0.0%}
5  ... 

Histogram: ProtoDB.InitStatus.DownloadDB recorded 1 samples, mean = 4.0 (flags = 0x41)
0  ... 
4  -O                                                                        (1 = 100.0%) {0.0%}
5  ... 

Histogram: ProtoDB.InitStatus.DownloadService recorded 1 samples, mean = 4.0 (flags = 0x41)
0  ... 
4  -O                                                                        (1 = 100.0%) {0.0%}
5  ... 

Histogram: ProtoDB.InitStatus.FeatureEngagementTrackerAvailabilityStore recorded 1 samples, mean = 4.0 (flags = 0x41)
0  ... 
4  -O                                                                        (1 = 100.0%) {0.0%}
5  ... 

Histogram: ProtoDB.InitStatus.FeatureEngagementTrackerEventStore recorded 1 samples, mean = 4.0 (flags = 0x41)
0  ... 
4  -O                                                                        (1 = 100.0%) {0.0%}
5  ... 

Histogram: ProtoDB.InitStatus.GCMKeyStore recorded 1 samples, mean = 0.0 (flags = 0x41)
0  -O                                                                        (1 = 100.0%)
1  ... 

Histogram: ProtoDB.InitStatus.Metadata recorded 1 samples, mean = 0.0 (flags = 0x41)
0  -O                                                                        (1 = 100.0%)
1  ... 

Histogram: ProtoDB.InitStatus.PersistentOriginTrials recorded 1 samples, mean = 4.0 (flags = 0x41)
0  ... 
4  -O                                                                        (1 = 100.0%) {0.0%}
5  ... 

Histogram: ProtoDB.InitStatus.PreviewsHintCacheStore recorded 1 samples, mean = 4.0 (flags = 0x41)
0  ... 
4  -O                                                                        (1 = 100.0%) {0.0%}
5  ... 

Histogram: ProtoDB.InitStatus.SegmentInfoDatabase recorded 1 samples, mean = 4.0 (flags = 0x41)
0  ... 
4  -O                                                                        (1 = 100.0%) {0.0%}
5  ... 

Histogram: ProtoDB.InitStatus.SharedDb recorded 1 samples, mean = 0.0 (flags = 0x41)
0  -O                                                                        (1 = 100.0%)
1  ... 

Histogram: ProtoDB.InitStatus.SignalDatabase recorded 1 samples, mean = 4.0 (flags = 0x41)
0  ... 
4  -O                                                                        (1 = 100.0%) {0.0%}
5  ... 

Histogram: ProtoDB.InitStatus.SignalStorageConfigDatabase recorded 1 samples, mean = 4.0 (flags = 0x41)
0  ... 
4  -O                                                                        (1 = 100.0%) {0.0%}
5  ... 

Histogram: ProtoDB.InitStatus.StrikeService recorded 1 samples, mean = 4.0 (flags = 0x41)
0  ... 
4  -O                                                                        (1 = 100.0%) {0.0%}
5  ... 

Histogram: ProtoDB.LoadEntriesSuccess.CartDatabase recorded 1 samples, mean = 1.0 (flags = 0x41)
0  O                                                                         (0 = 0.0%)
1  -O                                                                        (1 = 100.0%) {0.0%}
2  O                                                                         (0 = 0.0%) {100.0%}

Histogram: ProtoDB.LoadEntriesSuccess.CouponDatabase recorded 1 samples, mean = 1.0 (flags = 0x41)
0  O                                                                         (0 = 0.0%)
1  -O                                                                        (1 = 100.0%) {0.0%}
2  O                                                                         (0 = 0.0%) {100.0%}

Histogram: ProtoDB.LoadEntriesSuccess.DownloadDB recorded 1 samples, mean = 1.0 (flags = 0x41)
0  O                                                                         (0 = 0.0%)
1  -O                                                                        (1 = 100.0%) {0.0%}
2  O                                                                         (0 = 0.0%) {100.0%}

Histogram: ProtoDB.LoadEntriesSuccess.DownloadService recorded 1 samples, mean = 1.0 (flags = 0x41)
0  O                                                                         (0 = 0.0%)
1  -O                                                                        (1 = 100.0%) {0.0%}
2  O                                                                         (0 = 0.0%) {100.0%}

Histogram: ProtoDB.LoadEntriesSuccess.FeatureEngagementTrackerAvailabilityStore recorded 1 samples, mean = 1.0 (flags = 0x41)
0  O                                                                         (0 = 0.0%)
1  -O                                                                        (1 = 100.0%) {0.0%}
2  O                                                                         (0 = 0.0%) {100.0%}

Histogram: ProtoDB.LoadEntriesSuccess.FeatureEngagementTrackerEventStore recorded 1 samples, mean = 1.0 (flags = 0x41)
0  O                                                                         (0 = 0.0%)
1  -O                                                                        (1 = 100.0%) {0.0%}
2  O                                                                         (0 = 0.0%) {100.0%}

Histogram: ProtoDB.LoadEntriesSuccess.GCMKeyStore recorded 1 samples, mean = 1.0 (flags = 0x41)
0  O                                                                         (0 = 0.0%)
1  -O                                                                        (1 = 100.0%) {0.0%}
2  O                                                                         (0 = 0.0%) {100.0%}

Histogram: ProtoDB.LoadEntriesSuccess.PersistentOriginTrials recorded 1 samples, mean = 1.0 (flags = 0x41)
0  O                                                                         (0 = 0.0%)
1  -O                                                                        (1 = 100.0%) {0.0%}
2  O                                                                         (0 = 0.0%) {100.0%}

Histogram: ProtoDB.LoadEntriesSuccess.SegmentInfoDatabase recorded 1 samples, mean = 1.0 (flags = 0x41)
0  O                                                                         (0 = 0.0%)
1  -O                                                                        (1 = 100.0%) {0.0%}
2  O                                                                         (0 = 0.0%) {100.0%}

Histogram: ProtoDB.LoadEntriesSuccess.SignalStorageConfigDatabase recorded 1 samples, mean = 1.0 (flags = 0x41)
0  O                                                                         (0 = 0.0%)
1  -O                                                                        (1 = 100.0%) {0.0%}
2  O                                                                         (0 = 0.0%) {100.0%}

Histogram: ProtoDB.LoadKeysAndEntriesSuccess.PreviewsHintCacheStore recorded 2 samples, mean = 1.0 (flags = 0x41)
0  O                                                                         (0 = 0.0%)
1  --O                                                                       (2 = 100.0%) {0.0%}
2  O                                                                         (0 = 0.0%) {100.0%}

Histogram: ProtoDB.LoadKeysAndEntriesSuccess.StrikeService recorded 1 samples, mean = 1.0 (flags = 0x41)
0  O                                                                         (0 = 0.0%)
1  -O                                                                        (1 = 100.0%) {0.0%}
2  O                                                                         (0 = 0.0%) {100.0%}

Histogram: ProtoDB.SharedDbInitStatus recorded 55 samples, mean = 11.5 (flags = 0x41)
0   -------------------O                                                      (19 = 34.5%)
1   ... 
11  -----------------O                                                        (17 = 30.9%) {34.5%}
12  ... 
23  -----------------O                                                        (17 = 30.9%) {65.5%}
24  ... 
27  --O                                                                       (2 = 3.6%) {96.4%}
28  ... 

Histogram: ProtoDB.UpdateErrorStatus.CartDatabase recorded 0 samples (flags = 0x41)
0 ... 

Histogram: ProtoDB.UpdateErrorStatus.CouponDatabase recorded 0 samples (flags = 0x41)
0 ... 

Histogram: ProtoDB.UpdateErrorStatus.Default recorded 0 samples (flags = 0x41)
0 ... 

Histogram: ProtoDB.UpdateErrorStatus.FeatureEngagementTrackerAvailabilityStore recorded 0 samples (flags = 0x41)
0 ... 

Histogram: ProtoDB.UpdateErrorStatus.Metadata recorded 0 samples (flags = 0x41)
0 ... 

Histogram: ProtoDB.UpdateErrorStatus.SegmentInfoDatabase recorded 0 samples (flags = 0x41)
0 ... 

Histogram: ProtoDB.UpdateSuccess.CartDatabase recorded 1 samples, mean = 1.0 (flags = 0x41)
0  O                                                                         (0 = 0.0%)
1  -O                                                                        (1 = 100.0%) {0.0%}
2  O                                                                         (0 = 0.0%) {100.0%}

Histogram: ProtoDB.UpdateSuccess.CouponDatabase recorded 1 samples, mean = 1.0 (flags = 0x41)
0  O                                                                         (0 = 0.0%)
1  -O                                                                        (1 = 100.0%) {0.0%}
2  O                                                                         (0 = 0.0%) {100.0%}

Histogram: ProtoDB.UpdateSuccess.Default recorded 5 samples, mean = 1.0 (flags = 0x41)
0  O                                                                         (0 = 0.0%)
1  -----O                                                                    (5 = 100.0%) {0.0%}
2  O                                                                         (0 = 0.0%) {100.0%}

Histogram: ProtoDB.UpdateSuccess.FeatureEngagementTrackerAvailabilityStore recorded 1 samples, mean = 1.0 (flags = 0x41)
0  O                                                                         (0 = 0.0%)
1  -O                                                                        (1 = 100.0%) {0.0%}
2  O                                                                         (0 = 0.0%) {100.0%}

Histogram: ProtoDB.UpdateSuccess.Metadata recorded 1 samples, mean = 1.0 (flags = 0x41)
0  O                                                                         (0 = 0.0%)
1  -O                                                                        (1 = 100.0%) {0.0%}
2  O                                                                         (0 = 0.0%) {100.0%}

Histogram: ProtoDB.UpdateSuccess.SegmentInfoDatabase recorded 11 samples, mean = 1.0 (flags = 0x41)
0  O                                                                         (0 = 0.0%)
1  -----------O                                                              (11 = 100.0%) {0.0%}
2  O                                                                         (0 = 0.0%) {100.0%}

Histogram: Quota.AvailableDiskSpace recorded 2 samples, mean = 123905.5 (flags = 0x41)
0       ... 
120345  --O                                                                       (2 = 100.0%) {0.0%}
140388  ... 

Histogram: Quota.GlobalTemporaryPoolSize recorded 2 samples, mean = 763001.0 (flags = 0x41)
0       ... 
655169  --O                                                                       (2 = 100.0%) {0.0%}
764286  ... 

Histogram: Quota.PercentDiskAvailable recorded 2 samples, mean = 12.5 (flags = 0x41)
0   ... 
12  -O                                                                        (1 = 50.0%) {0.0%}
13  -O                                                                        (1 = 50.0%) {50.0%}
14  ... 

Histogram: Quota.TotalDiskSpace recorded 2 samples, mean = 953751.0 (flags = 0x41)
0       ... 
891576  --O                                                                       (2 = 100.0%) {0.0%}
1040066 ... 

Histogram: Quota.TotalDiskSpaceIsZero recorded 2 samples, mean = 0.0 (flags = 0x41)
0  --O                                                                       (2 = 100.0%)
1  ... 

Histogram: ReadingList.Read.Count.OnModelLoaded.AccountStorage recorded 1 samples, mean = 0.0 (flags = 0x41)
0  -O                                                                        (1 = 100.0%)
1  ... 

Histogram: ReadingList.Read.Count.OnModelLoaded.LocalStorage recorded 1 samples, mean = 0.0 (flags = 0x41)
0  -O                                                                        (1 = 100.0%)
1  ... 

Histogram: ReadingList.Unread.Count.OnModelLoaded.AccountStorage recorded 1 samples, mean = 0.0 (flags = 0x41)
0  -O                                                                        (1 = 100.0%)
1  ... 

Histogram: ReadingList.Unread.Count.OnModelLoaded.LocalStorage recorded 1 samples, mean = 0.0 (flags = 0x41)
0  -O                                                                        (1 = 100.0%)
1  ... 

Histogram: Renderer.BrowserLaunchToRunLoopStart recorded 1 samples, mean = 92.0 (flags = 0x41)
0   ... 
81  -O                                                                        (1 = 100.0%) {0.0%}
96  ... 

Histogram: Renderer.Core.Timing.Performance.SwapsPerPerformanceEntryInsertion recorded 107 samples, mean = 1.0 (flags = 0x41)
0   ------------------------------------------------------------------------O (88 = 82.2%)
1   ----O                                                                     (5 = 4.7%) {82.2%}
2   O                                                                         (0 = 0.0%) {86.9%}
3   -O                                                                        (1 = 0.9%) {86.9%}
4   ---O                                                                      (4 = 3.7%) {87.9%}
5   O                                                                         (0 = 0.0%) {91.6%}
6   -O                                                                        (1 = 0.9%) {91.6%}
7   --O                                                                       (2 = 1.9%) {92.5%}
8   -O                                                                        (1 = 0.9%) {94.4%}
9   -O                                                                        (1 = 0.9%) {95.3%}
10  --O                                                                       (2 = 1.9%) {96.3%}
11  O                                                                         (0 = 0.0%) {98.1%}
12  --O                                                                       (2 = 1.9%) {98.1%}
14  ... 

Histogram: Renderer.CriticalFonts.BlockingResourcesLoadTime recorded 2 samples, mean = 5787.5 (flags = 0x41)
0     ... 
2117  -O                                                                        (1 = 50.0%) {0.0%}
2516  ... 
8416  -O                                                                        (1 = 50.0%) {50.0%}
10000 O                                                                         (0 = 0.0%) {100.0%}

Histogram: Renderer.CriticalFonts.CriticalFontDelay recorded 2 samples, mean = 0.0 (flags = 0x41)
0  --O                                                                       (2 = 100.0%)
1  ... 

Histogram: Renderer.CriticalFonts.PreloadedFontsLoadTime recorded 2 samples, mean = 5242.0 (flags = 0x41)
0     ... 
2117  -O                                                                        (1 = 50.0%) {0.0%}
2516  ... 
7083  -O                                                                        (1 = 50.0%) {50.0%}
8416  ... 

Histogram: Renderer.Font.PrimaryFont.DomContentLoaded recorded 2 samples, mean = 9.5 (flags = 0x41)
0   -O                                                                        (1 = 50.0%)
1   ... 
17  -O                                                                        (1 = 50.0%) {50.0%}
20  ... 

Histogram: Renderer.Font.PrimaryFont.DomContentLoaded.Style recorded 2 samples, mean = 0.0 (flags = 0x41)
0  --O                                                                       (2 = 100.0%)
1  ... 

Histogram: Renderer.Font.SystemFallback.DomContentLoaded recorded 2 samples, mean = 0.0 (flags = 0x41)
0  --O                                                                       (2 = 100.0%)
1  ... 

Histogram: Renderer.Layout.TextWrapBalance recorded 9 samples, mean = 0.0 (flags = 0x41)
0  ---------O                                                                (9 = 100.0%)
1  ... 

Histogram: Renderer.ProcessLifetime3 recorded 3 samples, mean = 1696118.0 (flags = 0x41)
0        ... 
4023     -O                                                                        (1 = 33.3%) {0.0%}
4518     ... 
2371391  --O                                                                       (2 = 66.7%) {33.3%}
2663020  ... 

Histogram: Renderer.ProcessLifetime3.Empty recorded 1 samples, mean = 2539875.0 (flags = 0x41)
0        ... 
2371391  -O                                                                        (1 = 100.0%) {0.0%}
2663020  ... 

Histogram: Renderer.ProcessLifetime3.MainFrame recorded 1 samples, mean = 2544126.0 (flags = 0x41)
0        ... 
2371391  -O                                                                        (1 = 100.0%) {0.0%}
2663020  ... 

Histogram: Renderer.ProcessLifetime3.Speculative recorded 1 samples, mean = 4353.0 (flags = 0x41)
0     ... 
4023  -O                                                                        (1 = 100.0%) {0.0%}
4518  ... 

Histogram: Renderer.ReduceSubresourceResponseIPC.DidNotifyBrowser recorded 57 samples, mean = 1.0 (flags = 0x41)
0  O                                                                         (0 = 0.0%)
1  ---------------------------------------------------------O                (57 = 100.0%) {0.0%}
2  O                                                                         (0 = 0.0%) {100.0%}

Histogram: Renderer.RenderThreadImpl.Init recorded 1 samples, mean = 17.0 (flags = 0x41)
0   ... 
17  -O                                                                        (1 = 100.0%) {0.0%}
20  ... 

Histogram: Renderer4.GpuRasterizationEnabled recorded 2 samples, mean = 1.0 (flags = 0x41)
0  O                                                                         (0 = 0.0%)
1  --O                                                                       (2 = 100.0%) {0.0%}
2  O                                                                         (0 = 0.0%) {100.0%}

Histogram: RendererScheduler.RendererMainThreadLoad5 recorded 5095 samples, mean = 0.1 (flags = 0x41)
0    ------------------------------------------------------------------------O (5082 = 99.7%)
1    O                                                                         (2 = 0.0%) {99.7%}
2    O                                                                         (0 = 0.0%) {99.8%}
3    O                                                                         (1 = 0.0%) {99.8%}
4    ... 
6    O                                                                         (1 = 0.0%) {99.8%}
7    ... 
11   O                                                                         (1 = 0.0%) {99.8%}
12   ... 
16   O                                                                         (1 = 0.0%) {99.8%}
17   ... 
19   O                                                                         (1 = 0.0%) {99.9%}
20   ... 
23   O                                                                         (1 = 0.0%) {99.9%}
24   ... 
55   O                                                                         (1 = 0.0%) {99.9%}
56   ... 
63   O                                                                         (1 = 0.0%) {99.9%}
64   ... 
100  O                                                                         (3 = 0.1%) {99.9%}
101  O                                                                         (0 = 0.0%) {100.0%}

Histogram: RendererScheduler.RendererMainThreadLoad5.Background recorded 2543 samples, mean = 0.0 (flags = 0x41)
0  ------------------------------------------------------------------------O (2543 = 100.0%)
1  ... 

Histogram: RendererScheduler.RendererMainThreadLoad5.Background.AfterFifthMinute recorded 2240 samples, mean = 0.0 (flags = 0x41)
0  ------------------------------------------------------------------------O (2240 = 100.0%)
1  ... 

Histogram: RendererScheduler.RendererMainThreadLoad5.Background.AfterFirstMinute recorded 2480 samples, mean = 0.0 (flags = 0x41)
0  ------------------------------------------------------------------------O (2480 = 100.0%)
1  ... 

Histogram: RendererScheduler.RendererMainThreadLoad5.Background.AfterTenthMinute recorded 1940 samples, mean = 0.0 (flags = 0x41)
0  ------------------------------------------------------------------------O (1940 = 100.0%)
1  ... 

Histogram: RendererScheduler.RendererMainThreadLoad5.Foreground recorded 8 samples, mean = 40.9 (flags = 0x41)
0    ---O                                                                      (3 = 37.5%)
1    ... 
11   -O                                                                        (1 = 12.5%) {37.5%}
12   ... 
16   -O                                                                        (1 = 12.5%) {50.0%}
17   ... 
100  ---O                                                                      (3 = 37.5%) {62.5%}
101  O                                                                         (0 = 0.0%) {100.0%}

Histogram: RendererScheduler.RendererMainThreadLoad5.Foreground.AfterFirstMinute recorded 2480 samples, mean = 0.0 (flags = 0x41)
0  ------------------------------------------------------------------------O (2478 = 99.9%)
1  O                                                                         (1 = 0.0%) {99.9%}
2  O                                                                         (1 = 0.0%) {100.0%}
3  ... 

Histogram: ReportingAndNEL.NumberOfLoadedNELPolicies recorded 1 samples, mean = 0.0 (flags = 0x41)
0  -O                                                                        (1 = 100.0%)
1  ... 

Histogram: ReportingAndNEL.NumberOfLoadedNELPolicies2 recorded 1 samples, mean = 0.0 (flags = 0x41)
0  -O                                                                        (1 = 100.0%)
1  ... 

Histogram: ReportingAndNEL.TimeInitializeDB recorded 1 samples, mean = 2.0 (flags = 0x41)
0  ... 
2  -O                                                                        (1 = 100.0%) {0.0%}
3  ... 

Histogram: ResourceScheduler.RequestQueuingDuration.Priority1 recorded 26 samples, mean = 0.0 (flags = 0x41)
0  --------------------------O                                               (26 = 100.0%)
1  ... 

Histogram: ResourceScheduler.RequestQueuingDuration.Priority2 recorded 30 samples, mean = 0.0 (flags = 0x41)
0  ------------------------------O                                           (30 = 100.0%)
1  ... 

Histogram: ResourceScheduler.RequestQueuingDuration.Priority3 recorded 2 samples, mean = 0.0 (flags = 0x41)
0  --O                                                                       (2 = 100.0%)
1  ... 

Histogram: ResourceScheduler.RequestQueuingDuration.Priority4 recorded 13 samples, mean = 0.1 (flags = 0x41)
0  ------------O                                                             (12 = 92.3%)
1  -O                                                                        (1 = 7.7%) {92.3%}
2  ... 

Histogram: ResourceScheduler.RequestQueuingDuration.Priority5 recorded 14 samples, mean = 0.0 (flags = 0x41)
0  --------------O                                                           (14 = 100.0%)
1  ... 

Histogram: SBClientPhishing.Classifier.Event recorded 4 samples, mean = 1.0 (flags = 0x41)
0  O                                                                         (0 = 0.0%)
1  ----O                                                                     (4 = 100.0%) {0.0%}
2  ... 

Histogram: SBClientPhishing.HighConfidenceAllowlistCheckDuration recorded 2 samples, mean = 40.0 (flags = 0x41)
0   ... 
5   -O                                                                        (1 = 50.0%) {0.0%}
6   ... 
66  -O                                                                        (1 = 50.0%) {50.0%}
84  ... 

Histogram: SBClientPhishing.ImageEmbedder.Event recorded 4 samples, mean = 1.0 (flags = 0x41)
0  O                                                                         (0 = 0.0%)
1  ----O                                                                     (4 = 100.0%) {0.0%}
2  ... 

Histogram: SBClientPhishing.LoadReportTimesFromPrefAtServiceCreationSuccessful recorded 1 samples, mean = 1.0 (flags = 0x41)
0  O                                                                         (0 = 0.0%)
1  -O                                                                        (1 = 100.0%) {0.0%}
2  O                                                                         (0 = 0.0%) {100.0%}

Histogram: SBClientPhishing.MatchHighConfidenceAllowlist recorded 2 samples, mean = 3.0 (flags = 0x41)
0  ... 
3  --O                                                                       (2 = 100.0%) {0.0%}
4  O                                                                         (0 = 0.0%) {100.0%}

Histogram: SBClientPhishing.MatchHighConfidenceAllowlist.TriggerModel recorded 2 samples, mean = 3.0 (flags = 0x41)
0  ... 
3  --O                                                                       (2 = 100.0%) {0.0%}
4  O                                                                         (0 = 0.0%) {100.0%}

Histogram: SBClientPhishing.PreClassificationCheckResult recorded 2 samples, mean = 3.0 (flags = 0x41)
0  ... 
3  --O                                                                       (2 = 100.0%) {0.0%}
4  ... 

Histogram: SBIRS.DroppedIncident recorded 1 samples, mean = 1.0 (flags = 0x41)
0  O                                                                         (0 = 0.0%)
1  -O                                                                        (1 = 100.0%) {0.0%}
2  ... 

Histogram: SBIRS.ReceivedIncident recorded 1 samples, mean = 1.0 (flags = 0x41)
0  O                                                                         (0 = 0.0%)
1  -O                                                                        (1 = 100.0%) {0.0%}
2  ... 

Histogram: SSL.Experimental.SubresourceResponse recorded 57 samples, mean = 0.0 (flags = 0x41)
0  ---------------------------------------------------------O                (57 = 100.0%)
1  ... 

Histogram: SafeBrowsing.AsyncCheck.CommittedNavigationIdsSize recorded 5 samples, mean = 1.2 (flags = 0x41)
0  -O                                                                        (1 = 20.0%)
1  --O                                                                       (2 = 40.0%) {20.0%}
2  --O                                                                       (2 = 40.0%) {60.0%}
3  ... 

Histogram: SafeBrowsing.BrowserThrottle.CheckerOnIOLifetime recorded 2 samples, mean = 2250.5 (flags = 0x41)
0     ... 
220   -O                                                                        (1 = 50.0%) {0.0%}
280   ... 
3900  -O                                                                        (1 = 50.0%) {50.0%}
4955  ... 

Histogram: SafeBrowsing.BrowserThrottle.IntervalBetweenStartAndProcess recorded 2 samples, mean = 2250.5 (flags = 0x41)
0     ... 
226   -O                                                                        (1 = 50.0%) {0.0%}
268   ... 
4222  -O                                                                        (1 = 50.0%) {50.0%}
5017  ... 

Histogram: SafeBrowsing.BrowserThrottle.IntervalBetweenStartAndProcess.FromNetwork recorded 2 samples, mean = 2250.5 (flags = 0x41)
0     ... 
226   -O                                                                        (1 = 50.0%) {0.0%}
268   ... 
4222  -O                                                                        (1 = 50.0%) {50.0%}
5017  ... 

Histogram: SafeBrowsing.BrowserThrottle.IsCheckCompletedOnProcessResponse recorded 2 samples, mean = 1.0 (flags = 0x41)
0  O                                                                         (0 = 0.0%)
1  --O                                                                       (2 = 100.0%) {0.0%}
2  O                                                                         (0 = 0.0%) {100.0%}

Histogram: SafeBrowsing.BrowserThrottle.RequestDestination recorded 2 samples, mean = 3.0 (flags = 0x41)
0  ... 
3  --O                                                                       (2 = 100.0%) {0.0%}
4  ... 

Histogram: SafeBrowsing.BrowserThrottle.RequestDestination.Checked recorded 2 samples, mean = 3.0 (flags = 0x41)
0  ... 
3  --O                                                                       (2 = 100.0%) {0.0%}
4  ... 

Histogram: SafeBrowsing.BrowserThrottle.TotalDelay2.FromNetwork recorded 2 samples, mean = 0.0 (flags = 0x41)
0  --O                                                                       (2 = 100.0%)
1  ... 

Histogram: SafeBrowsing.BrowserThrottle.TotalDelay2.HashPrefixDatabaseCheck recorded 2 samples, mean = 0.0 (flags = 0x41)
0  --O                                                                       (2 = 100.0%)
1  ... 

Histogram: SafeBrowsing.BrowserThrottle.WillProcessResponseCount recorded 2 samples, mean = 1.0 (flags = 0x41)
0  O                                                                         (0 = 0.0%)
1  --O                                                                       (2 = 100.0%) {0.0%}
2  ... 

Histogram: SafeBrowsing.CheckBrowseUrl.HasLocalMatch recorded 2 samples, mean = 1.0 (flags = 0x41)
0  O                                                                         (0 = 0.0%)
1  --O                                                                       (2 = 100.0%) {0.0%}
2  O                                                                         (0 = 0.0%) {100.0%}

Histogram: SafeBrowsing.CheckUrl.Action recorded 2 samples, mean = 0.0 (flags = 0x41)
0  --O                                                                       (2 = 100.0%)
1  ... 

Histogram: SafeBrowsing.CheckUrl.FirstRequestThreatType2 recorded 1 samples, mean = 1.0 (flags = 0x41)
0  O                                                                         (0 = 0.0%)
1  -O                                                                        (1 = 100.0%) {0.0%}
2  ... 

Histogram: SafeBrowsing.CheckUrl.FirstRequestThreatType2.LocalPVer4 recorded 1 samples, mean = 1.0 (flags = 0x41)
0  O                                                                         (0 = 0.0%)
1  -O                                                                        (1 = 100.0%) {0.0%}
2  ... 

Histogram: SafeBrowsing.CheckUrl.FirstRequestTimedOut recorded 1 samples, mean = 0.0 (flags = 0x41)
0  -O                                                                        (1 = 100.0%)
1  ... 

Histogram: SafeBrowsing.CheckUrl.FirstRequestTimedOut.LocalPVer4 recorded 1 samples, mean = 0.0 (flags = 0x41)
0  -O                                                                        (1 = 100.0%)
1  ... 

Histogram: SafeBrowsing.CheckUrl.IsDocumentCheckPrefetch recorded 2 samples, mean = 0.0 (flags = 0x41)
0  --O                                                                       (2 = 100.0%)
1  ... 

Histogram: SafeBrowsing.CheckUrl.TimeTaken.HashDatabase recorded 2 samples, mean = 1634.0 (flags = 0x41)
0     -O                                                                        (1 = 50.0%)
1     ... 
2990  -O                                                                        (1 = 50.0%) {50.0%}
3553  ... 

Histogram: SafeBrowsing.CheckUrl.Timeout recorded 2 samples, mean = 0.0 (flags = 0x41)
0  --O                                                                       (2 = 100.0%)
1  ... 

Histogram: SafeBrowsing.CheckUrl.UrlScheme recorded 2 samples, mean = 10.0 (flags = 0x41)
0   ... 
10  --O                                                                       (2 = 100.0%) {0.0%}
11  ... 

Histogram: SafeBrowsing.ClientSidePhishingDetection.AllowlistMatchResult recorded 2 samples, mean = 1.0 (flags = 0x41)
0  O                                                                         (0 = 0.0%)
1  --O                                                                       (2 = 100.0%) {0.0%}
2  ... 

Histogram: SafeBrowsing.FileTypeUpdate.DynamicUpdateResult recorded 1 samples (flags = 0x41)
1  -O                                                                        (1 = 100.0%)

Histogram: SafeBrowsing.FileTypeUpdate.DynamicUpdateVersion recorded 1 samples (flags = 0x41)
69  -O                                                                        (1 = 100.0%)

Histogram: SafeBrowsing.FileTypeUpdate.ResourceBundleResult recorded 1 samples (flags = 0x41)
1  -O                                                                        (1 = 100.0%)

Histogram: SafeBrowsing.FileTypeUpdate.ResourceBundleVersion recorded 1 samples (flags = 0x41)
66  -O                                                                        (1 = 100.0%)

Histogram: SafeBrowsing.HPRT.Cache.FullHashCount recorded 3 samples, mean = 0.0 (flags = 0x41)
0  ---O                                                                      (3 = 100.0%)
1  ... 

Histogram: SafeBrowsing.HPRT.Cache.HashPrefixCount recorded 3 samples, mean = 0.0 (flags = 0x41)
0  ---O                                                                      (3 = 100.0%)
1  ... 

Histogram: SafeBrowsing.HPRT.Ineligible.FeatureOff recorded 2 samples, mean = 0.0 (flags = 0x41)
0  --O                                                                       (2 = 100.0%)
1  ... 

Histogram: SafeBrowsing.HPRT.Ineligible.IneligibleForLocation recorded 2 samples, mean = 0.0 (flags = 0x41)
0  --O                                                                       (2 = 100.0%)
1  ... 

Histogram: SafeBrowsing.HPRT.Ineligible.IneligibleForSessionOrLocation recorded 2 samples, mean = 1.0 (flags = 0x41)
0  O                                                                         (0 = 0.0%)
1  --O                                                                       (2 = 100.0%) {0.0%}
2  O                                                                         (0 = 0.0%) {100.0%}

Histogram: SafeBrowsing.HPRT.Ineligible.NoGoogleChromeBranding recorded 2 samples, mean = 1.0 (flags = 0x41)
0  O                                                                         (0 = 0.0%)
1  --O                                                                       (2 = 100.0%) {0.0%}
2  O                                                                         (0 = 0.0%) {100.0%}

Histogram: SafeBrowsing.HPRT.Ineligible.NotAllowedByPolicy recorded 2 samples, mean = 0.0 (flags = 0x41)
0  --O                                                                       (2 = 100.0%)
1  ... 

Histogram: SafeBrowsing.HPRT.Ineligible.NotStandardProtection recorded 2 samples, mean = 0.0 (flags = 0x41)
0  --O                                                                       (2 = 100.0%)
1  ... 

Histogram: SafeBrowsing.HPRT.Ineligible.OffTheRecord recorded 2 samples, mean = 0.0 (flags = 0x41)
0  --O                                                                       (2 = 100.0%)
1  ... 

Histogram: SafeBrowsing.HasCookieAtStartup2 recorded 1 samples, mean = 0.0 (flags = 0x41)
0  -O                                                                        (1 = 100.0%)
1  ... 

Histogram: SafeBrowsing.PageLoadToken.TokenCount recorded 3 samples, mean = 0.0 (flags = 0x41)
0  ---O                                                                      (3 = 100.0%)
1  ... 

Histogram: SafeBrowsing.Pref.Enhanced recorded 1 samples, mean = 0.0 (flags = 0x41)
0  -O                                                                        (1 = 100.0%)
1  ... 

Histogram: SafeBrowsing.Pref.Enhanced.RegularProfile recorded 1 samples, mean = 0.0 (flags = 0x41)
0  -O                                                                        (1 = 100.0%)
1  ... 

Histogram: SafeBrowsing.Pref.Extended recorded 1 samples, mean = 0.0 (flags = 0x41)
0  -O                                                                        (1 = 100.0%)
1  ... 

Histogram: SafeBrowsing.Pref.General recorded 1 samples, mean = 1.0 (flags = 0x41)
0  O                                                                         (0 = 0.0%)
1  -O                                                                        (1 = 100.0%) {0.0%}
2  O                                                                         (0 = 0.0%) {100.0%}

Histogram: SafeBrowsing.RT.CacheManager.CleanUpTime recorded 3 samples, mean = 0.0 (flags = 0x41)
0  ---O                                                                      (3 = 100.0%)
1  ... 

Histogram: SafeBrowsing.RT.CanCheckDatabase recorded 2 samples, mean = 1.0 (flags = 0x41)
0  O                                                                         (0 = 0.0%)
1  --O                                                                       (2 = 100.0%) {0.0%}
2  O                                                                         (0 = 0.0%) {100.0%}

Histogram: SafeBrowsing.RT.ConsumerVersionReason recorded 4 samples, mean = 1.0 (flags = 0x41)
0  --O                                                                       (2 = 50.0%)
1  O                                                                         (0 = 0.0%) {50.0%}
2  --O                                                                       (2 = 50.0%) {50.0%}
3  ... 

Histogram: SafeBrowsing.RendererThrottle.IsCheckCompletedOnProcessResponse recorded 57 samples, mean = 1.0 (flags = 0x41)
0  O                                                                         (0 = 0.0%)
1  ---------------------------------------------------------O                (57 = 100.0%) {0.0%}
2  O                                                                         (0 = 0.0%) {100.0%}

Histogram: SafeBrowsing.RendererThrottle.RequestDestination recorded 57 samples, mean = 9.4 (flags = 0x41)
0   -------------O                                                            (13 = 22.8%)
1   ... 
5   -----O                                                                    (5 = 8.8%) {22.8%}
6   ... 
8   ---O                                                                      (3 = 5.3%) {31.6%}
9   --O                                                                       (2 = 3.5%) {36.8%}
10  ... 
13  --------------------------O                                               (26 = 45.6%) {40.4%}
14  ... 
16  --------O                                                                 (8 = 14.0%) {86.0%}
17  ... 

Histogram: SafeBrowsing.V4Database.Size recorded 1 samples, mean = 0.0 (flags = 0x41)
0  -O                                                                        (1 = 100.0%)
1  ... 

Histogram: SafeBrowsing.V4Database.Size.ChromeExtMalware recorded 1 samples, mean = 0.0 (flags = 0x41)
0  -O                                                                        (1 = 100.0%)
1  ... 

Histogram: SafeBrowsing.V4Database.Size.UrlBilling recorded 1 samples, mean = 0.0 (flags = 0x41)
0  -O                                                                        (1 = 100.0%)
1  ... 

Histogram: SafeBrowsing.V4Database.Size.UrlCsdDownloadAllowlist recorded 1 samples, mean = 0.0 (flags = 0x41)
0  -O                                                                        (1 = 100.0%)
1  ... 

Histogram: SafeBrowsing.V4Database.Size.UrlMalBin recorded 1 samples, mean = 0.0 (flags = 0x41)
0  -O                                                                        (1 = 100.0%)
1  ... 

Histogram: SafeBrowsing.V4Database.Size.UrlMalware recorded 1 samples, mean = 0.0 (flags = 0x41)
0  -O                                                                        (1 = 100.0%)
1  ... 

Histogram: SafeBrowsing.V4Database.Size.UrlSoceng recorded 1 samples, mean = 0.0 (flags = 0x41)
0  -O                                                                        (1 = 100.0%)
1  ... 

Histogram: SafeBrowsing.V4Database.Size.UrlUws recorded 1 samples, mean = 0.0 (flags = 0x41)
0  -O                                                                        (1 = 100.0%)
1  ... 

Histogram: SafeBrowsing.V4Database.SizeLinear recorded 1 samples, mean = 0.0 (flags = 0x41)
0  -O                                                                        (1 = 100.0%)
1  ... 

Histogram: SafeBrowsing.V4Database.SizeLinear.ChromeExtMalware recorded 1 samples, mean = 0.0 (flags = 0x41)
0  -O                                                                        (1 = 100.0%)
1  ... 

Histogram: SafeBrowsing.V4Database.SizeLinear.UrlMalBin recorded 1 samples, mean = 0.0 (flags = 0x41)
0  -O                                                                        (1 = 100.0%)
1  ... 

Histogram: SafeBrowsing.V4Database.SizeLinear.UrlSoceng recorded 1 samples, mean = 0.0 (flags = 0x41)
0  -O                                                                        (1 = 100.0%)
1  ... 

Histogram: SafeBrowsing.V4DatabaseInitializationTime recorded 1 samples, mean = 3960.0 (flags = 0x41)
0     ... 
3553  -O                                                                        (1 = 100.0%) {0.0%}
4222  ... 

Histogram: SafeBrowsing.V4Store.IsStoreValid recorded 7 samples, mean = 0.0 (flags = 0x41)
0  -------O                                                                  (7 = 100.0%)
1  ... 

Histogram: SafeBrowsing.V4Store.IsStoreValid.ChromeExtMalware recorded 1 samples, mean = 0.0 (flags = 0x41)
0  -O                                                                        (1 = 100.0%)
1  ... 

Histogram: SafeBrowsing.V4Store.IsStoreValid.UrlBilling recorded 1 samples, mean = 0.0 (flags = 0x41)
0  -O                                                                        (1 = 100.0%)
1  ... 

Histogram: SafeBrowsing.V4Store.IsStoreValid.UrlCsdDownloadAllowlist recorded 1 samples, mean = 0.0 (flags = 0x41)
0  -O                                                                        (1 = 100.0%)
1  ... 

Histogram: SafeBrowsing.V4Store.IsStoreValid.UrlMalBin recorded 1 samples, mean = 0.0 (flags = 0x41)
0  -O                                                                        (1 = 100.0%)
1  ... 

Histogram: SafeBrowsing.V4Store.IsStoreValid.UrlMalware recorded 1 samples, mean = 0.0 (flags = 0x41)
0  -O                                                                        (1 = 100.0%)
1  ... 

Histogram: SafeBrowsing.V4Store.IsStoreValid.UrlSoceng recorded 1 samples, mean = 0.0 (flags = 0x41)
0  -O                                                                        (1 = 100.0%)
1  ... 

Histogram: SafeBrowsing.V4Store.IsStoreValid.UrlUws recorded 1 samples, mean = 0.0 (flags = 0x41)
0  -O                                                                        (1 = 100.0%)
1  ... 

Histogram: SafeBrowsing.V4Store.ReadyOnStartup recorded 7 samples, mean = 0.0 (flags = 0x41)
0  -------O                                                                  (7 = 100.0%)
1  ... 

Histogram: SafeBrowsing.V4StoreRead.Result recorded 7 samples, mean = 2.0 (flags = 0x41)
0  ... 
2  -------O                                                                  (7 = 100.0%) {0.0%}
3  ... 

Histogram: SafeBrowsing.V4Update.Network.Result recorded 2 samples (flags = 0x41)
400  --O                                                                       (2 = 100.0%)

Histogram: SafeBrowsing.V4Update.Result recorded 2 samples, mean = 2.0 (flags = 0x41)
0  ... 
2  --O                                                                       (2 = 100.0%) {0.0%}
3  ... 

Histogram: Scheduling.MessagePumpTimeKeeper.BrowserIO recorded 0 samples (flags = 0x41)
0 ... 

Histogram: Scheduling.MessagePumpTimeKeeper.BrowserUI recorded 0 samples (flags = 0x41)
0 ... 

Histogram: Scheduling.Renderer.DrawInterval2 recorded 1 samples, mean = 26734.0 (flags = 0x41)
0      ... 
26316  -O                                                                        (1 = 100.0%) {0.0%}
27778  ... 

Histogram: Scheduling.ThreadController.ActiveIntervalDuration.Any.BrowserUI recorded 29 samples, mean = 0.0 (flags = 0x41)
0  -----------------------------O                                            (29 = 100.0%)
1  ... 

Histogram: Scheduling.ThreadController.ActiveIntervalDuration.Any.Other recorded 33 samples, mean = 0.5 (flags = 0x41)
0   ------------------------------O                                           (30 = 90.9%)
1   -O                                                                        (1 = 3.0%) {90.9%}
2   ... 
6   -O                                                                        (1 = 3.0%) {93.9%}
7   ... 
10  -O                                                                        (1 = 3.0%) {97.0%}
12  ... 

Histogram: Scheduling.ThreadController.ActiveIntervalDuration.Medium.Other recorded 3 samples, mean = 5.7 (flags = 0x41)
0   O                                                                         (0 = 0.0%)
1   -O                                                                        (1 = 33.3%) {0.0%}
2   ... 
6   -O                                                                        (1 = 33.3%) {33.3%}
7   ... 
10  -O                                                                        (1 = 33.3%) {66.7%}
11  ... 

Histogram: Scheduling.ThreadController.ActiveIntervalDuration.Short.BrowserUI recorded 29 samples, mean = 1.0 (flags = 0x41)
0  ----------O                                                               (10 = 34.5%)
1  -----------O                                                              (11 = 37.9%) {34.5%}
2  -------O                                                                  (7 = 24.1%) {72.4%}
3  O                                                                         (0 = 0.0%) {96.6%}
4  -O                                                                        (1 = 3.4%) {96.6%}
5  ... 

Histogram: Scheduling.ThreadController.ActiveIntervalDuration.Short.Other recorded 30 samples, mean = 63.5 (flags = 0x41)
0    ... 
5    -O                                                                        (1 = 3.3%) {0.0%}
6    ... 
8    --O                                                                       (2 = 6.7%) {3.3%}
9    ----O                                                                     (4 = 13.3%) {10.0%}
10   O                                                                         (0 = 0.0%) {23.3%}
11   --O                                                                       (2 = 6.7%) {23.3%}
12   --O                                                                       (2 = 6.7%) {30.0%}
13   -O                                                                        (1 = 3.3%) {36.7%}
14   --O                                                                       (2 = 6.7%) {40.0%}
15   ... 
17   -O                                                                        (1 = 3.3%) {46.7%}
18   ... 
20   -O                                                                        (1 = 3.3%) {50.0%}
21   ... 
29   -O                                                                        (1 = 3.3%) {53.3%}
31   O                                                                         (0 = 0.0%) {56.7%}
33   -O                                                                        (1 = 3.3%) {56.7%}
35   O                                                                         (0 = 0.0%) {60.0%}
37   -O                                                                        (1 = 3.3%) {60.0%}
39   ... 
47   -O                                                                        (1 = 3.3%) {63.3%}
49   ... 
61   -O                                                                        (1 = 3.3%) {66.7%}
64   O                                                                         (0 = 0.0%) {70.0%}
67   -O                                                                        (1 = 3.3%) {70.0%}
70   ... 
90   -O                                                                        (1 = 3.3%) {73.3%}
95   ... 
135  -O                                                                        (1 = 3.3%) {76.7%}
142  O                                                                         (0 = 0.0%) {80.0%}
149  --O                                                                       (2 = 6.7%) {80.0%}
157  ... 
201  -O                                                                        (1 = 3.3%) {86.7%}
211  -O                                                                        (1 = 3.3%) {90.0%}
222  -O                                                                        (1 = 3.3%) {93.3%}
233  O                                                                         (0 = 0.0%) {96.7%}
245  -O                                                                        (1 = 3.3%) {96.7%}
258  ... 

Histogram: Scheduling.ThreadController.ActiveIntervalOffCpuDuration.Any.BrowserUI recorded 29 samples, mean = 0.0 (flags = 0x41)
0  -----------------------------O                                            (29 = 100.0%)
1  ... 

Histogram: Scheduling.ThreadController.ActiveIntervalOffCpuDuration.Any.Other recorded 33 samples, mean = 0.0 (flags = 0x41)
0  ---------------------------------O                                        (33 = 100.0%)
1  ... 

Histogram: Scheduling.ThreadController.ActiveIntervalOffCpuDuration.Medium.Other recorded 3 samples, mean = 0.0 (flags = 0x41)
0  ---O                                                                      (3 = 100.0%)
1  ... 

Histogram: Scheduling.ThreadController.ActiveIntervalOffCpuDuration.Short.BrowserUI recorded 29 samples, mean = 0.6 (flags = 0x41)
0  --------------O                                                           (14 = 48.3%)
1  --------------O                                                           (14 = 48.3%) {48.3%}
2  O                                                                         (0 = 0.0%) {96.6%}
3  -O                                                                        (1 = 3.4%) {96.6%}
4  ... 

Histogram: Scheduling.ThreadController.ActiveIntervalOffCpuDuration.Short.Other recorded 30 samples, mean = 11.2 (flags = 0x41)
0    ----O                                                                     (4 = 13.3%)
1    -----O                                                                    (5 = 16.7%) {13.3%}
2    --------O                                                                 (8 = 26.7%) {30.0%}
3    --O                                                                       (2 = 6.7%) {56.7%}
4    -O                                                                        (1 = 3.3%) {63.3%}
5    --O                                                                       (2 = 6.7%) {66.7%}
6    -O                                                                        (1 = 3.3%) {73.3%}
7    -O                                                                        (1 = 3.3%) {76.7%}
8    ... 
10   -O                                                                        (1 = 3.3%) {80.0%}
11   ... 
19   -O                                                                        (1 = 3.3%) {83.3%}
20   ... 
31   -O                                                                        (1 = 3.3%) {86.7%}
33   -O                                                                        (1 = 3.3%) {90.0%}
35   O                                                                         (0 = 0.0%) {93.3%}
37   -O                                                                        (1 = 3.3%) {93.3%}
39   ... 
149  -O                                                                        (1 = 3.3%) {96.7%}
157  ... 

Histogram: Scheduling.ThreadController.ActiveIntervalOnCpuDuration.Any.BrowserUI recorded 29 samples, mean = 0.0 (flags = 0x41)
0  -----------------------------O                                            (29 = 100.0%)
1  ... 

Histogram: Scheduling.ThreadController.ActiveIntervalOnCpuDuration.Any.Other recorded 33 samples, mean = 0.5 (flags = 0x41)
0   ------------------------------O                                           (30 = 90.9%)
1   -O                                                                        (1 = 3.0%) {90.9%}
2   ... 
6   -O                                                                        (1 = 3.0%) {93.9%}
7   ... 
10  -O                                                                        (1 = 3.0%) {97.0%}
12  ... 

Histogram: Scheduling.ThreadController.ActiveIntervalOnCpuDuration.Medium.Other recorded 3 samples, mean = 5.7 (flags = 0x41)
0   O                                                                         (0 = 0.0%)
1   -O                                                                        (1 = 33.3%) {0.0%}
2   ... 
6   -O                                                                        (1 = 33.3%) {33.3%}
7   ... 
10  -O                                                                        (1 = 33.3%) {66.7%}
11  ... 

Histogram: Scheduling.ThreadController.ActiveIntervalOnCpuDuration.Short.BrowserUI recorded 29 samples, mean = 0.4 (flags = 0x41)
0  -----------------O                                                        (17 = 58.6%)
1  ------------O                                                             (12 = 41.4%) {58.6%}
2  ... 

Histogram: Scheduling.ThreadController.ActiveIntervalOnCpuDuration.Short.Other recorded 30 samples, mean = 52.3 (flags = 0x41)
0    -O                                                                        (1 = 3.3%)
1    ... 
5    -O                                                                        (1 = 3.3%) {3.3%}
6    -O                                                                        (1 = 3.3%) {6.7%}
7    --O                                                                       (2 = 6.7%) {10.0%}
8    ---O                                                                      (3 = 10.0%) {16.7%}
9    ---O                                                                      (3 = 10.0%) {26.7%}
10   -O                                                                        (1 = 3.3%) {36.7%}
11   -O                                                                        (1 = 3.3%) {40.0%}
12   --O                                                                       (2 = 6.7%) {43.3%}
13   ... 
15   --O                                                                       (2 = 6.7%) {50.0%}
16   ... 
29   -O                                                                        (1 = 3.3%) {56.7%}
31   O                                                                         (0 = 0.0%) {60.0%}
33   -O                                                                        (1 = 3.3%) {60.0%}
35   O                                                                         (0 = 0.0%) {63.3%}
37   -O                                                                        (1 = 3.3%) {63.3%}
39   ... 
45   -O                                                                        (1 = 3.3%) {66.7%}
47   ... 
55   -O                                                                        (1 = 3.3%) {70.0%}
58   ... 
64   -O                                                                        (1 = 3.3%) {73.3%}
67   ... 
90   -O                                                                        (1 = 3.3%) {76.7%}
95   ... 
116  -O                                                                        (1 = 3.3%) {80.0%}
122  -O                                                                        (1 = 3.3%) {83.3%}
128  ... 
165  -O                                                                        (1 = 3.3%) {86.7%}
173  ... 
191  -O                                                                        (1 = 3.3%) {90.0%}
201  -O                                                                        (1 = 3.3%) {93.3%}
211  ... 
233  -O                                                                        (1 = 3.3%) {96.7%}
245  ... 

Histogram: Scheduling.ThreadController.ActiveIntervalOnCpuPercentage.Any.BrowserUI recorded 29 samples, mean = 61.2 (flags = 0x41)
0    -------O                                                                  (7 = 24.1%)
1    ... 
25   -O                                                                        (1 = 3.4%) {24.1%}
26   ... 
50   -------O                                                                  (7 = 24.1%) {27.6%}
51   ... 
100  --------------O                                                           (14 = 48.3%) {51.7%}
101  O                                                                         (0 = 0.0%) {100.0%}

Histogram: Scheduling.ThreadController.ActiveIntervalOnCpuPercentage.Any.Other recorded 33 samples, mean = 85.7 (flags = 0x41)
0    -O                                                                        (1 = 3.0%)
1    ... 
54   -O                                                                        (1 = 3.0%) {3.0%}
55   ... 
75   --O                                                                       (2 = 6.1%) {6.1%}
76   -O                                                                        (1 = 3.0%) {12.1%}
77   -O                                                                        (1 = 3.0%) {15.2%}
78   ... 
81   -O                                                                        (1 = 3.0%) {18.2%}
82   O                                                                         (0 = 0.0%) {21.2%}
83   --O                                                                       (2 = 6.1%) {21.2%}
84   -O                                                                        (1 = 3.0%) {27.3%}
85   --O                                                                       (2 = 6.1%) {30.3%}
86   --O                                                                       (2 = 6.1%) {36.4%}
87   -O                                                                        (1 = 3.0%) {42.4%}
88   ---O                                                                      (3 = 9.1%) {45.5%}
89   O                                                                         (0 = 0.0%) {54.5%}
90   -O                                                                        (1 = 3.0%) {54.5%}
91   O                                                                         (0 = 0.0%) {57.6%}
92   -O                                                                        (1 = 3.0%) {57.6%}
93   ... 
95   ----O                                                                     (4 = 12.1%) {60.6%}
96   -O                                                                        (1 = 3.0%) {72.7%}
97   --O                                                                       (2 = 6.1%) {75.8%}
98   --O                                                                       (2 = 6.1%) {81.8%}
99   O                                                                         (0 = 0.0%) {87.9%}
100  ----O                                                                     (4 = 12.1%) {87.9%}
101  O                                                                         (0 = 0.0%) {100.0%}

Histogram: Scheduling.ThreadController.ActiveIntervalOnCpuPercentage.Medium.Other recorded 3 samples, mean = 96.0 (flags = 0x41)
0   ... 
92  -O                                                                        (1 = 33.3%) {0.0%}
93  ... 
98  --O                                                                       (2 = 66.7%) {33.3%}
99  ... 

Histogram: Scheduling.ThreadController.ActiveIntervalOnCpuPercentage.Short.BrowserUI recorded 29 samples, mean = 61.2 (flags = 0x41)
0    -------O                                                                  (7 = 24.1%)
1    ... 
25   -O                                                                        (1 = 3.4%) {24.1%}
26   ... 
50   -------O                                                                  (7 = 24.1%) {27.6%}
51   ... 
100  --------------O                                                           (14 = 48.3%) {51.7%}
101  O                                                                         (0 = 0.0%) {100.0%}

Histogram: Scheduling.ThreadController.ActiveIntervalOnCpuPercentage.Short.Other recorded 30 samples, mean = 84.7 (flags = 0x41)
0    -O                                                                        (1 = 3.3%)
1    ... 
54   -O                                                                        (1 = 3.3%) {3.3%}
55   ... 
75   --O                                                                       (2 = 6.7%) {6.7%}
76   -O                                                                        (1 = 3.3%) {13.3%}
77   -O                                                                        (1 = 3.3%) {16.7%}
78   ... 
81   -O                                                                        (1 = 3.3%) {20.0%}
82   O                                                                         (0 = 0.0%) {23.3%}
83   --O                                                                       (2 = 6.7%) {23.3%}
84   -O                                                                        (1 = 3.3%) {30.0%}
85   --O                                                                       (2 = 6.7%) {33.3%}
86   --O                                                                       (2 = 6.7%) {40.0%}
87   -O                                                                        (1 = 3.3%) {46.7%}
88   ---O                                                                      (3 = 10.0%) {50.0%}
89   O                                                                         (0 = 0.0%) {60.0%}
90   -O                                                                        (1 = 3.3%) {60.0%}
91   ... 
95   ----O                                                                     (4 = 13.3%) {63.3%}
96   -O                                                                        (1 = 3.3%) {76.7%}
97   --O                                                                       (2 = 6.7%) {80.0%}
98   ... 
100  ----O                                                                     (4 = 13.3%) {86.7%}
101  O                                                                         (0 = 0.0%) {100.0%}

Histogram: Scheduling.ThreadController.IdleDuration.Any.BrowserUI recorded 29 samples, mean = 0.0 (flags = 0x41)
0  -----------------------------O                                            (29 = 100.0%)
1  ... 

Histogram: Scheduling.ThreadController.IdleDuration.Any.Other recorded 17 samples, mean = 2089.2 (flags = 0x41)
0      -----O                                                                    (5 = 29.4%)
1      ... 
6      -O                                                                        (1 = 5.9%) {29.4%}
7      ... 
17     -O                                                                        (1 = 5.9%) {35.3%}
20     ... 
81     --O                                                                       (2 = 11.8%) {41.2%}
96     --O                                                                       (2 = 11.8%) {52.9%}
114    -O                                                                        (1 = 5.9%) {64.7%}
135    ... 
894    -O                                                                        (1 = 5.9%) {70.6%}
1062   ... 
3553   --O                                                                       (2 = 11.8%) {76.5%}
4222   O                                                                         (0 = 0.0%) {88.2%}
5017   -O                                                                        (1 = 5.9%) {88.2%}
5961   ... 
10000  -O                                                                        (1 = 5.9%) {94.1%}

Histogram: Scheduling.ThreadController.IdleDuration.Medium.Other recorded 5 samples, mean = 61.6 (flags = 0x41)
0   ... 
6   -O                                                                        (1 = 20.0%) {0.0%}
7   ... 
17  -O                                                                        (1 = 20.0%) {20.0%}
18  ... 
93  --O                                                                       (2 = 40.0%) {40.0%}
94  ... 
98  -O                                                                        (1 = 20.0%) {80.0%}
100 O                                                                         (0 = 0.0%) {100.0%}

Histogram: Scheduling.ThreadController.IdleDuration.Short.BrowserUI recorded 29 samples, mean = 8.0 (flags = 0x41)
0   ... 
3   -------------O                                                            (13 = 44.8%) {0.0%}
4   ---O                                                                      (3 = 10.3%) {44.8%}
5   -O                                                                        (1 = 3.4%) {55.2%}
6   --O                                                                       (2 = 6.9%) {58.6%}
7   O                                                                         (0 = 0.0%) {65.5%}
8   -O                                                                        (1 = 3.4%) {65.5%}
9   --O                                                                       (2 = 6.9%) {69.0%}
10  -O                                                                        (1 = 3.4%) {75.9%}
11  --O                                                                       (2 = 6.9%) {79.3%}
12  O                                                                         (0 = 0.0%) {86.2%}
13  -O                                                                        (1 = 3.4%) {86.2%}
14  ... 
20  -O                                                                        (1 = 3.4%) {89.7%}
21  -O                                                                        (1 = 3.4%) {93.1%}
22  ... 
49  -O                                                                        (1 = 3.4%) {96.6%}
52  ... 

Histogram: Scheduling.ThreadController.IdleDuration.Short.Other recorded 5 samples, mean = 180.4 (flags = 0x41)
0    ... 
16   -O                                                                        (1 = 20.0%) {0.0%}
17   ... 
19   -O                                                                        (1 = 20.0%) {20.0%}
20   ... 
90   -O                                                                        (1 = 20.0%) {40.0%}
95   ... 
366  -O                                                                        (1 = 20.0%) {60.0%}
385  O                                                                         (0 = 0.0%) {80.0%}
405  -O                                                                        (1 = 20.0%) {80.0%}
426  ... 

Histogram: Search.ChoiceReprompt recorded 1 samples, mean = 6.0 (flags = 0x41)
0  ... 
6  -O                                                                        (1 = 100.0%) {0.0%}
7  O                                                                         (0 = 0.0%) {100.0%}

Histogram: Search.DefaultSearchProviderType2 recorded 1 samples, mean = 14.0 (flags = 0x41)
0   ... 
14  -O                                                                        (1 = 100.0%) {0.0%}
15  ... 

Histogram: Search.SearchProviderOverrideStatus recorded 2 samples, mean = 0.0 (flags = 0x41)
0  --O                                                                       (2 = 100.0%)
1  ... 

Histogram: Security.DataDecoder.Image.DecodingTime recorded 4 samples, mean = 0.2 (flags = 0x41)
0  ---O                                                                      (3 = 75.0%)
1  -O                                                                        (1 = 25.0%) {75.0%}
2  ... 

Histogram: Security.DataDecoder.Image.Reusable.EndToEndTime recorded 4 samples, mean = 4.0 (flags = 0x41)
0  O                                                                         (0 = 0.0%)
1  -O                                                                        (1 = 25.0%) {0.0%}
2  ... 
5  ---O                                                                      (3 = 75.0%) {25.0%}
6  ... 

Histogram: Security.DataDecoder.Image.Reusable.ProcessOverhead recorded 4 samples, mean = 3.2 (flags = 0x41)
0  -O                                                                        (1 = 25.0%)
1  ... 
4  --O                                                                       (2 = 50.0%) {25.0%}
5  -O                                                                        (1 = 25.0%) {75.0%}
6  ... 

Histogram: Security.GwpAsan.Activated.Malloc.Browser recorded 1 samples, mean = 0.0 (flags = 0x41)
0  -O                                                                        (1 = 100.0%)
1  ... 

Histogram: Security.GwpAsan.Activated.PartitionAlloc.Browser recorded 1 samples, mean = 0.0 (flags = 0x41)
0  -O                                                                        (1 = 100.0%)
1  ... 

Histogram: Security.HttpsFirstMode.SettingEnabledAtStartup recorded 1 samples, mean = 0.0 (flags = 0x41)
0  -O                                                                        (1 = 100.0%)
1  ... 

Histogram: Security.JSONParser.ChromiumExtensionUsage recorded 1 samples, mean = 1.0 (flags = 0x41)
0  O                                                                         (0 = 0.0%)
1  -O                                                                        (1 = 100.0%) {0.0%}
2  ... 

Histogram: Security.JSONParser.ParsingTime recorded 58 samples, mean = 36.9 (flags = 0x41)
0    --------O                                                                 (8 = 13.8%)
1    -O                                                                        (1 = 1.7%) {13.8%}
2    -O                                                                        (1 = 1.7%) {15.5%}
3    -O                                                                        (1 = 1.7%) {17.2%}
4    ----O                                                                     (4 = 6.9%) {19.0%}
5    ---O                                                                      (3 = 5.2%) {25.9%}
7    ------------O                                                             (12 = 20.7%) {31.0%}
9    ----O                                                                     (4 = 6.9%) {51.7%}
12   --O                                                                       (2 = 3.4%) {58.6%}
16   ---O                                                                      (3 = 5.2%) {62.1%}
21   --O                                                                       (2 = 3.4%) {67.2%}
28   ----O                                                                     (4 = 6.9%) {70.7%}
37   --O                                                                       (2 = 3.4%) {77.6%}
49   ---O                                                                      (3 = 5.2%) {81.0%}
65   -O                                                                        (1 = 1.7%) {86.2%}
86   O                                                                         (0 = 0.0%) {87.9%}
113  ----O                                                                     (4 = 6.9%) {87.9%}
149  -O                                                                        (1 = 1.7%) {94.8%}
196  O                                                                         (0 = 0.0%) {96.6%}
258  -O                                                                        (1 = 1.7%) {96.6%}
340  -O                                                                        (1 = 1.7%) {98.3%}
448  ... 

Histogram: Security.NavigationRequestSecurityLevel recorded 2 samples, mean = 1.0 (flags = 0x41)
0  O                                                                         (0 = 0.0%)
1  --O                                                                       (2 = 100.0%) {0.0%}
2  ... 

Histogram: Security.PageEndReason.SECURE recorded 2 samples, mean = 5.0 (flags = 0x41)
0  ... 
4  -O                                                                        (1 = 50.0%) {0.0%}
5  O                                                                         (0 = 0.0%) {50.0%}
6  -O                                                                        (1 = 50.0%) {50.0%}
7  ... 

Histogram: Security.PageEndReason.SafetyTip_None recorded 1 samples, mean = 6.0 (flags = 0x41)
0  ... 
6  -O                                                                        (1 = 100.0%) {0.0%}
7  ... 

Histogram: Security.PageEndReason.SafetyTip_Unknown recorded 1 samples, mean = 4.0 (flags = 0x41)
0  ... 
4  -O                                                                        (1 = 100.0%) {0.0%}
5  ... 

Histogram: Security.PrivateNetworkAccess.CheckResult recorded 81 samples, mean = 2.0 (flags = 0x41)
0   --------------------------O                                               (26 = 32.1%)
1   ---------------------------------------------O                            (45 = 55.6%) {32.1%}
2   ... 
12  ----------O                                                               (10 = 12.3%) {87.7%}
13  O                                                                         (0 = 0.0%) {100.0%}

Histogram: Security.SCTAuditing.NumPersistedReportsLoaded recorded 1 samples, mean = 0.0 (flags = 0x41)
0  -O                                                                        (1 = 100.0%)
1  ... 

Histogram: Security.SafetyTips.GetReputationStatusWithEngagedSitesTime recorded 2 samples, mean = 0.0 (flags = 0x41)
0  --O                                                                       (2 = 100.0%)
1  ... 

Histogram: Security.SafetyTips.ReputationCheckComplete.DidFinishNavigation recorded 2 samples, mean = 1.0 (flags = 0x41)
0  O                                                                         (0 = 0.0%)
1  --O                                                                       (2 = 100.0%) {0.0%}
2  ... 

Histogram: Security.SafetyTips.SafetyTipShown recorded 2 samples, mean = 1.0 (flags = 0x41)
0  O                                                                         (0 = 0.0%)
1  --O                                                                       (2 = 100.0%) {0.0%}
2  ... 

Histogram: Security.SafetyTips.StatusWithInitiator.Unknown recorded 2 samples, mean = 1.0 (flags = 0x41)
0  O                                                                         (0 = 0.0%)
1  --O                                                                       (2 = 100.0%) {0.0%}
2  ... 

Histogram: Security.SecurityLevel.OnCommit recorded 2 samples, mean = 3.0 (flags = 0x41)
0  ... 
3  --O                                                                       (2 = 100.0%) {0.0%}
4  ... 

Histogram: Security.SecurityLevel.OnComplete recorded 2 samples, mean = 3.0 (flags = 0x41)
0  ... 
3  --O                                                                       (2 = 100.0%) {0.0%}
4  ... 

Histogram: Security.SiteEngagement.SECURE recorded 2 samples, mean = 5.0 (flags = 0x41)
0  ... 
4  -O                                                                        (1 = 50.0%) {0.0%}
5  O                                                                         (0 = 0.0%) {50.0%}
6  -O                                                                        (1 = 50.0%) {50.0%}
7  ... 

Histogram: Security.SiteEngagement.SafetyTip_None recorded 1 samples, mean = 6.0 (flags = 0x41)
0  ... 
6  -O                                                                        (1 = 100.0%) {0.0%}
7  ... 

Histogram: Security.SiteEngagement.SafetyTip_Unknown recorded 1 samples, mean = 4.0 (flags = 0x41)
0  ... 
4  -O                                                                        (1 = 100.0%) {0.0%}
5  ... 

Histogram: Security.TimeOnPage2.SECURE recorded 2 samples, mean = 1272230.5 (flags = 0x41)
0        ... 
36538    -O                                                                        (1 = 50.0%) {0.0%}
42174    ... 
2341034  -O                                                                        (1 = 50.0%) {50.0%}
2702128  ... 

Histogram: Security.TimeOnPage2.SafetyTip_None recorded 1 samples, mean = 2506332.0 (flags = 0x41)
0        ... 
2341034  -O                                                                        (1 = 100.0%) {0.0%}
2702128  ... 

Histogram: Security.TimeOnPage2.SafetyTip_Unknown recorded 1 samples, mean = 38129.0 (flags = 0x41)
0      ... 
36538  -O                                                                        (1 = 100.0%) {0.0%}
42174  ... 

Histogram: SegmentationPlatform.ClassificationRequest.TotalDuration.DeviceSwitcher recorded 1 samples, mean = 68390.0 (flags = 0x41)
0      ... 
10000  -O                                                                        (1 = 100.0%) {0.0%}

Histogram: SegmentationPlatform.ClassificationRequest.TotalDuration.WebAppInstallationPromo recorded 2 samples, mean = 0.0 (flags = 0x41)
0  --O                                                                       (2 = 100.0%)
1  ... 

Histogram: SegmentationPlatform.Database.StoreUkmEntry recorded 14 samples, mean = 0.0 (flags = 0x41)
0  --------------O                                                           (14 = 100.0%)
1  ... 

Histogram: SegmentationPlatform.Database.UpdateUrlForUkmSource recorded 8 samples, mean = 0.9 (flags = 0x41)
0  -------O                                                                  (7 = 87.5%)
1  ... 
7  -O                                                                        (1 = 12.5%) {87.5%}
8  ... 

Histogram: SegmentationPlatform.DefaultModelDelivery.Metadata.FeatureCount.ChromeLowUserEngagement recorded 1 samples, mean = 1.0 (flags = 0x41)
0  O                                                                         (0 = 0.0%)
1  -O                                                                        (1 = 100.0%) {0.0%}
2  ... 

Histogram: SegmentationPlatform.DefaultModelDelivery.Metadata.FeatureCount.ComposePromotion recorded 1 samples, mean = 1.0 (flags = 0x41)
0  O                                                                         (0 = 0.0%)
1  -O                                                                        (1 = 100.0%) {0.0%}
2  ... 

Histogram: SegmentationPlatform.DefaultModelDelivery.Metadata.FeatureCount.CrossDeviceUserSegment recorded 1 samples, mean = 4.0 (flags = 0x41)
0  ... 
4  -O                                                                        (1 = 100.0%) {0.0%}
5  ... 

Histogram: SegmentationPlatform.DefaultModelDelivery.Metadata.FeatureCount.DatabaseApiClients recorded 1 samples, mean = 3.0 (flags = 0x41)
0  ... 
3  -O                                                                        (1 = 100.0%) {0.0%}
4  ... 

Histogram: SegmentationPlatform.DefaultModelDelivery.Metadata.FeatureCount.DeviceSwitcher recorded 1 samples, mean = 1.0 (flags = 0x41)
0  O                                                                         (0 = 0.0%)
1  -O                                                                        (1 = 100.0%) {0.0%}
2  ... 

Histogram: SegmentationPlatform.DefaultModelDelivery.Metadata.FeatureCount.PasswordManagerUser recorded 1 samples, mean = 7.0 (flags = 0x41)
0  ... 
7  -O                                                                        (1 = 100.0%) {0.0%}
8  ... 

Histogram: SegmentationPlatform.DefaultModelDelivery.Metadata.FeatureCount.ResumeHeavyUserSegment recorded 1 samples, mean = 5.0 (flags = 0x41)
0  ... 
5  -O                                                                        (1 = 100.0%) {0.0%}
6  ... 

Histogram: SegmentationPlatform.DefaultModelDelivery.Metadata.FeatureCount.SearchUser recorded 1 samples, mean = 2.0 (flags = 0x41)
0  ... 
2  -O                                                                        (1 = 100.0%) {0.0%}
3  ... 

Histogram: SegmentationPlatform.DefaultModelDelivery.Metadata.FeatureCount.ShoppingUser recorded 1 samples, mean = 2.0 (flags = 0x41)
0  ... 
2  -O                                                                        (1 = 100.0%) {0.0%}
3  ... 

Histogram: SegmentationPlatform.DefaultModelDelivery.Metadata.FeatureCount.UrlVisitResumptionRanker recorded 1 samples, mean = 23.0 (flags = 0x41)
0   ... 
23  -O                                                                        (1 = 100.0%) {0.0%}
26  ... 

Histogram: SegmentationPlatform.DefaultModelDelivery.Metadata.Validation.Processed.ChromeLowUserEngagement recorded 1 samples, mean = 0.0 (flags = 0x41)
0  -O                                                                        (1 = 100.0%)
1  ... 

Histogram: SegmentationPlatform.DefaultModelDelivery.Metadata.Validation.Processed.ComposePromotion recorded 1 samples, mean = 0.0 (flags = 0x41)
0  -O                                                                        (1 = 100.0%)
1  ... 

Histogram: SegmentationPlatform.DefaultModelDelivery.Metadata.Validation.Processed.CrossDeviceUserSegment recorded 1 samples, mean = 0.0 (flags = 0x41)
0  -O                                                                        (1 = 100.0%)
1  ... 

Histogram: SegmentationPlatform.DefaultModelDelivery.Metadata.Validation.Processed.DatabaseApiClients recorded 1 samples, mean = 0.0 (flags = 0x41)
0  -O                                                                        (1 = 100.0%)
1  ... 

Histogram: SegmentationPlatform.DefaultModelDelivery.Metadata.Validation.Processed.DeviceSwitcher recorded 1 samples, mean = 0.0 (flags = 0x41)
0  -O                                                                        (1 = 100.0%)
1  ... 

Histogram: SegmentationPlatform.DefaultModelDelivery.Metadata.Validation.Processed.PasswordManagerUser recorded 1 samples, mean = 0.0 (flags = 0x41)
0  -O                                                                        (1 = 100.0%)
1  ... 

Histogram: SegmentationPlatform.DefaultModelDelivery.Metadata.Validation.Processed.ResumeHeavyUserSegment recorded 1 samples, mean = 0.0 (flags = 0x41)
0  -O                                                                        (1 = 100.0%)
1  ... 

Histogram: SegmentationPlatform.DefaultModelDelivery.Metadata.Validation.Processed.SearchUser recorded 1 samples, mean = 0.0 (flags = 0x41)
0  -O                                                                        (1 = 100.0%)
1  ... 

Histogram: SegmentationPlatform.DefaultModelDelivery.Metadata.Validation.Processed.ShoppingUser recorded 1 samples, mean = 0.0 (flags = 0x41)
0  -O                                                                        (1 = 100.0%)
1  ... 

Histogram: SegmentationPlatform.DefaultModelDelivery.Metadata.Validation.Processed.UrlVisitResumptionRanker recorded 1 samples, mean = 0.0 (flags = 0x41)
0  -O                                                                        (1 = 100.0%)
1  ... 

Histogram: SegmentationPlatform.DefaultModelDelivery.Received recorded 10 samples (flags = 0x41)
16    -O                                                                        (1 = 10.0%)
21    -O                                                                        (1 = 10.0%)
23    -O                                                                        (1 = 10.0%)
27    -O                                                                        (1 = 10.0%)
45    -O                                                                        (1 = 10.0%)
46    -O                                                                        (1 = 10.0%)
1001  -O                                                                        (1 = 10.0%)
1004  -O                                                                        (1 = 10.0%)
1007  -O                                                                        (1 = 10.0%)
1009  -O                                                                        (1 = 10.0%)

Histogram: SegmentationPlatform.DefaultModelDelivery.SaveResult.ChromeLowUserEngagement recorded 1 samples, mean = 1.0 (flags = 0x41)
0  O                                                                         (0 = 0.0%)
1  -O                                                                        (1 = 100.0%) {0.0%}
2  O                                                                         (0 = 0.0%) {100.0%}

Histogram: SegmentationPlatform.DefaultModelDelivery.SaveResult.ComposePromotion recorded 1 samples, mean = 1.0 (flags = 0x41)
0  O                                                                         (0 = 0.0%)
1  -O                                                                        (1 = 100.0%) {0.0%}
2  O                                                                         (0 = 0.0%) {100.0%}

Histogram: SegmentationPlatform.DefaultModelDelivery.SaveResult.CrossDeviceUserSegment recorded 1 samples, mean = 1.0 (flags = 0x41)
0  O                                                                         (0 = 0.0%)
1  -O                                                                        (1 = 100.0%) {0.0%}
2  O                                                                         (0 = 0.0%) {100.0%}

Histogram: SegmentationPlatform.DefaultModelDelivery.SaveResult.DatabaseApiClients recorded 1 samples, mean = 1.0 (flags = 0x41)
0  O                                                                         (0 = 0.0%)
1  -O                                                                        (1 = 100.0%) {0.0%}
2  O                                                                         (0 = 0.0%) {100.0%}

Histogram: SegmentationPlatform.DefaultModelDelivery.SaveResult.DeviceSwitcher recorded 1 samples, mean = 1.0 (flags = 0x41)
0  O                                                                         (0 = 0.0%)
1  -O                                                                        (1 = 100.0%) {0.0%}
2  O                                                                         (0 = 0.0%) {100.0%}

Histogram: SegmentationPlatform.DefaultModelDelivery.SaveResult.PasswordManagerUser recorded 1 samples, mean = 1.0 (flags = 0x41)
0  O                                                                         (0 = 0.0%)
1  -O                                                                        (1 = 100.0%) {0.0%}
2  O                                                                         (0 = 0.0%) {100.0%}

Histogram: SegmentationPlatform.DefaultModelDelivery.SaveResult.ResumeHeavyUserSegment recorded 1 samples, mean = 1.0 (flags = 0x41)
0  O                                                                         (0 = 0.0%)
1  -O                                                                        (1 = 100.0%) {0.0%}
2  O                                                                         (0 = 0.0%) {100.0%}

Histogram: SegmentationPlatform.DefaultModelDelivery.SaveResult.SearchUser recorded 1 samples, mean = 1.0 (flags = 0x41)
0  O                                                                         (0 = 0.0%)
1  -O                                                                        (1 = 100.0%) {0.0%}
2  O                                                                         (0 = 0.0%) {100.0%}

Histogram: SegmentationPlatform.DefaultModelDelivery.SaveResult.ShoppingUser recorded 1 samples, mean = 1.0 (flags = 0x41)
0  O                                                                         (0 = 0.0%)
1  -O                                                                        (1 = 100.0%) {0.0%}
2  O                                                                         (0 = 0.0%) {100.0%}

Histogram: SegmentationPlatform.DefaultModelDelivery.SaveResult.UrlVisitResumptionRanker recorded 1 samples, mean = 1.0 (flags = 0x41)
0  O                                                                         (0 = 0.0%)
1  -O                                                                        (1 = 100.0%) {0.0%}
2  O                                                                         (0 = 0.0%) {100.0%}

Histogram: SegmentationPlatform.DefaultModelDelivery.SegmentIdMatches.ChromeLowUserEngagement recorded 1 samples, mean = 1.0 (flags = 0x41)
0  O                                                                         (0 = 0.0%)
1  -O                                                                        (1 = 100.0%) {0.0%}
2  O                                                                         (0 = 0.0%) {100.0%}

Histogram: SegmentationPlatform.DefaultModelDelivery.SegmentIdMatches.ComposePromotion recorded 1 samples, mean = 1.0 (flags = 0x41)
0  O                                                                         (0 = 0.0%)
1  -O                                                                        (1 = 100.0%) {0.0%}
2  O                                                                         (0 = 0.0%) {100.0%}

Histogram: SegmentationPlatform.DefaultModelDelivery.SegmentIdMatches.CrossDeviceUserSegment recorded 1 samples, mean = 1.0 (flags = 0x41)
0  O                                                                         (0 = 0.0%)
1  -O                                                                        (1 = 100.0%) {0.0%}
2  O                                                                         (0 = 0.0%) {100.0%}

Histogram: SegmentationPlatform.DefaultModelDelivery.SegmentIdMatches.DatabaseApiClients recorded 1 samples, mean = 1.0 (flags = 0x41)
0  O                                                                         (0 = 0.0%)
1  -O                                                                        (1 = 100.0%) {0.0%}
2  O                                                                         (0 = 0.0%) {100.0%}

Histogram: SegmentationPlatform.DefaultModelDelivery.SegmentIdMatches.DeviceSwitcher recorded 1 samples, mean = 1.0 (flags = 0x41)
0  O                                                                         (0 = 0.0%)
1  -O                                                                        (1 = 100.0%) {0.0%}
2  O                                                                         (0 = 0.0%) {100.0%}

Histogram: SegmentationPlatform.DefaultModelDelivery.SegmentIdMatches.PasswordManagerUser recorded 1 samples, mean = 1.0 (flags = 0x41)
0  O                                                                         (0 = 0.0%)
1  -O                                                                        (1 = 100.0%) {0.0%}
2  O                                                                         (0 = 0.0%) {100.0%}

Histogram: SegmentationPlatform.DefaultModelDelivery.SegmentIdMatches.ResumeHeavyUserSegment recorded 1 samples, mean = 1.0 (flags = 0x41)
0  O                                                                         (0 = 0.0%)
1  -O                                                                        (1 = 100.0%) {0.0%}
2  O                                                                         (0 = 0.0%) {100.0%}

Histogram: SegmentationPlatform.DefaultModelDelivery.SegmentIdMatches.SearchUser recorded 1 samples, mean = 1.0 (flags = 0x41)
0  O                                                                         (0 = 0.0%)
1  -O                                                                        (1 = 100.0%) {0.0%}
2  O                                                                         (0 = 0.0%) {100.0%}

Histogram: SegmentationPlatform.DefaultModelDelivery.SegmentIdMatches.ShoppingUser recorded 1 samples, mean = 1.0 (flags = 0x41)
0  O                                                                         (0 = 0.0%)
1  -O                                                                        (1 = 100.0%) {0.0%}
2  O                                                                         (0 = 0.0%) {100.0%}

Histogram: SegmentationPlatform.DefaultModelDelivery.SegmentIdMatches.UrlVisitResumptionRanker recorded 1 samples, mean = 1.0 (flags = 0x41)
0  O                                                                         (0 = 0.0%)
1  -O                                                                        (1 = 100.0%) {0.0%}
2  O                                                                         (0 = 0.0%) {100.0%}

Histogram: SegmentationPlatform.DeviceSwitcher.PostProcessing.TopLabel.Computed recorded 1 samples (flags = 0x41)
7  -O                                                                        (1 = 100.0%)

Histogram: SegmentationPlatform.FeatureProcessing.Error.DeviceSwitcher recorded 1 samples, mean = 7.0 (flags = 0x41)
0  ... 
7  -O                                                                        (1 = 100.0%) {0.0%}
8  O                                                                         (0 = 0.0%) {100.0%}

Histogram: SegmentationPlatform.Init.CreationToInitializationLatency recorded 1 samples, mean = 7241.0 (flags = 0x41)
0     ... 
6296  -O                                                                        (1 = 100.0%) {0.0%}
8000  ... 

Histogram: SegmentationPlatform.Init.ModelUpdatedTimeDifferenceInDays.ChromeLowUserEngagement recorded 1 samples, mean = 0.0 (flags = 0x41)
0  -O                                                                        (1 = 100.0%)
1  ... 

Histogram: SegmentationPlatform.Init.ModelUpdatedTimeDifferenceInDays.ComposePromotion recorded 1 samples, mean = 0.0 (flags = 0x41)
0  -O                                                                        (1 = 100.0%)
1  ... 

Histogram: SegmentationPlatform.Init.ModelUpdatedTimeDifferenceInDays.CrossDeviceUserSegment recorded 1 samples, mean = 0.0 (flags = 0x41)
0  -O                                                                        (1 = 100.0%)
1  ... 

Histogram: SegmentationPlatform.Init.ModelUpdatedTimeDifferenceInDays.DatabaseApiClients recorded 1 samples, mean = 0.0 (flags = 0x41)
0  -O                                                                        (1 = 100.0%)
1  ... 

Histogram: SegmentationPlatform.Init.ModelUpdatedTimeDifferenceInDays.DeviceSwitcher recorded 1 samples, mean = 0.0 (flags = 0x41)
0  -O                                                                        (1 = 100.0%)
1  ... 

Histogram: SegmentationPlatform.Init.ModelUpdatedTimeDifferenceInDays.PasswordManagerUser recorded 1 samples, mean = 0.0 (flags = 0x41)
0  -O                                                                        (1 = 100.0%)
1  ... 

Histogram: SegmentationPlatform.Init.ModelUpdatedTimeDifferenceInDays.ResumeHeavyUserSegment recorded 1 samples, mean = 0.0 (flags = 0x41)
0  -O                                                                        (1 = 100.0%)
1  ... 

Histogram: SegmentationPlatform.Init.ModelUpdatedTimeDifferenceInDays.SearchUser recorded 1 samples, mean = 0.0 (flags = 0x41)
0  -O                                                                        (1 = 100.0%)
1  ... 

Histogram: SegmentationPlatform.Init.ModelUpdatedTimeDifferenceInDays.ShoppingUser recorded 1 samples, mean = 0.0 (flags = 0x41)
0  -O                                                                        (1 = 100.0%)
1  ... 

Histogram: SegmentationPlatform.Init.ModelUpdatedTimeDifferenceInDays.UrlVisitResumptionRanker recorded 1 samples, mean = 0.0 (flags = 0x41)
0  -O                                                                        (1 = 100.0%)
1  ... 

Histogram: SegmentationPlatform.Init.ProcessCreationToServiceCreationLatency recorded 1 samples, mean = 2822308.0 (flags = 0x41)
0       ... 
180000  -O                                                                        (1 = 100.0%) {0.0%}

Histogram: SegmentationPlatform.Maintenance.CleanupSignalSuccessCount recorded 1 samples, mean = 0.0 (flags = 0x41)
0  -O                                                                        (1 = 100.0%)
1  ... 

Histogram: SegmentationPlatform.Maintenance.SignalIdentifierCount recorded 1 samples, mean = 20.0 (flags = 0x41)
0   ... 
20  -O                                                                        (1 = 100.0%) {0.0%}
23  ... 

Histogram: SegmentationPlatform.ModelAvailability.ChromeLowUserEngagement recorded 1 samples, mean = 0.0 (flags = 0x41)
0  -O                                                                        (1 = 100.0%)
1  ... 

Histogram: SegmentationPlatform.ModelAvailability.ComposePromotion recorded 1 samples, mean = 0.0 (flags = 0x41)
0  -O                                                                        (1 = 100.0%)
1  ... 

Histogram: SegmentationPlatform.ModelAvailability.DeviceSwitcher recorded 1 samples, mean = 0.0 (flags = 0x41)
0  -O                                                                        (1 = 100.0%)
1  ... 

Histogram: SegmentationPlatform.ModelAvailability.SearchUser recorded 1 samples, mean = 0.0 (flags = 0x41)
0  -O                                                                        (1 = 100.0%)
1  ... 

Histogram: SegmentationPlatform.ModelAvailability.ShoppingUser recorded 1 samples, mean = 0.0 (flags = 0x41)
0  -O                                                                        (1 = 100.0%)
1  ... 

Histogram: SegmentationPlatform.ModelAvailability.UrlVisitResumptionRanker recorded 1 samples, mean = 0.0 (flags = 0x41)
0  -O                                                                        (1 = 100.0%)
1  ... 

Histogram: SegmentationPlatform.ModelAvailability.WebAppInstallationPromo recorded 1 samples, mean = 0.0 (flags = 0x41)
0  -O                                                                        (1 = 100.0%)
1  ... 

Histogram: SegmentationPlatform.ModelExecution.DefaultProvider.Status.DeviceSwitcher recorded 1 samples, mean = 0.0 (flags = 0x41)
0  -O                                                                        (1 = 100.0%)
1  ... 

Histogram: SegmentationPlatform.ModelExecution.Duration.Model.DeviceSwitcher.Success recorded 1 samples, mean = 0.0 (flags = 0x41)
0  -O                                                                        (1 = 100.0%)
1  ... 

Histogram: SegmentationPlatform.ModelExecution.Duration.Total.DeviceSwitcher.Success recorded 1 samples, mean = 60072.0 (flags = 0x41)
0      ... 
10000  -O                                                                        (1 = 100.0%) {0.0%}

Histogram: SegmentationPlatform.ModelExecution.Result.0.DeviceSwitcher recorded 1 samples, mean = 0.0 (flags = 0x41)
0  -O                                                                        (1 = 100.0%)
1  ... 

Histogram: SegmentationPlatform.ModelExecution.Result.1.DeviceSwitcher recorded 1 samples, mean = 0.0 (flags = 0x41)
0  -O                                                                        (1 = 100.0%)
1  ... 

Histogram: SegmentationPlatform.ModelExecution.Result.2.DeviceSwitcher recorded 1 samples, mean = 0.0 (flags = 0x41)
0  -O                                                                        (1 = 100.0%)
1  ... 

Histogram: SegmentationPlatform.ModelExecution.Result.3.DeviceSwitcher recorded 1 samples, mean = 0.0 (flags = 0x41)
0  -O                                                                        (1 = 100.0%)
1  ... 

Histogram: SegmentationPlatform.ModelExecution.Result.4.DeviceSwitcher recorded 1 samples, mean = 0.0 (flags = 0x41)
0  -O                                                                        (1 = 100.0%)
1  ... 

Histogram: SegmentationPlatform.ModelExecution.Result.5.DeviceSwitcher recorded 1 samples, mean = 0.0 (flags = 0x41)
0  -O                                                                        (1 = 100.0%)
1  ... 

Histogram: SegmentationPlatform.ModelExecution.Result.6.DeviceSwitcher recorded 1 samples, mean = 0.0 (flags = 0x41)
0  -O                                                                        (1 = 100.0%)
1  ... 

Histogram: SegmentationPlatform.ModelExecution.Result.7.DeviceSwitcher recorded 1 samples, mean = 100.0 (flags = 0x41)
0    ... 
100  -O                                                                        (1 = 100.0%) {0.0%}
101  O                                                                         (0 = 0.0%) {100.0%}

Histogram: SegmentationPlatform.ModelExecution.ZeroValuePercent.DeviceSwitcher recorded 1 samples, mean = 90.0 (flags = 0x41)
0   ... 
90  -O                                                                        (1 = 100.0%) {0.0%}
91  ... 

Histogram: SegmentationPlatform.SegmentInfoDatabase.ProtoDBUpdateResult.ChromeLowUserEngagement recorded 1 samples, mean = 1.0 (flags = 0x41)
0  O                                                                         (0 = 0.0%)
1  -O                                                                        (1 = 100.0%) {0.0%}
2  O                                                                         (0 = 0.0%) {100.0%}

Histogram: SegmentationPlatform.SegmentInfoDatabase.ProtoDBUpdateResult.ComposePromotion recorded 1 samples, mean = 1.0 (flags = 0x41)
0  O                                                                         (0 = 0.0%)
1  -O                                                                        (1 = 100.0%) {0.0%}
2  O                                                                         (0 = 0.0%) {100.0%}

Histogram: SegmentationPlatform.SegmentInfoDatabase.ProtoDBUpdateResult.CrossDeviceUserSegment recorded 1 samples, mean = 1.0 (flags = 0x41)
0  O                                                                         (0 = 0.0%)
1  -O                                                                        (1 = 100.0%) {0.0%}
2  O                                                                         (0 = 0.0%) {100.0%}

Histogram: SegmentationPlatform.SegmentInfoDatabase.ProtoDBUpdateResult.DatabaseApiClients recorded 1 samples, mean = 1.0 (flags = 0x41)
0  O                                                                         (0 = 0.0%)
1  -O                                                                        (1 = 100.0%) {0.0%}
2  O                                                                         (0 = 0.0%) {100.0%}

Histogram: SegmentationPlatform.SegmentInfoDatabase.ProtoDBUpdateResult.DeviceSwitcher recorded 1 samples, mean = 1.0 (flags = 0x41)
0  O                                                                         (0 = 0.0%)
1  -O                                                                        (1 = 100.0%) {0.0%}
2  O                                                                         (0 = 0.0%) {100.0%}

Histogram: SegmentationPlatform.SegmentInfoDatabase.ProtoDBUpdateResult.PasswordManagerUser recorded 1 samples, mean = 1.0 (flags = 0x41)
0  O                                                                         (0 = 0.0%)
1  -O                                                                        (1 = 100.0%) {0.0%}
2  O                                                                         (0 = 0.0%) {100.0%}

Histogram: SegmentationPlatform.SegmentInfoDatabase.ProtoDBUpdateResult.ResumeHeavyUserSegment recorded 1 samples, mean = 1.0 (flags = 0x41)
0  O                                                                         (0 = 0.0%)
1  -O                                                                        (1 = 100.0%) {0.0%}
2  O                                                                         (0 = 0.0%) {100.0%}

Histogram: SegmentationPlatform.SegmentInfoDatabase.ProtoDBUpdateResult.SearchUser recorded 1 samples, mean = 1.0 (flags = 0x41)
0  O                                                                         (0 = 0.0%)
1  -O                                                                        (1 = 100.0%) {0.0%}
2  O                                                                         (0 = 0.0%) {100.0%}

Histogram: SegmentationPlatform.SegmentInfoDatabase.ProtoDBUpdateResult.ShoppingUser recorded 1 samples, mean = 1.0 (flags = 0x41)
0  O                                                                         (0 = 0.0%)
1  -O                                                                        (1 = 100.0%) {0.0%}
2  O                                                                         (0 = 0.0%) {100.0%}

Histogram: SegmentationPlatform.SegmentInfoDatabase.ProtoDBUpdateResult.UrlVisitResumptionRanker recorded 1 samples, mean = 1.0 (flags = 0x41)
0  O                                                                         (0 = 0.0%)
1  -O                                                                        (1 = 100.0%) {0.0%}
2  O                                                                         (0 = 0.0%) {100.0%}

Histogram: SegmentationPlatform.SegmentInfoDatabase.ProtoDBUpdateResult.WebAppInstallationPromo recorded 1 samples, mean = 1.0 (flags = 0x41)
0  O                                                                         (0 = 0.0%)
1  -O                                                                        (1 = 100.0%) {0.0%}
2  O                                                                         (0 = 0.0%) {100.0%}

Histogram: SegmentationPlatform.SelectionFailedReason.ChromeLowUserEngagement recorded 2 samples, mean = 14.5 (flags = 0x41)
0   ... 
12  -O                                                                        (1 = 50.0%) {0.0%}
13  ... 
17  -O                                                                        (1 = 50.0%) {50.0%}
18  ... 

Histogram: SegmentationPlatform.SelectionFailedReason.ComposePromotion recorded 1 samples, mean = 17.0 (flags = 0x41)
0   ... 
17  -O                                                                        (1 = 100.0%) {0.0%}
18  ... 

Histogram: SegmentationPlatform.SelectionFailedReason.CrossDeviceUser recorded 2 samples, mean = 14.5 (flags = 0x41)
0   ... 
12  -O                                                                        (1 = 50.0%) {0.0%}
13  ... 
17  -O                                                                        (1 = 50.0%) {50.0%}
18  ... 

Histogram: SegmentationPlatform.SelectionFailedReason.DatabaseApiClients recorded 1 samples, mean = 17.0 (flags = 0x41)
0   ... 
17  -O                                                                        (1 = 100.0%) {0.0%}
18  ... 

Histogram: SegmentationPlatform.SelectionFailedReason.DeviceSwitcher recorded 2 samples, mean = 19.0 (flags = 0x41)
0   ... 
17  -O                                                                        (1 = 50.0%) {0.0%}
18  ... 
21  -O                                                                        (1 = 50.0%) {50.0%}
22  ... 

Histogram: SegmentationPlatform.SelectionFailedReason.PasswordManagerUser recorded 2 samples, mean = 14.5 (flags = 0x41)
0   ... 
12  -O                                                                        (1 = 50.0%) {0.0%}
13  ... 
17  -O                                                                        (1 = 50.0%) {50.0%}
18  ... 

Histogram: SegmentationPlatform.SelectionFailedReason.ResumeHeavyUser recorded 2 samples, mean = 14.5 (flags = 0x41)
0   ... 
12  -O                                                                        (1 = 50.0%) {0.0%}
13  ... 
17  -O                                                                        (1 = 50.0%) {50.0%}
18  ... 

Histogram: SegmentationPlatform.SelectionFailedReason.SearchUser recorded 2 samples, mean = 14.5 (flags = 0x41)
0   ... 
12  -O                                                                        (1 = 50.0%) {0.0%}
13  ... 
17  -O                                                                        (1 = 50.0%) {50.0%}
18  ... 

Histogram: SegmentationPlatform.SelectionFailedReason.ShoppingUser recorded 2 samples, mean = 14.5 (flags = 0x41)
0   ... 
12  -O                                                                        (1 = 50.0%) {0.0%}
13  ... 
17  -O                                                                        (1 = 50.0%) {50.0%}
18  ... 

Histogram: SegmentationPlatform.SelectionFailedReason.URLVisitResumptionRanker recorded 1 samples, mean = 17.0 (flags = 0x41)
0   ... 
17  -O                                                                        (1 = 100.0%) {0.0%}
18  ... 

Histogram: SegmentationPlatform.SelectionFailedReason.WebAppInstallationPromo recorded 5 samples, mean = 17.4 (flags = 0x41)
0   ... 
11  --O                                                                       (2 = 40.0%) {0.0%}
12  ... 
17  -O                                                                        (1 = 20.0%) {40.0%}
18  ... 
24  --O                                                                       (2 = 40.0%) {60.0%}
25  ... 

Histogram: SegmentationPlatform.Signals.ListeningCount.HistogramEnum recorded 1 samples, mean = 7.0 (flags = 0x41)
0  ... 
7  -O                                                                        (1 = 100.0%) {0.0%}
8  ... 

Histogram: SegmentationPlatform.Signals.ListeningCount.HistogramValue recorded 1 samples, mean = 6.0 (flags = 0x41)
0  ... 
6  -O                                                                        (1 = 100.0%) {0.0%}
7  ... 

Histogram: SegmentationPlatform.Signals.ListeningCount.UserAction recorded 1 samples, mean = 7.0 (flags = 0x41)
0  ... 
7  -O                                                                        (1 = 100.0%) {0.0%}
8  ... 

Histogram: SegmentationPlatform.SyncSessions.TabsCountAtStartup recorded 1 samples, mean = 0.0 (flags = 0x41)
0  -O                                                                        (1 = 100.0%)
1  ... 

Histogram: SegmentationPlatform.UkmDatabase.InitTime recorded 1 samples, mean = 1.0 (flags = 0x41)
0  O                                                                         (0 = 0.0%)
1  -O                                                                        (1 = 100.0%) {0.0%}
2  ... 

Histogram: SegmentationPlatform.WebAppInstallationPromo.PostProcessing.TopLabel.Computed recorded 2 samples (flags = 0x41)
-2 --O                                                                       (2 = 100.0%)

Histogram: ServiceWorker.FindRegistrationForClientUrl.IsCalledForNavigation recorded 6 samples, mean = 0.2 (flags = 0x41)
0  -----O                                                                    (5 = 83.3%)
1  -O                                                                        (1 = 16.7%) {83.3%}
2  O                                                                         (0 = 0.0%) {100.0%}

Histogram: ServiceWorker.FindRegistrationForClientUrl.SkippedMojoCall.OnNavigation recorded 1 samples, mean = 0.0 (flags = 0x41)
0  -O                                                                        (1 = 100.0%)
1  ... 

Histogram: ServiceWorker.OnBrowserStartup.SkipServiceWorkerOnFirstNavigation recorded 1 samples, mean = 0.0 (flags = 0x41)
0  -O                                                                        (1 = 100.0%)
1  ... 

Histogram: ServiceWorker.RegisteredStorageKeyCount recorded 1 samples, mean = 0.0 (flags = 0x41)
0  -O                                                                        (1 = 100.0%)
1  ... 

Histogram: ServiceWorker.SkipCallingFindRegistrationForClientUrl recorded 1 samples, mean = 1.0 (flags = 0x41)
0  O                                                                         (0 = 0.0%)
1  -O                                                                        (1 = 100.0%) {0.0%}
2  O                                                                         (0 = 0.0%) {100.0%}

Histogram: ServiceWorker.Storage.ReadInitialDataFromDB.Time recorded 1 samples, mean = 0.0 (flags = 0x41)
0  -O                                                                        (1 = 100.0%)
1  ... 

Histogram: ServiceWorker.Storage.RegisteredStorageKeyCacheInitialization.Time recorded 1 samples, mean = 3971.0 (flags = 0x41)
0     ... 
3900  -O                                                                        (1 = 100.0%) {0.0%}
4955  ... 

Histogram: SessionRestore.UnrecoverableWriteErrorCount recorded 1 samples, mean = 0.0 (flags = 0x41)
0  -O                                                                        (1 = 100.0%)
1  ... 

Histogram: SessionStorageContext.CommitResult recorded 2 samples, mean = 0.0 (flags = 0x41)
0  --O                                                                       (2 = 100.0%)
1  ... 

Histogram: Settings.AdvancedSpellcheck.OnStartup2 recorded 1 samples, mean = 0.0 (flags = 0x41)
0  -O                                                                        (1 = 100.0%)
1  ... 

Histogram: Settings.AutocompleteSearches.OnStartup2 recorded 1 samples, mean = 1.0 (flags = 0x41)
0  O                                                                         (0 = 0.0%)
1  -O                                                                        (1 = 100.0%) {0.0%}
2  O                                                                         (0 = 0.0%) {100.0%}

Histogram: Settings.FingerprintingProtection.Enabled recorded 1 samples, mean = 0.0 (flags = 0x41)
0  -O                                                                        (1 = 100.0%)
1  ... 

Histogram: Settings.FirstPartySets.State recorded 1 samples, mean = 0.0 (flags = 0x41)
0  -O                                                                        (1 = 100.0%)
1  ... 

Histogram: Settings.IpProtection.Enabled recorded 1 samples, mean = 0.0 (flags = 0x41)
0  -O                                                                        (1 = 100.0%)
1  ... 

Histogram: Settings.PreloadStatus.OnStartup3 recorded 1 samples, mean = 1.0 (flags = 0x41)
0  O                                                                         (0 = 0.0%)
1  -O                                                                        (1 = 100.0%) {0.0%}
2  ... 

Histogram: Settings.PrivacySandbox.AdMeasurement.Enabled recorded 1 samples, mean = 0.0 (flags = 0x41)
0  -O                                                                        (1 = 100.0%)
1  ... 

Histogram: Settings.PrivacySandbox.Fledge.Enabled recorded 1 samples, mean = 0.0 (flags = 0x41)
0  -O                                                                        (1 = 100.0%)
1  ... 

Histogram: Settings.PrivacySandbox.Topics.Enabled recorded 1 samples, mean = 0.0 (flags = 0x41)
0  -O                                                                        (1 = 100.0%)
1  ... 

Histogram: Settings.ShowHomeButton2 recorded 1 samples, mean = 0.0 (flags = 0x41)
0  -O                                                                        (1 = 100.0%)
1  ... 

Histogram: Settings.StartupPageLoadSettings2 recorded 1 samples, mean = 5.0 (flags = 0x41)
0  ... 
5  -O                                                                        (1 = 100.0%) {0.0%}
6  ... 

Histogram: Settings.TrackedPreferenceChanged.FromRegistry recorded 1 samples, mean = 5.0 (flags = 0x41)
0  ... 
5  -O                                                                        (1 = 100.0%) {0.0%}
6  ... 

Histogram: Settings.TrackedPreferenceUnchanged recorded 18 samples, mean = 14.5 (flags = 0x41)
0   -O                                                                        (1 = 5.6%)
1   -O                                                                        (1 = 5.6%) {5.6%}
2   -O                                                                        (1 = 5.6%) {11.1%}
3   -O                                                                        (1 = 5.6%) {16.7%}
4   -O                                                                        (1 = 5.6%) {22.2%}
5   -O                                                                        (1 = 5.6%) {27.8%}
6   -O                                                                        (1 = 5.6%) {33.3%}
7   -O                                                                        (1 = 5.6%) {38.9%}
8   ... 
11  -O                                                                        (1 = 5.6%) {44.4%}
12  ... 
14  -O                                                                        (1 = 5.6%) {50.0%}
15  -O                                                                        (1 = 5.6%) {55.6%}
16  ... 
18  -O                                                                        (1 = 5.6%) {61.1%}
19  ... 
23  -O                                                                        (1 = 5.6%) {66.7%}
24  -O                                                                        (1 = 5.6%) {72.2%}
25  ... 
29  -O                                                                        (1 = 5.6%) {77.8%}
30  ... 
32  -O                                                                        (1 = 5.6%) {83.3%}
33  -O                                                                        (1 = 5.6%) {88.9%}
34  -O                                                                        (1 = 5.6%) {94.4%}
35  O                                                                         (0 = 0.0%) {100.0%}

Histogram: Settings.TrackedPreferenceUnchanged.FromRegistry recorded 17 samples, mean = 15.1 (flags = 0x41)
0   -O                                                                        (1 = 5.9%)
1   -O                                                                        (1 = 5.9%) {5.9%}
2   -O                                                                        (1 = 5.9%) {11.8%}
3   -O                                                                        (1 = 5.9%) {17.6%}
4   -O                                                                        (1 = 5.9%) {23.5%}
5   O                                                                         (0 = 0.0%) {29.4%}
6   -O                                                                        (1 = 5.9%) {29.4%}
7   -O                                                                        (1 = 5.9%) {35.3%}
8   ... 
11  -O                                                                        (1 = 5.9%) {41.2%}
12  ... 
14  -O                                                                        (1 = 5.9%) {47.1%}
15  -O                                                                        (1 = 5.9%) {52.9%}
16  ... 
18  -O                                                                        (1 = 5.9%) {58.8%}
19  ... 
23  -O                                                                        (1 = 5.9%) {64.7%}
24  -O                                                                        (1 = 5.9%) {70.6%}
25  ... 
29  -O                                                                        (1 = 5.9%) {76.5%}
30  ... 
32  -O                                                                        (1 = 5.9%) {82.4%}
33  -O                                                                        (1 = 5.9%) {88.2%}
34  -O                                                                        (1 = 5.9%) {94.1%}
35  O                                                                         (0 = 0.0%) {100.0%}

Histogram: Settings.TrackingProtection.Enabled recorded 1 samples, mean = 0.0 (flags = 0x41)
0  -O                                                                        (1 = 100.0%)
1  ... 

Histogram: SharedDictionary.TimeInitializeDB recorded 1 samples, mean = 2.0 (flags = 0x41)
0  ... 
2  -O                                                                        (1 = 100.0%) {0.0%}
3  ... 

Histogram: Signin.APIKeyMatchesFeatureOnStartup recorded 3 samples, mean = 0.0 (flags = 0x41)
0  ---O                                                                      (3 = 100.0%)
1  ... 

Histogram: Signin.AccountTracker.CountOfLoadedAccounts recorded 1 samples, mean = 0.0 (flags = 0x41)
0  -O                                                                        (1 = 100.0%)
1  ... 

Histogram: Signin.ExplicitSigninMigration recorded 1 samples, mean = 0.0 (flags = 0x41)
0  -O                                                                        (1 = 100.0%)
1  ... 

Histogram: Signin.HadPreviousSyncAccount.SignedOutOnProfileLoad recorded 1 samples, mean = 0.0 (flags = 0x41)
0  -O                                                                        (1 = 100.0%)
1  ... 

Histogram: Signin.HadPreviousSyncAccount.SyncOffOnProfileLoad recorded 1 samples, mean = 0.0 (flags = 0x41)
0  -O                                                                        (1 = 100.0%)
1  ... 

Histogram: Signin.ListAccountsFailure recorded 1 samples, mean = 0.0 (flags = 0x41)
0  -O                                                                        (1 = 100.0%)
1  ... 

Histogram: Signin.PAMInitialize.PrimaryAccountPrefs recorded 1 samples, mean = 2.0 (flags = 0x41)
0  ... 
2  -O                                                                        (1 = 100.0%) {0.0%}
3  ... 

Histogram: Signin.SigninAllowed recorded 1 samples, mean = 0.0 (flags = 0x41)
0  -O                                                                        (1 = 100.0%)
1  ... 

Histogram: Signin.TokenTable.GetAllTokensSqlStatementValidity recorded 1 samples, mean = 1.0 (flags = 0x41)
0  O                                                                         (0 = 0.0%)
1  -O                                                                        (1 = 100.0%) {0.0%}
2  O                                                                         (0 = 0.0%) {100.0%}

Histogram: SimpleCache.App.CacheSizeOnInit recorded 1 samples, mean = 0.0 (flags = 0x41)
0  -O                                                                        (1 = 100.0%)
1000... 

Histogram: SimpleCache.App.ConsistencyResult recorded 1 samples, mean = 0.0 (flags = 0x41)
0  -O                                                                        (1 = 100.0%)
1  ... 

Histogram: SimpleCache.App.CreationToIndex recorded 1 samples, mean = 1.0 (flags = 0x41)
0  O                                                                         (0 = 0.0%)
1  -O                                                                        (1 = 100.0%) {0.0%}
2  ... 

Histogram: SimpleCache.App.IndexFileStateOnLoad recorded 1 samples, mean = 2.0 (flags = 0x41)
0  ... 
2  -O                                                                        (1 = 100.0%) {0.0%}
3  ... 

Histogram: SimpleCache.App.IndexInitializeMethod recorded 1 samples, mean = 1.0 (flags = 0x41)
0  O                                                                         (0 = 0.0%)
1  -O                                                                        (1 = 100.0%) {0.0%}
2  ... 

Histogram: SimpleCache.App.IndexNumEntriesOnInit recorded 1 samples, mean = 0.0 (flags = 0x41)
0  -O                                                                        (1 = 100.0%)
1  ... 

Histogram: SimpleCache.App.MaxCacheSizeOnInit recorded 1 samples, mean = 0.0 (flags = 0x41)
0  -O                                                                        (1 = 100.0%)
1000... 

Histogram: SimpleCache.Code.CacheSizeOnInit recorded 1 samples, mean = 17.0 (flags = 0x41)
0  -O                                                                        (1 = 100.0%)
1000... 

Histogram: SimpleCache.Code.ConsistencyResult recorded 1 samples, mean = 0.0 (flags = 0x41)
0  -O                                                                        (1 = 100.0%)
1  ... 

Histogram: SimpleCache.Code.CreationToIndex recorded 1 samples, mean = 1.0 (flags = 0x41)
0  O                                                                         (0 = 0.0%)
1  -O                                                                        (1 = 100.0%) {0.0%}
2  ... 

Histogram: SimpleCache.Code.DiskCloseLatency recorded 52 samples, mean = 0.2 (flags = 0x41)
0  ----------------------------------------------O                           (46 = 88.5%)
1  -----O                                                                    (5 = 9.6%) {88.5%}
2  ... 
5  -O                                                                        (1 = 1.9%) {98.1%}
6  ... 

Histogram: SimpleCache.Code.DiskCreateLatency recorded 6 samples, mean = 0.3 (flags = 0x40)
0  ----O                                                                     (4 = 66.7%)
1  --O                                                                       (2 = 33.3%) {66.7%}
2  ... 

Histogram: SimpleCache.Code.DiskDoomLatency recorded 1 samples, mean = 0.0 (flags = 0x41)
0  -O                                                                        (1 = 100.0%)
1  ... 

Histogram: SimpleCache.Code.DiskOpenLatency recorded 46 samples, mean = 0.0 (flags = 0x41)
0  ---------------------------------------------O                            (45 = 97.8%)
1  -O                                                                        (1 = 2.2%) {97.8%}
2  ... 

Histogram: SimpleCache.Code.DiskWriteLatency recorded 9 samples, mean = 1.0 (flags = 0x41)
0  -----O                                                                    (5 = 55.6%)
1  --O                                                                       (2 = 22.2%) {55.6%}
2  O                                                                         (0 = 0.0%) {77.8%}
3  -O                                                                        (1 = 11.1%) {77.8%}
4  -O                                                                        (1 = 11.1%) {88.9%}
5  ... 

Histogram: SimpleCache.Code.EntryCreationTime recorded 52 samples, mean = 0.2 (flags = 0x41)
0  ----------------------------------------------O                           (46 = 88.5%)
1  -----O                                                                    (5 = 9.6%) {88.5%}
2  ... 
8  -O                                                                        (1 = 1.9%) {98.1%}
10 ... 

Histogram: SimpleCache.Code.HeaderSize recorded 31 samples, mean = 732.4 (flags = 0x41)
0     -----O                                                                    (5 = 16.1%)
1     ... 
12    ----O                                                                     (4 = 12.9%) {16.1%}
14    ... 
34    ---O                                                                      (3 = 9.7%) {29.0%}
40    ... 
68    -----O                                                                    (5 = 16.1%) {38.7%}
81    ... 
318   -O                                                                        (1 = 3.2%) {54.8%}
378   ... 
633   ----O                                                                     (4 = 12.9%) {58.1%}
752   ... 
1062  --O                                                                       (2 = 6.5%) {71.0%}
1262  --O                                                                       (2 = 6.5%) {77.4%}
1500  -O                                                                        (1 = 3.2%) {83.9%}
1782  O                                                                         (0 = 0.0%) {87.1%}
2117  -O                                                                        (1 = 3.2%) {87.1%}
2516  -O                                                                        (1 = 3.2%) {90.3%}
2990  --O                                                                       (2 = 6.5%) {93.5%}
3553  ... 

Histogram: SimpleCache.Code.IndexFileStateOnLoad recorded 1 samples, mean = 2.0 (flags = 0x41)
0  ... 
2  -O                                                                        (1 = 100.0%) {0.0%}
3  ... 

Histogram: SimpleCache.Code.IndexInitializeMethod recorded 1 samples, mean = 1.0 (flags = 0x41)
0  O                                                                         (0 = 0.0%)
1  -O                                                                        (1 = 100.0%) {0.0%}
2  ... 

Histogram: SimpleCache.Code.IndexNumEntriesOnInit recorded 1 samples, mean = 23.0 (flags = 0x41)
0   ... 
20  -O                                                                        (1 = 100.0%) {0.0%}
25  ... 

Histogram: SimpleCache.Code.MaxCacheSizeOnInit recorded 1 samples, mean = 327680.0 (flags = 0x41)
0       ... 
297881  -O                                                                        (1 = 100.0%) {0.0%}
339058  ... 

Histogram: SimpleCache.Code.OpenEntryIndexState recorded 57 samples, mean = 1.8 (flags = 0x41)
0  O                                                                         (0 = 0.0%)
1  -----------O                                                              (11 = 19.3%) {0.0%}
2  ----------------------------------------------O                           (46 = 80.7%) {19.3%}
3  O                                                                         (0 = 0.0%) {100.0%}

Histogram: SimpleCache.Code.SyncCheckEOFResult recorded 46 samples, mean = 0.0 (flags = 0x40)
0  ----------------------------------------------O                           (46 = 100.0%)
1  ... 

Histogram: SimpleCache.Code.SyncCloseResult recorded 52 samples, mean = 0.0 (flags = 0x40)
0  ----------------------------------------------------O                     (52 = 100.0%)
1  ... 

Histogram: SimpleCache.Code.SyncOpenPrefetchMode recorded 46 samples, mean = 0.0 (flags = 0x41)
0  ----------------------------------------------O                           (46 = 100.0%)
1  ... 

Histogram: SimpleCache.Code.SyncOpenResult recorded 46 samples, mean = 0.0 (flags = 0x40)
0  ----------------------------------------------O                           (46 = 100.0%)
1  ... 

Histogram: SimpleCache.Code.SyncWriteResult recorded 9 samples, mean = 0.0 (flags = 0x40)
0  ---------O                                                                (9 = 100.0%)
1  ... 

Histogram: SiteEngagementService.EngagementScore recorded 1 samples, mean = 4.0 (flags = 0x41)
0  ... 
4  -O                                                                        (1 = 100.0%) {0.0%}
5  ... 

Histogram: SiteEngagementService.EngagementType recorded 2 samples, mean = 0.0 (flags = 0x41)
0  --O                                                                       (2 = 100.0%)
1  ... 

Histogram: SiteEngagementService.MeanEngagement recorded 1 samples, mean = 4.0 (flags = 0x41)
0  ... 
4  -O                                                                        (1 = 100.0%) {0.0%}
5  ... 

Histogram: SiteEngagementService.MedianEngagement recorded 1 samples, mean = 4.0 (flags = 0x41)
0  ... 
4  -O                                                                        (1 = 100.0%) {0.0%}
5  ... 

Histogram: SiteEngagementService.OriginsEngaged recorded 1 samples, mean = 1.0 (flags = 0x41)
0  O                                                                         (0 = 0.0%)
1  -O                                                                        (1 = 100.0%) {0.0%}
2  ... 

Histogram: SiteIsolatedCodeCache.JS.Behaviour recorded 58 samples, mean = 1.8 (flags = 0x41)
0  ---------------------O                                                    (21 = 36.2%)
1  -----O                                                                    (5 = 8.6%) {36.2%}
2  -O                                                                        (1 = 1.7%) {44.8%}
3  -------------------------O                                                (25 = 43.1%) {46.6%}
4  ------O                                                                   (6 = 10.3%) {89.7%}
5  ... 

Histogram: SiteIsolatedCodeCache.JS.FetchCodeCache recorded 21 samples, mean = 0.0 (flags = 0x41)
0  --------------------O                                                     (20 = 95.2%)
1  -O                                                                        (1 = 4.8%) {95.2%}
2  ... 

Histogram: SiteIsolatedCodeCache.JS.Hit recorded 26 samples, mean = 0.8 (flags = 0x41)
0  -----O                                                                    (5 = 19.2%)
1  ---------------------O                                                    (21 = 80.8%) {19.2%}
2  O                                                                         (0 = 0.0%) {100.0%}

Histogram: SiteIsolatedCodeCache.JS.PotentialMemoryBackedCodeCacheHit recorded 26 samples, mean = 0.0 (flags = 0x41)
0  --------------------------O                                               (26 = 100.0%)
1  ... 

Histogram: SiteIsolatedCodeCache.JS.PotentialMemoryBackedCodeCacheSize2 recorded 8 samples, mean = 1669751.0 (flags = 0x41)
0        ... 
1404020  --------O                                                                 (8 = 100.0%) {0.0%}
2016476  ... 

Histogram: SiteIsolatedCodeCache.WASM.Behaviour recorded 11 samples, mean = 1.0 (flags = 0x41)
0  O                                                                         (0 = 0.0%)
1  -----------O                                                              (11 = 100.0%) {0.0%}
2  ... 

Histogram: SiteIsolation.BrowsingInstance.MaxCountPerProcess recorded 3 samples, mean = 0.7 (flags = 0x41)
0  -O                                                                        (1 = 33.3%)
1  --O                                                                       (2 = 66.7%) {33.3%}
2  ... 

Histogram: SiteIsolation.NewProcessUsedForNavigationWhenSameSiteProcessExists recorded 1 samples, mean = 0.0 (flags = 0x41)
0  -O                                                                        (1 = 100.0%)
1  ... 

Histogram: SiteIsolation.ProcessPerSiteWithMainFrameThreshold.IsDevToolsUser recorded 1 samples, mean = 0.0 (flags = 0x41)
0  -O                                                                        (1 = 100.0%)
1  ... 

Histogram: Skia.SubmitRenderPasses recorded 25 samples, mean = 1.6 (flags = 0x41)
0  -------------O                                                            (13 = 52.0%)
1  --O                                                                       (2 = 8.0%) {52.0%}
2  -O                                                                        (1 = 4.0%) {60.0%}
3  O                                                                         (0 = 0.0%) {64.0%}
4  ---------O                                                                (9 = 36.0%) {64.0%}
5  ... 

Histogram: Sql.Statement.Affiliation.VMSteps recorded 15 samples, mean = 15.5 (flags = 0x41)
0   ... 
3   ----O                                                                     (4 = 26.7%) {0.0%}
4   O                                                                         (0 = 0.0%) {26.7%}
5   -O                                                                        (1 = 6.7%) {26.7%}
6   -O                                                                        (1 = 6.7%) {33.3%}
7   ... 
12  -----O                                                                    (5 = 33.3%) {40.0%}
14  ... 
20  -O                                                                        (1 = 6.7%) {73.3%}
24  O                                                                         (0 = 0.0%) {80.0%}
29  -O                                                                        (1 = 6.7%) {80.0%}
34  O                                                                         (0 = 0.0%) {86.7%}
40  -O                                                                        (1 = 6.7%) {86.7%}
48  -O                                                                        (1 = 6.7%) {93.3%}
57  ... 

Histogram: Sql.Statement.BrowsingTopics.VMSteps recorded 12 samples, mean = 8.0 (flags = 0x41)
0   ... 
3   ----O                                                                     (4 = 33.3%) {0.0%}
4   O                                                                         (0 = 0.0%) {33.3%}
5   -O                                                                        (1 = 8.3%) {33.3%}
6   ... 
8   --O                                                                       (2 = 16.7%) {41.7%}
10  O                                                                         (0 = 0.0%) {58.3%}
12  -----O                                                                    (5 = 41.7%) {58.3%}
14  ... 

Histogram: Sql.Statement.Cookie.VMSteps recorded 27 samples, mean = 17.4 (flags = 0x41)
0   ... 
3   ------O                                                                   (6 = 22.2%) {0.0%}
4   O                                                                         (0 = 0.0%) {22.2%}
5   --O                                                                       (2 = 7.4%) {22.2%}
6   O                                                                         (0 = 0.0%) {29.6%}
7   -O                                                                        (1 = 3.7%) {29.6%}
8   ... 
12  ----------O                                                               (10 = 37.0%) {33.3%}
14  ... 
20  ---O                                                                      (3 = 11.1%) {70.4%}
24  ... 
34  -O                                                                        (1 = 3.7%) {81.5%}
40  O                                                                         (0 = 0.0%) {85.2%}
48  ---O                                                                      (3 = 11.1%) {85.2%}
57  -O                                                                        (1 = 3.7%) {96.3%}
68  ... 

Histogram: Sql.Statement.DIPS.VMSteps recorded 25 samples, mean = 13.5 (flags = 0x41)
0   ... 
3   --O                                                                       (2 = 8.0%) {0.0%}
4   O                                                                         (0 = 0.0%) {8.0%}
5   -O                                                                        (1 = 4.0%) {8.0%}
6   ... 
8   ---O                                                                      (3 = 12.0%) {12.0%}
10  -O                                                                        (1 = 4.0%) {24.0%}
12  ----------O                                                               (10 = 40.0%) {28.0%}
14  --O                                                                       (2 = 8.0%) {68.0%}
17  --O                                                                       (2 = 8.0%) {76.0%}
20  --O                                                                       (2 = 8.0%) {84.0%}
24  -O                                                                        (1 = 4.0%) {92.0%}
29  -O                                                                        (1 = 4.0%) {96.0%}
34  ... 

Histogram: Sql.Statement.FirstPartySets.VMSteps recorded 31 samples, mean = 9.2 (flags = 0x41)
0   ... 
3   ----------O                                                               (10 = 32.3%) {0.0%}
4   O                                                                         (0 = 0.0%) {32.3%}
5   -O                                                                        (1 = 3.2%) {32.3%}
6   ... 
8   ----O                                                                     (4 = 12.9%) {35.5%}
10  ---O                                                                      (3 = 9.7%) {48.4%}
12  -----------O                                                              (11 = 35.5%) {58.1%}
14  ... 
20  -O                                                                        (1 = 3.2%) {93.5%}
24  -O                                                                        (1 = 3.2%) {96.8%}
29  ... 

Histogram: Sql.Statement.History.VMSteps recorded 123 samples, mean = 25.4 (flags = 0x41)
0    ... 
3    --------O                                                                 (8 = 6.5%) {0.0%}
4    O                                                                         (0 = 0.0%) {6.5%}
5    -O                                                                        (1 = 0.8%) {6.5%}
6    --O                                                                       (2 = 1.6%) {7.3%}
7    O                                                                         (0 = 0.0%) {8.9%}
8    ----O                                                                     (4 = 3.3%) {8.9%}
10   -----O                                                                    (5 = 4.1%) {12.2%}
12   ------------------------O                                                 (24 = 19.5%) {16.3%}
14   ----O                                                                     (4 = 3.3%) {35.8%}
17   ------------------------O                                                 (24 = 19.5%) {39.0%}
20   ------------------O                                                       (18 = 14.6%) {58.5%}
24   ----------O                                                               (10 = 8.1%) {73.2%}
29   ----O                                                                     (4 = 3.3%) {81.3%}
34   -----O                                                                    (5 = 4.1%) {84.6%}
40   -O                                                                        (1 = 0.8%) {88.6%}
48   -O                                                                        (1 = 0.8%) {89.4%}
57   -O                                                                        (1 = 0.8%) {90.2%}
68   ------O                                                                   (6 = 4.9%) {91.1%}
81   -O                                                                        (1 = 0.8%) {95.9%}
96   -O                                                                        (1 = 0.8%) {96.7%}
114  O                                                                         (0 = 0.0%) {97.6%}
135  ---O                                                                      (3 = 2.4%) {97.6%}
160  ... 

Histogram: Sql.Statement.OptOutBlacklist.VMSteps recorded 4 samples, mean = 10.8 (flags = 0x41)
0   ... 
5   -O                                                                        (1 = 25.0%) {0.0%}
6   O                                                                         (0 = 0.0%) {25.0%}
7   -O                                                                        (1 = 25.0%) {25.0%}
8   O                                                                         (0 = 0.0%) {50.0%}
10  -O                                                                        (1 = 25.0%) {50.0%}
12  ... 
20  -O                                                                        (1 = 25.0%) {75.0%}
24  ... 

Histogram: Sql.Statement.Passwords.VMSteps recorded 51 samples, mean = 24.6 (flags = 0x41)
0   ... 
3   ----O                                                                     (4 = 7.8%) {0.0%}
4   O                                                                         (0 = 0.0%) {7.8%}
5   --O                                                                       (2 = 3.9%) {7.8%}
6   ------O                                                                   (6 = 11.8%) {11.8%}
7   ----O                                                                     (4 = 7.8%) {23.5%}
8   ---O                                                                      (3 = 5.9%) {31.4%}
10  O                                                                         (0 = 0.0%) {37.3%}
12  ------------O                                                             (12 = 23.5%) {37.3%}
14  --O                                                                       (2 = 3.9%) {60.8%}
17  O                                                                         (0 = 0.0%) {64.7%}
20  --O                                                                       (2 = 3.9%) {64.7%}
24  ... 
34  --O                                                                       (2 = 3.9%) {68.6%}
40  ----O                                                                     (4 = 7.8%) {72.5%}
48  O                                                                         (0 = 0.0%) {80.4%}
57  ----O                                                                     (4 = 7.8%) {80.4%}
68  ------O                                                                   (6 = 11.8%) {88.2%}
81  ... 

Histogram: Sql.Statement.Predictor.VMSteps recorded 17 samples, mean = 15.6 (flags = 0x41)
0   ... 
3   --O                                                                       (2 = 11.8%) {0.0%}
4   O                                                                         (0 = 0.0%) {11.8%}
5   -O                                                                        (1 = 5.9%) {11.8%}
6   ---O                                                                      (3 = 17.6%) {17.6%}
7   O                                                                         (0 = 0.0%) {35.3%}
8   -O                                                                        (1 = 5.9%) {35.3%}
10  --O                                                                       (2 = 11.8%) {41.2%}
12  -O                                                                        (1 = 5.9%) {52.9%}
14  -O                                                                        (1 = 5.9%) {58.8%}
17  --O                                                                       (2 = 11.8%) {64.7%}
20  O                                                                         (0 = 0.0%) {76.5%}
24  -O                                                                        (1 = 5.9%) {76.5%}
29  -O                                                                        (1 = 5.9%) {82.4%}
34  O                                                                         (0 = 0.0%) {88.2%}
40  -O                                                                        (1 = 5.9%) {88.2%}
48  -O                                                                        (1 = 5.9%) {94.1%}
57  ... 

Histogram: Sql.Statement.Quota.VMSteps recorded 18 samples, mean = 9.1 (flags = 0x41)
0   ... 
3   ----O                                                                     (4 = 22.2%) {0.0%}
4   O                                                                         (0 = 0.0%) {22.2%}
5   -O                                                                        (1 = 5.6%) {22.2%}
6   ... 
8   --O                                                                       (2 = 11.1%) {27.8%}
10  --O                                                                       (2 = 11.1%) {38.9%}
12  ---------O                                                                (9 = 50.0%) {50.0%}
14  ... 

Histogram: Sql.Statement.ReportingAndNEL.VMSteps recorded 12 samples, mean = 13.8 (flags = 0x41)
0   ... 
3   --O                                                                       (2 = 16.7%) {0.0%}
4   O                                                                         (0 = 0.0%) {16.7%}
5   -O                                                                        (1 = 8.3%) {16.7%}
6   -O                                                                        (1 = 8.3%) {25.0%}
7   ... 
12  -----O                                                                    (5 = 41.7%) {33.3%}
14  ... 
20  -O                                                                        (1 = 8.3%) {75.0%}
24  O                                                                         (0 = 0.0%) {83.3%}
29  -O                                                                        (1 = 8.3%) {83.3%}
34  -O                                                                        (1 = 8.3%) {91.7%}
40  ... 

Histogram: Sql.Statement.SharedDictionary.VMSteps recorded 20 samples, mean = 9.1 (flags = 0x41)
0   ... 
3   --------O                                                                 (8 = 40.0%) {0.0%}
4   O                                                                         (0 = 0.0%) {40.0%}
5   -O                                                                        (1 = 5.0%) {40.0%}
6   ... 
8   -O                                                                        (1 = 5.0%) {45.0%}
10  O                                                                         (0 = 0.0%) {50.0%}
12  -------O                                                                  (7 = 35.0%) {50.0%}
14  O                                                                         (0 = 0.0%) {85.0%}
17  --O                                                                       (2 = 10.0%) {85.0%}
20  -O                                                                        (1 = 5.0%) {95.0%}
24  ... 

Histogram: Sql.Statement.SharedStorage.VMSteps recorded 3 samples, mean = 7.7 (flags = 0x41)
0   ... 
5   -O                                                                        (1 = 33.3%) {0.0%}
6   ... 
8   -O                                                                        (1 = 33.3%) {33.3%}
10  -O                                                                        (1 = 33.3%) {66.7%}
12  ... 

Histogram: Sql.Statement.Thumbnail.VMSteps recorded 36 samples, mean = 14.0 (flags = 0x41)
0   ... 
3   --------O                                                                 (8 = 22.2%) {0.0%}
4   O                                                                         (0 = 0.0%) {22.2%}
5   -O                                                                        (1 = 2.8%) {22.2%}
6   ... 
8   --O                                                                       (2 = 5.6%) {25.0%}
10  O                                                                         (0 = 0.0%) {30.6%}
12  --------------O                                                           (14 = 38.9%) {30.6%}
14  -O                                                                        (1 = 2.8%) {69.4%}
17  O                                                                         (0 = 0.0%) {72.2%}
20  -----O                                                                    (5 = 13.9%) {72.2%}
24  O                                                                         (0 = 0.0%) {86.1%}
29  ----O                                                                     (4 = 11.1%) {86.1%}
34  -O                                                                        (1 = 2.8%) {97.2%}
40  ... 

Histogram: Sql.Statement.TopSites.VMSteps recorded 13 samples, mean = 12.7 (flags = 0x41)
0   ... 
3   --O                                                                       (2 = 15.4%) {0.0%}
4   O                                                                         (0 = 0.0%) {15.4%}
5   -O                                                                        (1 = 7.7%) {15.4%}
6   ... 
12  ---------O                                                                (9 = 69.2%) {23.1%}
14  ... 
40  -O                                                                        (1 = 7.7%) {92.3%}
48  ... 

Histogram: Sql.Statement.TrustTokens.VMSteps recorded 17 samples, mean = 12.8 (flags = 0x41)
0   ... 
3   ----O                                                                     (4 = 23.5%) {0.0%}
4   O                                                                         (0 = 0.0%) {23.5%}
5   -O                                                                        (1 = 5.9%) {23.5%}
6   ---O                                                                      (3 = 17.6%) {29.4%}
7   ... 
12  -----O                                                                    (5 = 29.4%) {47.1%}
14  ... 
20  -O                                                                        (1 = 5.9%) {76.5%}
24  O                                                                         (0 = 0.0%) {82.4%}
29  --O                                                                       (2 = 11.8%) {82.4%}
34  -O                                                                        (1 = 5.9%) {94.1%}
40  ... 

Histogram: Sql.Statement.UKMMetrics.VMSteps recorded 38 samples, mean = 14.9 (flags = 0x41)
0   ... 
3   -----O                                                                    (5 = 13.2%) {0.0%}
4   O                                                                         (0 = 0.0%) {13.2%}
5   -O                                                                        (1 = 2.6%) {13.2%}
6   ... 
8   --------O                                                                 (8 = 21.1%) {15.8%}
10  O                                                                         (0 = 0.0%) {36.8%}
12  ----------O                                                               (10 = 26.3%) {36.8%}
14  -O                                                                        (1 = 2.6%) {63.2%}
17  O                                                                         (0 = 0.0%) {65.8%}
20  --------O                                                                 (8 = 21.1%) {65.8%}
24  -O                                                                        (1 = 2.6%) {86.8%}
29  -O                                                                        (1 = 2.6%) {89.5%}
34  O                                                                         (0 = 0.0%) {92.1%}
40  ---O                                                                      (3 = 7.9%) {92.1%}
48  ... 

Histogram: Sql.Statement.Web.VMSteps recorded 125 samples, mean = 52.3 (flags = 0x41)
0    ... 
3    ----------O                                                               (10 = 8.0%) {0.0%}
4    -O                                                                        (1 = 0.8%) {8.0%}
5    -O                                                                        (1 = 0.8%) {8.8%}
6    ------------O                                                             (12 = 9.6%) {9.6%}
7    ----------O                                                               (10 = 8.0%) {19.2%}
8    ------O                                                                   (6 = 4.8%) {27.2%}
10   ----------O                                                               (10 = 8.0%) {32.0%}
12   ------------------O                                                       (18 = 14.4%) {40.0%}
14   -O                                                                        (1 = 0.8%) {54.4%}
17   ---O                                                                      (3 = 2.4%) {55.2%}
20   -O                                                                        (1 = 0.8%) {57.6%}
24   -O                                                                        (1 = 0.8%) {58.4%}
29   --O                                                                       (2 = 1.6%) {59.2%}
34   --O                                                                       (2 = 1.6%) {60.8%}
40   ---O                                                                      (3 = 2.4%) {62.4%}
48   ---O                                                                      (3 = 2.4%) {64.8%}
57   ----O                                                                     (4 = 3.2%) {67.2%}
68   ----O                                                                     (4 = 3.2%) {70.4%}
81   --O                                                                       (2 = 1.6%) {73.6%}
96   -------O                                                                  (7 = 5.6%) {75.2%}
114  -----O                                                                    (5 = 4.0%) {80.8%}
135  -------O                                                                  (7 = 5.6%) {84.8%}
160  -----O                                                                    (5 = 4.0%) {90.4%}
190  ------O                                                                   (6 = 4.8%) {94.4%}
226  O                                                                         (0 = 0.0%) {99.2%}
268  -O                                                                        (1 = 0.8%) {99.2%}
318  ... 

Histogram: Sql.vfs.SyncTime recorded 66 samples, mean = 1.1 (flags = 0x41)
0  ---------------O                                                          (15 = 22.7%)
1  ------------------------------------------O                               (42 = 63.6%) {22.7%}
2  -----O                                                                    (5 = 7.6%) {86.4%}
3  O                                                                         (0 = 0.0%) {93.9%}
4  -O                                                                        (1 = 1.5%) {93.9%}
5  ---O                                                                      (3 = 4.5%) {95.5%}
6  ... 

Histogram: Stability.Counts2 recorded 12 samples, mean = 22.0 (flags = 0x43)
0   ... 
2   ---O                                                                      (3 = 25.0%) {0.0%}
3   ... 
15  -O                                                                        (1 = 8.3%) {25.0%}
16  ... 
26  ---O                                                                      (3 = 25.0%) {33.3%}
27  ... 
33  -----O                                                                    (5 = 41.7%) {58.3%}
34  O                                                                         (0 = 0.0%) {100.0%}

Histogram: Stability.Experimental.PageLoads recorded 3 samples, mean = 17.0 (flags = 0x41)
0   ... 
17  ---O                                                                      (3 = 100.0%) {0.0%}
18  O                                                                         (0 = 0.0%) {100.0%}

Histogram: Startup.AfterStartupTaskCount recorded 1 samples, mean = 2.0 (flags = 0x41)
0  ... 
2  -O                                                                        (1 = 100.0%) {0.0%}
3  ... 

Histogram: Startup.AfterStartupTaskDelayedUntilTime recorded 1 samples, mean = 21690.0 (flags = 0x41)
0      ... 
20614  -O                                                                        (1 = 100.0%) {0.0%}
27929  ... 

Histogram: Startup.BrowserMainRunnerImplInitializeLongTime recorded 1 samples, mean = 93.0 (flags = 0x41)
0   ... 
89  -O                                                                        (1 = 100.0%) {0.0%}
103 ... 

Histogram: Startup.BrowserMessageLoopFirstIdle recorded 1 samples, mean = 2548190.0 (flags = 0x41)
0        ... 
2341034  -O                                                                        (1 = 100.0%) {0.0%}
2702128  ... 

Histogram: Startup.BrowserMessageLoopStartTime recorded 1 samples, mean = 113.0 (flags = 0x41)
0    ... 
103  -O                                                                        (1 = 100.0%) {0.0%}
119  ... 

Histogram: Startup.CreateFirstProfile recorded 1 samples, mean = 53.0 (flags = 0x41)
0   ... 
47  -O                                                                        (1 = 100.0%) {0.0%}
64  ... 

Histogram: Startup.FirstWebContents.FinishReason recorded 1 samples, mean = 6.0 (flags = 0x41)
0  ... 
6  -O                                                                        (1 = 100.0%) {0.0%}
7  ... 

Histogram: Startup.LoadTime.ApplicationStartToChromeMain recorded 1 samples, mean = 0.0 (flags = 0x41)
0  -O                                                                        (1 = 100.0%)
1  ... 

Histogram: Startup.LoadTime.ProcessCreateToApplicationStart recorded 1 samples, mean = 14349.0 (flags = 0x41)
0      ... 
11230  -O                                                                        (1 = 100.0%) {0.0%}
15215  ... 

Histogram: Startup.LoadTime.RecordedProcessCreation recorded 1 samples, mean = 1.0 (flags = 0x1)
0  O                                                                         (0 = 0.0%)
1  -O                                                                        (1 = 100.0%) {0.0%}
2  O                                                                         (0 = 0.0%) {100.0%}

Histogram: Startup.PreMainMessageLoopRunImplLongTime recorded 1 samples, mean = 60.0 (flags = 0x41)
0   ... 
58  -O                                                                        (1 = 100.0%) {0.0%}
67  ... 

Histogram: Startup.Renderer.LoadTime.ApplicationStartToRendererStartRunLoop recorded 1 samples, mean = 30.0 (flags = 0x41)
0   ... 
25  -O                                                                        (1 = 100.0%) {0.0%}
32  ... 

Histogram: Startup.Renderer.LoadTime.ChromeMainToRendererStartRunLoop recorded 1 samples, mean = 30.0 (flags = 0x41)
0   ... 
25  -O                                                                        (1 = 100.0%) {0.0%}
32  ... 

Histogram: Startup.Renderer.LoadTime.ProcessCreationToRendererStartRunLoop recorded 1 samples, mean = 90.0 (flags = 0x41)
0   ... 
84  -O                                                                        (1 = 100.0%) {0.0%}
107 ... 

Histogram: Startup.Temperature recorded 1 samples, mean = 3.0 (flags = 0x41)
0  ... 
3  -O                                                                        (1 = 100.0%) {0.0%}
4  O                                                                         (0 = 0.0%) {100.0%}

Histogram: Storage.Blob.CreateDirectoryResult recorded 1 samples, mean = 0.0 (flags = 0x41)
0  -O                                                                        (1 = 100.0%)
1  ... 

Histogram: Storage.SessionStorage.RendererAreaCacheHit recorded 2 samples, mean = 1.0 (flags = 0x41)
0  -O                                                                        (1 = 50.0%)
1  O                                                                         (0 = 0.0%) {50.0%}
2  -O                                                                        (1 = 50.0%) {50.0%}
3  O                                                                         (0 = 0.0%) {100.0%}

Histogram: Storage.SharedStorage.Database.Timing.OpenImpl recorded 1 samples, mean = 0.0 (flags = 0x41)
0  -O                                                                        (1 = 100.0%)
1  ... 

Histogram: Storage.SharedStorage.OnShutdown.NumSqlErrors recorded 1 samples, mean = 0.0 (flags = 0x41)
0  -O                                                                        (1 = 100.0%)
1  ... 

Histogram: Storage.SharedStorage.OnShutdown.RecoveryFromInitFailureAttempted recorded 1 samples, mean = 0.0 (flags = 0x41)
0  -O                                                                        (1 = 100.0%)
1  ... 

Histogram: Storage.SharedStorage.OnShutdown.RecoveryOnDiskAttempted recorded 1 samples, mean = 0.0 (flags = 0x41)
0  -O                                                                        (1 = 100.0%)
1  ... 

Histogram: Storage.SharedStorage.Worklet.NumPerPage recorded 2 samples, mean = 0.0 (flags = 0x41)
0  --O                                                                       (2 = 100.0%)
1  ... 

Histogram: Storage.SharedStorage.Worklet.SelectURL.CallsPerPage recorded 2 samples, mean = 0.0 (flags = 0x41)
0  --O                                                                       (2 = 100.0%)
1  ... 

Histogram: Style.InvalidationTime recorded 6 samples, mean = 192.5 (flags = 0x41)
0    ... 
29   ---O                                                                      (3 = 50.0%) {0.0%}
40   ... 
105  -O                                                                        (1 = 16.7%) {50.0%}
146  -O                                                                        (1 = 16.7%) {66.7%}
203  ... 
542  -O                                                                        (1 = 16.7%) {83.3%}
752  ... 

Histogram: Style.RebuildLayoutTreeTime recorded 15 samples, mean = 492.1 (flags = 0x41)
0     ... 
4     -O                                                                        (1 = 6.7%) {0.0%}
6     ... 
29    -O                                                                        (1 = 6.7%) {6.7%}
40    --O                                                                       (2 = 13.3%) {13.3%}
55    --O                                                                       (2 = 13.3%) {26.7%}
76    ---O                                                                      (3 = 20.0%) {40.0%}
105   -O                                                                        (1 = 6.7%) {60.0%}
146   O                                                                         (0 = 0.0%) {66.7%}
203   --O                                                                       (2 = 13.3%) {66.7%}
282   ... 
752   -O                                                                        (1 = 6.7%) {80.0%}
1043  -O                                                                        (1 = 6.7%) {86.7%}
1447  ... 
3865  -O                                                                        (1 = 6.7%) {93.3%}
5362  ... 

Histogram: Style.RecalcTime recorded 18 samples, mean = 5483.9 (flags = 0x41)
0      ... 
6      -O                                                                        (1 = 5.6%) {0.0%}
8      ... 
55     -O                                                                        (1 = 5.6%) {5.6%}
76     O                                                                         (0 = 0.0%) {11.1%}
105    --O                                                                       (2 = 11.1%) {11.1%}
146    ... 
282    --O                                                                       (2 = 11.1%) {22.2%}
391    -O                                                                        (1 = 5.6%) {33.3%}
542    ... 
1043   --O                                                                       (2 = 11.1%) {38.9%}
1447   -O                                                                        (1 = 5.6%) {50.0%}
2008   ... 
3865   --O                                                                       (2 = 11.1%) {55.6%}
5362   -O                                                                        (1 = 5.6%) {66.7%}
7439   -O                                                                        (1 = 5.6%) {72.2%}
10321  --O                                                                       (2 = 11.1%) {77.8%}
14319  -O                                                                        (1 = 5.6%) {88.9%}
19866  O                                                                         (0 = 0.0%) {94.4%}
27562  -O                                                                        (1 = 5.6%) {94.4%}
38240  ... 

Histogram: SubresourceFilter.DocumentLoad.RulesetIsAvailable recorded 2 samples, mean = 1.0 (flags = 0x41)
0  O                                                                         (0 = 0.0%)
1  --O                                                                       (2 = 100.0%) {0.0%}
2  O                                                                         (0 = 0.0%) {100.0%}

Histogram: SubresourceFilter.IndexRuleset.Verify.Status recorded 1 samples, mean = 0.0 (flags = 0x41)
0  -O                                                                        (1 = 100.0%)
1  ... 

Histogram: SubresourceFilter.IndexRuleset.Verify2.WallDuration recorded 1 samples, mean = 0.0 (flags = 0x41)
0  -O                                                                        (1 = 100.0%)
1  ... 

Histogram: SubresourceFilter.MainFrameLoad.RulesetIsAvailableAnyActivationLevel recorded 2 samples, mean = 1.0 (flags = 0x41)
0  O                                                                         (0 = 0.0%)
1  --O                                                                       (2 = 100.0%) {0.0%}
2  O                                                                         (0 = 0.0%) {100.0%}

Histogram: SubresourceFilter.PageLoad.ActivationDecision recorded 2 samples, mean = 1.0 (flags = 0x41)
0  O                                                                         (0 = 0.0%)
1  --O                                                                       (2 = 100.0%) {0.0%}
2  ... 

Histogram: SubresourceFilter.PageLoad.ActivationList recorded 2 samples, mean = 0.0 (flags = 0x41)
0  --O                                                                       (2 = 100.0%)
1  ... 

Histogram: SubresourceFilter.PageLoad.ActivationState recorded 3 samples, mean = 0.7 (flags = 0x41)
0  -O                                                                        (1 = 33.3%)
1  --O                                                                       (2 = 66.7%) {33.3%}
2  ... 

Histogram: SubresourceFilter.PageLoad.NumSubresourceLoads.Disallowed recorded 2 samples, mean = 0.0 (flags = 0x41)
0  --O                                                                       (2 = 100.0%)
1  ... 

Histogram: SubresourceFilter.PageLoad.NumSubresourceLoads.Evaluated recorded 2 samples, mean = 104.0 (flags = 0x41)
0    ... 
95   -O                                                                        (1 = 50.0%) {0.0%}
107  -O                                                                        (1 = 50.0%) {50.0%}
120  ... 

Histogram: SubresourceFilter.PageLoad.NumSubresourceLoads.MatchedRules recorded 2 samples, mean = 0.0 (flags = 0x41)
0  --O                                                                       (2 = 100.0%)
1  ... 

Histogram: SubresourceFilter.PageLoad.NumSubresourceLoads.Total recorded 2 samples, mean = 104.0 (flags = 0x41)
0    ... 
95   -O                                                                        (1 = 50.0%) {0.0%}
107  -O                                                                        (1 = 50.0%) {50.0%}
120  ... 

Histogram: SubresourceFilter.PageLoad.SafeBrowsingDelay recorded 2 samples, mean = 0.0 (flags = 0x41)
0  --O                                                                       (2 = 100.0%)
1  ... 

Histogram: SubresourceFilter.SafeBrowsing.TotalCheckTime recorded 3 samples, mean = 0.0 (flags = 0x41)
0  ---O                                                                      (3 = 100.0%)
1  ... 

Histogram: Sync.FeatureStatusForSyncToSigninMigration recorded 1 samples, mean = 1.0 (flags = 0x41)
0  O                                                                         (0 = 0.0%)
1  -O                                                                        (1 = 100.0%) {0.0%}
2  ... 

Histogram: Sync.InitialState2 recorded 1 samples, mean = 1.0 (flags = 0x41)
0  O                                                                         (0 = 0.0%)
1  -O                                                                        (1 = 100.0%) {0.0%}
2  ... 

Histogram: Sync.Local.Enabled2 recorded 1 samples, mean = 0.0 (flags = 0x41)
0  -O                                                                        (1 = 100.0%)
1  ... 

Histogram: Sync.ModelTypeStoreBackendError.ReadRecords recorded 22 samples, mean = 1.0 (flags = 0x41)
0  O                                                                         (0 = 0.0%)
1  ----------------------O                                                   (22 = 100.0%) {0.0%}
2  ... 

Histogram: Sync.ModelTypeStoreBackendInitializationSuccess recorded 1 samples, mean = 1.0 (flags = 0x41)
0  O                                                                         (0 = 0.0%)
1  -O                                                                        (1 = 100.0%) {0.0%}
2  O                                                                         (0 = 0.0%) {100.0%}

Histogram: Sync.PassphraseType2 recorded 1 samples, mean = 0.0 (flags = 0x41)
0  -O                                                                        (1 = 100.0%)
1  ... 

Histogram: Sync.Startup.AccountInfoFullyLoaded2 recorded 1 samples, mean = 0.0 (flags = 0x41)
0  -O                                                                        (1 = 100.0%)
1  ... 

Histogram: Sync.Startup.SignedInWithoutAccountInfo2 recorded 1 samples, mean = 0.0 (flags = 0x41)
0  -O                                                                        (1 = 100.0%)
1  ... 

Histogram: Sync.SyncToSigninMigrationDecision recorded 1 samples, mean = 1.0 (flags = 0x41)
0  O                                                                         (0 = 0.0%)
1  -O                                                                        (1 = 100.0%) {0.0%}
2  ... 

Histogram: Sync.TrustedVaultFileReadStatus recorded 1 samples, mean = 0.0 (flags = 0x41)
0  -O                                                                        (1 = 100.0%)
1  ... 

Histogram: Sync.TrustedVaultFileWriteSuccess recorded 1 samples, mean = 1.0 (flags = 0x41)
0  O                                                                         (0 = 0.0%)
1  -O                                                                        (1 = 100.0%) {0.0%}
2  O                                                                         (0 = 0.0%) {100.0%}

Histogram: TabGroups.CollapsedGroupCountPerLoad recorded 2 samples, mean = 0.0 (flags = 0x41)
0  --O                                                                       (2 = 100.0%)
1  ... 

Histogram: TabGroups.ParseSavedTabGroupDataEntries.ParseFailurePercentage recorded 1 samples, mean = 0.0 (flags = 0x41)
0  -O                                                                        (1 = 100.0%)
1  ... 

Histogram: TabGroups.SavedTabGroupSyncBridge.MigrationResult recorded 4 samples, mean = 6.8 (flags = 0x41)
0   O                                                                         (0 = 0.0%)
1   -O                                                                        (1 = 25.0%) {0.0%}
2   O                                                                         (0 = 0.0%) {25.0%}
3   -O                                                                        (1 = 25.0%) {25.0%}
4   ... 
8   -O                                                                        (1 = 25.0%) {50.0%}
9   ... 
15  -O                                                                        (1 = 25.0%) {75.0%}
16  O                                                                         (0 = 0.0%) {100.0%}

Histogram: TabGroups.UserCustomizedGroupCountPerLoad recorded 2 samples, mean = 0.0 (flags = 0x41)
0  --O                                                                       (2 = 100.0%)
1  ... 

Histogram: TabGroups.UserGroupCountPerLoad recorded 2 samples, mean = 0.0 (flags = 0x41)
0  --O                                                                       (2 = 100.0%)
1  ... 

Histogram: TabGroups.UserPinnedTabCountPerLoad recorded 2 samples, mean = 0.0 (flags = 0x41)
0  --O                                                                       (2 = 100.0%)
1  ... 

Histogram: Tabs.NewNavigationWithSameOriginTab recorded 1 samples, mean = 0.0 (flags = 0x41)
0  -O                                                                        (1 = 100.0%)
1  ... 

Histogram: Tabs.TabCount recorded 8 samples, mean = 0.0 (flags = 0x41)
0  --------O                                                                 (8 = 100.0%)
1  ... 

Histogram: Tabs.TabCount.PluggedIn recorded 8 samples, mean = 0.0 (flags = 0x41)
0  --------O                                                                 (8 = 100.0%)
1  ... 

Histogram: Tabs.TabCountPerLoad recorded 2 samples, mean = 0.0 (flags = 0x41)
0  --O                                                                       (2 = 100.0%)
1  ... 

Histogram: Tabs.WindowCount recorded 8 samples, mean = 0.0 (flags = 0x41)
0  --------O                                                                 (8 = 100.0%)
1  ... 

Histogram: Tabs.WindowCount.PluggedIn recorded 8 samples, mean = 0.0 (flags = 0x41)
0  --------O                                                                 (8 = 100.0%)
1  ... 

Histogram: ThirdPartyModules.InputMethodEditorsCount recorded 1 samples, mean = 0.0 (flags = 0x41)
0  -O                                                                        (1 = 100.0%)
1  ... 

Histogram: ThreadPool.UnnecessaryWakeup.Browser.Background recorded 2 samples, mean = 1.0 (flags = 0x41)
0  O                                                                         (0 = 0.0%)
1  --O                                                                       (2 = 100.0%) {0.0%}
2  O                                                                         (0 = 0.0%) {100.0%}

Histogram: ThreadPool.UnnecessaryWakeup.Browser.Foreground recorded 60 samples, mean = 1.0 (flags = 0x41)
0  O                                                                         (0 = 0.0%)
1  ------------------------------------------------------------O             (60 = 100.0%) {0.0%}
2  O                                                                         (0 = 0.0%) {100.0%}

Histogram: ThreadPool.UnnecessaryWakeup.GPU.Foreground recorded 2 samples, mean = 1.0 (flags = 0x41)
0  O                                                                         (0 = 0.0%)
1  --O                                                                       (2 = 100.0%) {0.0%}
2  O                                                                         (0 = 0.0%) {100.0%}

Histogram: ThreadPool.UnnecessaryWakeup.Renderer.Foreground recorded 99 samples, mean = 1.0 (flags = 0x41)
0  O                                                                         (0 = 0.0%)
1  ------------------------------------------------------------------------O (99 = 100.0%) {0.0%}
2  O                                                                         (0 = 0.0%) {100.0%}

Histogram: Translate.ApplicationStart.AlwaysTranslateLanguage.Count recorded 1 samples, mean = 0.0 (flags = 0x41)
0  -O                                                                        (1 = 100.0%)
1  ... 

Histogram: Translate.ApplicationStart.NeverTranslateLanguage recorded 1 samples (flags = 0x41)
1853848431  -O                                                                        (1 = 100.0%)

Histogram: Translate.ApplicationStart.NeverTranslateLanguage.Count recorded 1 samples, mean = 1.0 (flags = 0x41)
0  O                                                                         (0 = 0.0%)
1  -O                                                                        (1 = 100.0%) {0.0%}
2  ... 

Histogram: Translate.ApplicationStart.NeverTranslateSite.Count recorded 1 samples, mean = 0.0 (flags = 0x41)
0  -O                                                                        (1 = 100.0%)
1  ... 

Histogram: Translate.LanguageDetection.ContentLength recorded 2 samples, mean = 2205.0 (flags = 0x41)
0     ... 
2199  --O                                                                       (2 = 100.0%) {0.0%}
2753  ... 

Histogram: Translate.LanguageDeterminedDuration recorded 2 samples, mean = 864.5 (flags = 0x41)
0     ... 
26    -O                                                                        (1 = 50.0%) {0.0%}
35    ... 
1340  -O                                                                        (1 = 50.0%) {50.0%}
1816  ... 

Histogram: Translate.PageLoad.FinalSourceLanguage recorded 2 samples (flags = 0x41)
350748440  --O                                                                       (2 = 100.0%)

Histogram: Translate.PageLoad.FinalState recorded 2 samples, mean = 1.0 (flags = 0x41)
0  O                                                                         (0 = 0.0%)
1  --O                                                                       (2 = 100.0%) {0.0%}
2  ... 

Histogram: Translate.PageLoad.FinalTargetLanguage recorded 2 samples (flags = 0x41)
1853848431  --O                                                                       (2 = 100.0%)

Histogram: Translate.PageLoad.InitialSourceLanguage recorded 2 samples (flags = 0x41)
350748440  --O                                                                       (2 = 100.0%)

Histogram: Translate.PageLoad.InitialState recorded 2 samples, mean = 1.0 (flags = 0x41)
0  O                                                                         (0 = 0.0%)
1  --O                                                                       (2 = 100.0%) {0.0%}
2  ... 

Histogram: Translate.PageLoad.InitialTargetLanguage recorded 2 samples (flags = 0x41)
1853848431  --O                                                                       (2 = 100.0%)

Histogram: Translate.PageLoad.InitialTargetLanguage.Origin recorded 2 samples, mean = 1.0 (flags = 0x41)
0  O                                                                         (0 = 0.0%)
1  --O                                                                       (2 = 100.0%) {0.0%}
2  ... 

Histogram: Translate.PageLoad.IsInitialSourceLanguageInUsersContentLanguages recorded 2 samples, mean = 0.0 (flags = 0x41)
0  --O                                                                       (2 = 100.0%)
1  ... 

Histogram: Translate.PageLoad.NumReversions recorded 2 samples, mean = 0.0 (flags = 0x41)
0  --O                                                                       (2 = 100.0%)
1  ... 

Histogram: Translate.PageLoad.NumTargetLanguageChanges recorded 2 samples, mean = 0.0 (flags = 0x41)
0  --O                                                                       (2 = 100.0%)
1  ... 

Histogram: Translate.PageLoad.NumTranslations recorded 2 samples, mean = 0.0 (flags = 0x41)
0  --O                                                                       (2 = 100.0%)
1  ... 

Histogram: Translate.PageLoad.Ranker.Decision recorded 2 samples, mean = 1.0 (flags = 0x41)
0  O                                                                         (0 = 0.0%)
1  --O                                                                       (2 = 100.0%) {0.0%}
2  ... 

Histogram: Translate.PageLoad.Ranker.Version recorded 2 samples (flags = 0x41)
0  --O                                                                       (2 = 100.0%)

Histogram: Translate.PageLoad.TriggerDecision recorded 2 samples, mean = 4.0 (flags = 0x41)
0  ... 
4  --O                                                                       (2 = 100.0%) {0.0%}
5  ... 

Histogram: Translate.Ranker.Model.Status2 recorded 2 samples, mean = 6.5 (flags = 0x41)
0  ... 
6  -O                                                                        (1 = 50.0%) {0.0%}
7  -O                                                                        (1 = 50.0%) {50.0%}
8  O                                                                         (0 = 0.0%) {100.0%}

Histogram: UI.DeviceScale recorded 1 samples (flags = 0x41)
125  -O                                                                        (1 = 100.0%)

Histogram: UKM.ConsentObserver.Purge recorded 1 samples, mean = 0.0 (flags = 0x41)
0  -O                                                                        (1 = 100.0%)
1  ... 

Histogram: UKM.Entries.Dropped recorded 199 samples, mean = 1.0 (flags = 0x41)
0  O                                                                         (0 = 0.0%)
1  ------------------------------------------------------------------------O (199 = 100.0%) {0.0%}
2  ... 

Histogram: UKM.Entries.Dropped.ByEntryHash recorded 199 samples (flags = 0x41)
58315124    -O                                                                        (1 = 0.5%)
119435925   -O                                                                        (1 = 0.5%)
181657211   -O                                                                        (1 = 0.5%)
182085608   --O                                                                       (2 = 1.0%)
189164898   --O                                                                       (2 = 1.0%)
251237400   --O                                                                       (2 = 1.0%)
270025173   --O                                                                       (2 = 1.0%)
277070773   ---O                                                                      (3 = 1.5%)
385121421   --O                                                                       (2 = 1.0%)
480593958   ---------O                                                                (9 = 4.5%)
532600439   --O                                                                       (2 = 1.0%)
624513781   -O                                                                        (1 = 0.5%)
654949485   ----------------------O                                                   (22 = 11.1%)
661477988   --O                                                                       (2 = 1.0%)
705322609   -----O                                                                    (5 = 2.5%)
805578149   -O                                                                        (1 = 0.5%)
810755299   --O                                                                       (2 = 1.0%)
828084724   ---------------------O                                                    (21 = 10.6%)
854760832   --O                                                                       (2 = 1.0%)
888761441   -O                                                                        (1 = 0.5%)
902138984   -----------O                                                              (11 = 5.5%)
923024503   -O                                                                        (1 = 0.5%)
986870865   ----O                                                                     (4 = 2.0%)
1004547038  --O                                                                       (2 = 1.0%)
1035062417  --O                                                                       (2 = 1.0%)
1078164680  ---O                                                                      (3 = 1.5%)
1149114043  --O                                                                       (2 = 1.0%)
1262170432  ------------O                                                             (12 = 6.0%)
1321082436  --O                                                                       (2 = 1.0%)
1350795912  --O                                                                       (2 = 1.0%)
1354891390  --O                                                                       (2 = 1.0%)
1404242571  ---------------------O                                                    (21 = 10.6%)
1548358279  --O                                                                       (2 = 1.0%)
1604233346  -----O                                                                    (5 = 2.5%)
1607081943  --O                                                                       (2 = 1.0%)
1663717192  --O                                                                       (2 = 1.0%)
1767609109  ------------------O                                                       (18 = 9.0%)
1790338714  --O                                                                       (2 = 1.0%)
1832900131  -------O                                                                  (7 = 3.5%)
1866365893  --O                                                                       (2 = 1.0%)
1871083634  --O                                                                       (2 = 1.0%)
1892405964  -O                                                                        (1 = 0.5%)
1982793904  --O                                                                       (2 = 1.0%)
2037740339  ----O                                                                     (4 = 2.0%)
2066033668  --O                                                                       (2 = 1.0%)

Histogram: UKM.PersistentLogRecall.Status recorded 1 samples, mean = 1.0 (flags = 0x41)
0  O                                                                         (0 = 0.0%)
1  -O                                                                        (1 = 100.0%) {0.0%}
2  ... 

Histogram: UKM.Sources.Dropped recorded 8 samples, mean = 1.0 (flags = 0x41)
0  O                                                                         (0 = 0.0%)
1  --------O                                                                 (8 = 100.0%) {0.0%}
2  ... 

Histogram: UKM.WebDXFeatureSets.Dropped recorded 3 samples, mean = 1.0 (flags = 0x41)
0  O                                                                         (0 = 0.0%)
1  ---O                                                                      (3 = 100.0%) {0.0%}
2  ... 

Histogram: UMA.ChildProcess.Ping.Periodic recorded 21 samples, mean = 1.0 (flags = 0x41)
0  -------O                                                                  (7 = 33.3%)
1  -------O                                                                  (7 = 33.3%) {33.3%}
2  -------O                                                                  (7 = 33.3%) {66.7%}
3  O                                                                         (0 = 0.0%) {100.0%}

Histogram: UMA.ChildProcess.Ping.SharedMemorySetUp recorded 28 samples, mean = 1.0 (flags = 0x41)
0  ----------O                                                               (10 = 35.7%)
1  ---------O                                                                (9 = 32.1%) {35.7%}
2  ---------O                                                                (9 = 32.1%) {67.9%}
3  O                                                                         (0 = 0.0%) {100.0%}

Histogram: UMA.CleanExitBeaconConsistency3 recorded 1 samples, mean = 0.0 (flags = 0x41)
0  -O                                                                        (1 = 100.0%)
1  ... 

Histogram: UMA.EntropySourceType recorded 1 samples, mean = 1.0 (flags = 0x41)
0  O                                                                         (0 = 0.0%)
1  -O                                                                        (1 = 100.0%) {0.0%}
2  ... 

Histogram: UMA.LocalHistogram recorded 11 samples, mean = 1.0 (flags = 0x40)
0  O                                                                         (0 = 0.0%)
1  -----------O                                                              (11 = 100.0%) {0.0%}
2  O                                                                         (0 = 0.0%) {100.0%}

Histogram: UMA.MachineIdState recorded 1 samples, mean = 3.0 (flags = 0x41)
0  ... 
3  -O                                                                        (1 = 100.0%) {0.0%}
4  O                                                                         (0 = 0.0%) {100.0%}

Histogram: UMA.MetricsService.Initialize.Time recorded 1 samples, mean = 42.0 (flags = 0x41)
0   ... 
37  -O                                                                        (1 = 100.0%) {0.0%}
49  ... 

Histogram: UMA.MetricsService.PendingOngoingLogOnDisable recorded 1 samples, mean = 0.0 (flags = 0x41)
0  -O                                                                        (1 = 100.0%)
1  ... 

Histogram: UMA.PersistentAllocator.BrowserMetrics.Errors recorded 0 samples (flags = 0x41)
0 ... 

Histogram: UMA.PersistentAllocator.BrowserMetrics.UsedPct recorded 0 samples (flags = 0x41)
0 ... 

Histogram: UMA.PersistentAllocator.EarlyHistograms.BrowserMetrics recorded 1 samples, mean = 1.0 (flags = 0x41)
0  O                                                                         (0 = 0.0%)
1  -O                                                                        (1 = 100.0%) {0.0%}
2  ... 

Histogram: UMA.PersistentAllocator.EarlyHistograms.GpuMetrics recorded 1 samples, mean = 25.0 (flags = 0x41)
0   ... 
25  -O                                                                        (1 = 100.0%) {0.0%}
26  ... 

Histogram: UMA.PersistentAllocator.EarlyHistograms.RendererMetrics recorded 3 samples, mean = 29.0 (flags = 0x41)
0   ... 
25  -O                                                                        (1 = 33.3%) {0.0%}
26  ... 
30  --O                                                                       (2 = 66.7%) {33.3%}
32  ... 

Histogram: UMA.PersistentAllocator.EarlyHistograms.UtilityMetrics recorded 5 samples, mean = 9.4 (flags = 0x41)
0   ... 
7   ----O                                                                     (4 = 80.0%) {0.0%}
8   ... 
19  -O                                                                        (1 = 20.0%) {80.0%}
20  ... 

Histogram: UMA.PersistentAllocator.FieldTrialAllocator.Errors recorded 0 samples (flags = 0x41)
0 ... 

Histogram: UMA.PersistentAllocator.FieldTrialAllocator.UsedPct recorded 10 samples, mean = 0.0 (flags = 0x41)
0  ----------O                                                               (10 = 100.0%)
1  ... 

Histogram: UMA.PersistentHistograms.InitResult recorded 1 samples, mean = 2.0 (flags = 0x41)
0  ... 
2  -O                                                                        (1 = 100.0%) {0.0%}
3  ... 

Histogram: UMA.Pseudo.PageLoad.LayoutInstability.CumulativeShiftScore recorded 2 samples, mean = 0.0 (flags = 0x41)
0  --O                                                                       (2 = 100.0%)
1  ... 

Histogram: UMA.Pseudo.PageLoad.LayoutInstability.MaxCumulativeShiftScore.SessionWindow.Gap1000ms.Max5000ms2 recorded 2 samples, mean = 0.0 (flags = 0x41)
0  --O                                                                       (2 = 100.0%)
1  ... 

Histogram: UnifiedConsent.MakeSearchesAndBrowsingBetter.OnProfileLoad recorded 1 samples, mean = 0.0 (flags = 0x41)
0  -O                                                                        (1 = 100.0%)
1  ... 

Histogram: UpdateClient.Component.CanUpdateResult recorded 1 samples, mean = 3.0 (flags = 0x41)
0  ... 
3  -O                                                                        (1 = 100.0%) {0.0%}
4  O                                                                         (0 = 0.0%) {100.0%}

Histogram: UpdateClient.Component.UpdateCheckResult recorded 20 samples, mean = 3.0 (flags = 0x41)
0  ... 
2  -O                                                                        (1 = 5.0%) {0.0%}
3  -------------------O                                                      (19 = 95.0%) {5.0%}
4  O                                                                         (0 = 0.0%) {100.0%}

Histogram: UpdateClient.Component.Updated recorded 1 samples, mean = 1.0 (flags = 0x41)
0  O                                                                         (0 = 0.0%)
1  -O                                                                        (1 = 100.0%) {0.0%}
2  O                                                                         (0 = 0.0%) {100.0%}

Histogram: UpdateClient.CrxDownloader.DownloadCompleteSuccess recorded 1 samples, mean = 1.0 (flags = 0x41)
0  O                                                                         (0 = 0.0%)
1  -O                                                                        (1 = 100.0%) {0.0%}
2  O                                                                         (0 = 0.0%) {100.0%}

Histogram: V8.CollectSourcePositions recorded 33 samples, mean = 215.4 (flags = 0x41)
0     ... 
9     --O                                                                       (2 = 6.1%) {0.0%}
12    -O                                                                        (1 = 3.0%) {6.1%}
16    O                                                                         (0 = 0.0%) {9.1%}
21    -O                                                                        (1 = 3.0%) {9.1%}
28    O                                                                         (0 = 0.0%) {12.1%}
37    -----O                                                                    (5 = 15.2%) {12.1%}
49    --O                                                                       (2 = 6.1%) {27.3%}
65    -----O                                                                    (5 = 15.2%) {33.3%}
86    -O                                                                        (1 = 3.0%) {48.5%}
113   ----O                                                                     (4 = 12.1%) {51.5%}
149   --O                                                                       (2 = 6.1%) {63.6%}
196   --O                                                                       (2 = 6.1%) {69.7%}
258   --O                                                                       (2 = 6.1%) {75.8%}
340   -O                                                                        (1 = 3.0%) {81.8%}
448   -O                                                                        (1 = 3.0%) {84.8%}
590   --O                                                                       (2 = 6.1%) {87.9%}
777   -O                                                                        (1 = 3.0%) {93.9%}
1023  O                                                                         (0 = 0.0%) {97.0%}
1347  -O                                                                        (1 = 3.0%) {97.0%}
1774  ... 

Histogram: V8.CompileLazyMicroSeconds recorded 5 samples, mean = 10787.4 (flags = 0x41)
0      ... 
40     -O                                                                        (1 = 20.0%) {0.0%}
55     ... 
391    -O                                                                        (1 = 20.0%) {20.0%}
542    ... 
2008   -O                                                                        (1 = 20.0%) {40.0%}
2786   ... 
10321  -O                                                                        (1 = 20.0%) {60.0%}
14319  ... 
38240  -O                                                                        (1 = 20.0%) {80.0%}
53055  ... 

Histogram: V8.CompileMicroSeconds recorded 20 samples, mean = 55.0 (flags = 0x41)
0    ... 
9    ----O                                                                     (4 = 20.0%) {0.0%}
12   --O                                                                       (2 = 10.0%) {20.0%}
16   --O                                                                       (2 = 10.0%) {30.0%}
21   -O                                                                        (1 = 5.0%) {40.0%}
28   ---O                                                                      (3 = 15.0%) {45.0%}
37   ---O                                                                      (3 = 15.0%) {60.0%}
49   -O                                                                        (1 = 5.0%) {75.0%}
65   -O                                                                        (1 = 5.0%) {80.0%}
86   -O                                                                        (1 = 5.0%) {85.0%}
113  ... 
196  -O                                                                        (1 = 5.0%) {90.0%}
258  -O                                                                        (1 = 5.0%) {95.0%}
340  ... 

Histogram: V8.CompileScript.CacheBehaviour recorded 87 samples, mean = 8.9 (flags = 0x41)
0   O                                                                         (0 = 0.0%)
1   --------------------O                                                     (20 = 23.0%) {0.0%}
2   ... 
4   ---------------O                                                          (15 = 17.2%) {23.0%}
5   ... 
8   -O                                                                        (1 = 1.1%) {40.2%}
9   ... 
12  -------------------------O                                                (25 = 28.7%) {41.4%}
13  ----O                                                                     (4 = 4.6%) {70.1%}
14  -O                                                                        (1 = 1.1%) {74.7%}
15  --------------------O                                                     (20 = 23.0%) {75.9%}
16  ... 
20  -O                                                                        (1 = 1.1%) {98.9%}

Histogram: V8.CompileScriptMicroSeconds recorded 87 samples, mean = 48.9 (flags = 0x41)
0    ----O                                                                     (4 = 4.6%)
1    ------------O                                                             (12 = 13.8%) {4.6%}
2    -----O                                                                    (5 = 5.7%) {18.4%}
3    ---O                                                                      (3 = 3.4%) {24.1%}
4    ------O                                                                   (6 = 6.9%) {27.6%}
5    ------O                                                                   (6 = 6.9%) {34.5%}
7    -O                                                                        (1 = 1.1%) {41.4%}
9    -------O                                                                  (7 = 8.0%) {42.5%}
12   --O                                                                       (2 = 2.3%) {50.6%}
16   ------O                                                                   (6 = 6.9%) {52.9%}
21   ------O                                                                   (6 = 6.9%) {59.8%}
28   ---------O                                                                (9 = 10.3%) {66.7%}
37   --O                                                                       (2 = 2.3%) {77.0%}
49   ----O                                                                     (4 = 4.6%) {79.3%}
65   -O                                                                        (1 = 1.1%) {83.9%}
86   ----O                                                                     (4 = 4.6%) {85.1%}
113  --O                                                                       (2 = 2.3%) {89.7%}
149  --O                                                                       (2 = 2.3%) {92.0%}
196  O                                                                         (0 = 0.0%) {94.3%}
258  --O                                                                       (2 = 2.3%) {94.3%}
340  -O                                                                        (1 = 1.1%) {96.6%}
448  -O                                                                        (1 = 1.1%) {97.7%}
590  -O                                                                        (1 = 1.1%) {98.9%}
777  ... 

Histogram: V8.CompileScriptMicroSeconds.BackgroundThread recorded 26 samples, mean = 10075.5 (flags = 0x41)
0      ... 
149    -O                                                                        (1 = 3.8%) {0.0%}
196    ----O                                                                     (4 = 15.4%) {3.8%}
258    -O                                                                        (1 = 3.8%) {19.2%}
340    -O                                                                        (1 = 3.8%) {23.1%}
448    O                                                                         (0 = 0.0%) {26.9%}
590    -O                                                                        (1 = 3.8%) {26.9%}
777    -O                                                                        (1 = 3.8%) {30.8%}
1023   --O                                                                       (2 = 7.7%) {34.6%}
1347   -O                                                                        (1 = 3.8%) {42.3%}
1774   -O                                                                        (1 = 3.8%) {46.2%}
2336   O                                                                         (0 = 0.0%) {50.0%}
3077   ---O                                                                      (3 = 11.5%) {50.0%}
4053   ---O                                                                      (3 = 11.5%) {61.5%}
5338   O                                                                         (0 = 0.0%) {73.1%}
7031   -O                                                                        (1 = 3.8%) {73.1%}
9260   --O                                                                       (2 = 7.7%) {76.9%}
12196  ... 
21156  -O                                                                        (1 = 3.8%) {84.6%}
27864  -O                                                                        (1 = 3.8%) {88.5%}
36699  -O                                                                        (1 = 3.8%) {92.3%}
48336  ... 
83848  -O                                                                        (1 = 3.8%) {96.2%}
110434 ... 

Histogram: V8.CompileScriptMicroSeconds.IsolateCacheHit recorded 41 samples, mean = 4.6 (flags = 0x41)
0   -O                                                                        (1 = 2.4%)
1   --------------O                                                           (14 = 34.1%) {2.4%}
2   ----O                                                                     (4 = 9.8%) {36.6%}
3   ----O                                                                     (4 = 9.8%) {46.3%}
4   ----O                                                                     (4 = 9.8%) {56.1%}
5   ------O                                                                   (6 = 14.6%) {65.9%}
7   ---O                                                                      (3 = 7.3%) {80.5%}
9   --O                                                                       (2 = 4.9%) {87.8%}
12  -O                                                                        (1 = 2.4%) {92.7%}
16  O                                                                         (0 = 0.0%) {95.1%}
21  -O                                                                        (1 = 2.4%) {95.1%}
28  -O                                                                        (1 = 2.4%) {97.6%}
37  ... 

Histogram: V8.CompileScriptMicroSeconds.NoCache.InlineScript recorded 15 samples, mean = 113.7 (flags = 0x41)
0    ... 
21   --O                                                                       (2 = 13.3%) {0.0%}
28   -O                                                                        (1 = 6.7%) {13.3%}
37   -O                                                                        (1 = 6.7%) {20.0%}
49   --O                                                                       (2 = 13.3%) {26.7%}
65   O                                                                         (0 = 0.0%) {40.0%}
86   ---O                                                                      (3 = 20.0%) {40.0%}
113  --O                                                                       (2 = 13.3%) {60.0%}
149  --O                                                                       (2 = 13.3%) {73.3%}
196  O                                                                         (0 = 0.0%) {86.7%}
258  --O                                                                       (2 = 13.3%) {86.7%}
340  ... 

Histogram: V8.CompileScriptMicroSeconds.NoCache.Other recorded 5 samples, mean = 285.2 (flags = 0x41)
0    ... 
37   -O                                                                        (1 = 20.0%) {0.0%}
49   -O                                                                        (1 = 20.0%) {20.0%}
65   O                                                                         (0 = 0.0%) {40.0%}
86   -O                                                                        (1 = 20.0%) {40.0%}
113  ... 
448  -O                                                                        (1 = 20.0%) {60.0%}
590  -O                                                                        (1 = 20.0%) {80.0%}
777  ... 

Histogram: V8.CompileScriptMicroSeconds.ProduceCache recorded 1 samples, mean = 16.0 (flags = 0x41)
0   ... 
16  -O                                                                        (1 = 100.0%) {0.0%}
21  ... 

Histogram: V8.CompileScriptMicroSeconds.StreamingFinalization recorded 25 samples, mean = 44.4 (flags = 0x41)
0    ... 
5    -O                                                                        (1 = 4.0%) {0.0%}
7    O                                                                         (0 = 0.0%) {4.0%}
9    ---O                                                                      (3 = 12.0%) {4.0%}
12   --O                                                                       (2 = 8.0%) {16.0%}
16   ---O                                                                      (3 = 12.0%) {24.0%}
21   ------O                                                                   (6 = 24.0%) {36.0%}
28   ------O                                                                   (6 = 24.0%) {60.0%}
37   O                                                                         (0 = 0.0%) {84.0%}
49   --O                                                                       (2 = 8.0%) {84.0%}
65   O                                                                         (0 = 0.0%) {92.0%}
86   -O                                                                        (1 = 4.0%) {92.0%}
113  ... 
448  -O                                                                        (1 = 4.0%) {96.0%}
590  ... 

Histogram: V8.CompileSerializeMicroSeconds recorded 21 samples, mean = 925.6 (flags = 0x41)
0      ... 
25     -O                                                                        (1 = 4.8%) {0.0%}
31     -O                                                                        (1 = 4.8%) {4.8%}
39     -O                                                                        (1 = 4.8%) {9.5%}
49     ---O                                                                      (3 = 14.3%) {14.3%}
61     --O                                                                       (2 = 9.5%) {28.6%}
76     O                                                                         (0 = 0.0%) {38.1%}
95     --O                                                                       (2 = 9.5%) {38.1%}
119    ---O                                                                      (3 = 14.3%) {47.6%}
149    ... 
233    --O                                                                       (2 = 9.5%) {61.9%}
292    O                                                                         (0 = 0.0%) {71.4%}
365    ---O                                                                      (3 = 14.3%) {71.4%}
457    ... 
1757   --O                                                                       (2 = 9.5%) {85.7%}
2199   ... 
10589  -O                                                                        (1 = 4.8%) {95.2%}
13255  ... 

Histogram: V8.ErrorsThrownPerContext recorded 2 samples, mean = 0.0 (flags = 0x41)
0  --O                                                                       (2 = 100.0%)
1  ... 

Histogram: V8.GC.Cycle.CollectionRate.Full recorded 3 samples, mean = 91.7 (flags = 0x41)
0   ... 
80  ---O                                                                      (3 = 100.0%) {0.0%}
100 O                                                                         (0 = 0.0%) {100.0%}

Histogram: V8.GC.Cycle.CollectionRate.Full.Cpp recorded 3 samples, mean = 60.3 (flags = 0x41)
0   ... 
41  --O                                                                       (2 = 66.7%) {0.0%}
51  ... 
80  -O                                                                        (1 = 33.3%) {66.7%}
100 O                                                                         (0 = 0.0%) {100.0%}

Histogram: V8.GC.Cycle.CollectionRate.Young recorded 27 samples, mean = 34.1 (flags = 0x41)
0   ... 
14  ---O                                                                      (3 = 11.1%) {0.0%}
17  ---O                                                                      (3 = 11.1%) {11.1%}
21  ---O                                                                      (3 = 11.1%) {22.2%}
26  ---O                                                                      (3 = 11.1%) {33.3%}
33  -----O                                                                    (5 = 18.5%) {44.4%}
41  -------O                                                                  (7 = 25.9%) {63.0%}
51  ---O                                                                      (3 = 11.1%) {88.9%}
64  ... 

Histogram: V8.GC.Cycle.CollectionWeight.Full recorded 3 samples, mean = 0.0 (flags = 0x41)
0  ---O                                                                      (3 = 100.0%)
1  ... 

Histogram: V8.GC.Cycle.CollectionWeight.Full.Cpp recorded 3 samples, mean = 0.0 (flags = 0x41)
0  ---O                                                                      (3 = 100.0%)
1  ... 

Histogram: V8.GC.Cycle.CollectionWeight.MainThread.Full recorded 3 samples, mean = 0.0 (flags = 0x41)
0  ---O                                                                      (3 = 100.0%)
1  ... 

Histogram: V8.GC.Cycle.CollectionWeight.MainThread.Full.Cpp recorded 3 samples, mean = 0.0 (flags = 0x41)
0  ---O                                                                      (3 = 100.0%)
1  ... 

Histogram: V8.GC.Cycle.Efficiency.Full recorded 3 samples, mean = 17.0 (flags = 0x41)
0   ... 
2   -O                                                                        (1 = 33.3%) {0.0%}
3   ... 
14  -O                                                                        (1 = 33.3%) {33.3%}
19  O                                                                         (0 = 0.0%) {66.7%}
26  -O                                                                        (1 = 33.3%) {66.7%}
35  ... 

Histogram: V8.GC.Cycle.Efficiency.Full.Cpp recorded 3 samples, mean = 276.7 (flags = 0x41)
0    ... 
3    -O                                                                        (1 = 33.3%) {0.0%}
4    ... 
302  -O                                                                        (1 = 33.3%) {33.3%}
411  -O                                                                        (1 = 33.3%) {66.7%}
559  ... 

Histogram: V8.GC.Cycle.Efficiency.MainThread.Full recorded 3 samples, mean = 77.0 (flags = 0x41)
0    ... 
19   -O                                                                        (1 = 33.3%) {0.0%}
26   ... 
65   -O                                                                        (1 = 33.3%) {33.3%}
88   O                                                                         (0 = 0.0%) {66.7%}
120  -O                                                                        (1 = 33.3%) {66.7%}
163  ... 

Histogram: V8.GC.Cycle.Efficiency.MainThread.Full.Cpp recorded 3 samples, mean = 386.0 (flags = 0x41)
0    ... 
7    -O                                                                        (1 = 33.3%) {0.0%}
10   ... 
411  -O                                                                        (1 = 33.3%) {33.3%}
559  -O                                                                        (1 = 33.3%) {66.7%}
760  ... 

Histogram: V8.GC.Cycle.Efficiency.MainThread.Young recorded 27 samples, mean = 1000.3 (flags = 0x41)
0     ... 
163   -O                                                                        (1 = 3.7%) {0.0%}
222   ... 
411   ----O                                                                     (4 = 14.8%) {3.7%}
559   -----O                                                                    (5 = 18.5%) {18.5%}
760   ----------O                                                               (10 = 37.0%) {37.0%}
1034  -O                                                                        (1 = 3.7%) {74.1%}
1407  ----O                                                                     (4 = 14.8%) {77.8%}
1914  --O                                                                       (2 = 7.4%) {92.6%}
2604  ... 

Histogram: V8.GC.Cycle.Efficiency.Young recorded 27 samples, mean = 578.3 (flags = 0x41)
0     ... 
120   -O                                                                        (1 = 3.7%) {0.0%}
163   -O                                                                        (1 = 3.7%) {3.7%}
222   --O                                                                       (2 = 7.4%) {7.4%}
302   ------O                                                                   (6 = 22.2%) {14.8%}
411   ------O                                                                   (6 = 22.2%) {37.0%}
559   ----O                                                                     (4 = 14.8%) {59.3%}
760   ---O                                                                      (3 = 11.1%) {74.1%}
1034  ----O                                                                     (4 = 14.8%) {85.2%}
1407  ... 

Histogram: V8.GC.Cycle.Full recorded 3 samples, mean = 53.7 (flags = 0x41)
0   ... 
40  -O                                                                        (1 = 33.3%) {0.0%}
48  -O                                                                        (1 = 33.3%) {33.3%}
57  O                                                                         (0 = 0.0%) {66.7%}
68  -O                                                                        (1 = 33.3%) {66.7%}
81  ... 

Histogram: V8.GC.Cycle.Full.Compact recorded 3 samples, mean = 4.3 (flags = 0x41)
0  O                                                                         (0 = 0.0%)
1  -O                                                                        (1 = 33.3%) {0.0%}
2  ... 
6  --O                                                                       (2 = 66.7%) {33.3%}
7  ... 

Histogram: V8.GC.Cycle.Full.Compact.Cpp recorded 3 samples, mean = 4.0 (flags = 0x41)
0  O                                                                         (0 = 0.0%)
1  -O                                                                        (1 = 33.3%) {0.0%}
2  ... 
5  -O                                                                        (1 = 33.3%) {33.3%}
6  -O                                                                        (1 = 33.3%) {66.7%}
7  ... 

Histogram: V8.GC.Cycle.Full.Cpp recorded 3 samples, mean = 14.0 (flags = 0x41)
0   ... 
8   -O                                                                        (1 = 33.3%) {0.0%}
10  ... 
14  -O                                                                        (1 = 33.3%) {33.3%}
17  -O                                                                        (1 = 33.3%) {66.7%}
20  ... 

Histogram: V8.GC.Cycle.Full.Mark recorded 3 samples, mean = 36.0 (flags = 0x41)
0   ... 
29  --O                                                                       (2 = 66.7%) {0.0%}
34  O                                                                         (0 = 0.0%) {66.7%}
40  -O                                                                        (1 = 33.3%) {66.7%}
48  ... 

Histogram: V8.GC.Cycle.Full.Mark.Cpp recorded 3 samples, mean = 6.3 (flags = 0x41)
0  ... 
6  --O                                                                       (2 = 66.7%) {0.0%}
7  -O                                                                        (1 = 33.3%) {66.7%}
8  ... 

Histogram: V8.GC.Cycle.Full.Sweep recorded 3 samples, mean = 6.7 (flags = 0x41)
0   ... 
4   -O                                                                        (1 = 33.3%) {0.0%}
5   O                                                                         (0 = 0.0%) {33.3%}
6   -O                                                                        (1 = 33.3%) {33.3%}
7   ... 
10  -O                                                                        (1 = 33.3%) {66.7%}
12  ... 

Histogram: V8.GC.Cycle.Full.Sweep.Cpp recorded 3 samples, mean = 2.7 (flags = 0x41)
0  O                                                                         (0 = 0.0%)
1  -O                                                                        (1 = 33.3%) {0.0%}
2  O                                                                         (0 = 0.0%) {33.3%}
3  -O                                                                        (1 = 33.3%) {33.3%}
4  -O                                                                        (1 = 33.3%) {66.7%}
5  ... 

Histogram: V8.GC.Cycle.Full.Weak recorded 3 samples, mean = 0.3 (flags = 0x41)
0  --O                                                                       (2 = 66.7%)
1  -O                                                                        (1 = 33.3%) {66.7%}
2  ... 

Histogram: V8.GC.Cycle.Full.Weak.Cpp recorded 3 samples, mean = 0.0 (flags = 0x41)
0  ---O                                                                      (3 = 100.0%)
1  ... 

Histogram: V8.GC.Cycle.MainThread.Full recorded 3 samples, mean = 11.0 (flags = 0x41)
0   ... 
5   -O                                                                        (1 = 33.3%) {0.0%}
6   ... 
12  -O                                                                        (1 = 33.3%) {33.3%}
14  -O                                                                        (1 = 33.3%) {66.7%}
17  ... 

Histogram: V8.GC.Cycle.MainThread.Full.Atomic recorded 3 samples, mean = 8.3 (flags = 0x41)
0   ... 
3   -O                                                                        (1 = 33.3%) {0.0%}
4   ... 
8   -O                                                                        (1 = 33.3%) {33.3%}
10  O                                                                         (0 = 0.0%) {66.7%}
12  -O                                                                        (1 = 33.3%) {66.7%}
14  ... 

Histogram: V8.GC.Cycle.MainThread.Full.Atomic.Compact recorded 3 samples, mean = 2.0 (flags = 0x41)
0  O                                                                         (0 = 0.0%)
1  -O                                                                        (1 = 33.3%) {0.0%}
2  -O                                                                        (1 = 33.3%) {33.3%}
3  -O                                                                        (1 = 33.3%) {66.7%}
4  ... 

Histogram: V8.GC.Cycle.MainThread.Full.Atomic.Compact.Cpp recorded 3 samples, mean = 4.0 (flags = 0x41)
0  O                                                                         (0 = 0.0%)
1  -O                                                                        (1 = 33.3%) {0.0%}
2  ... 
5  -O                                                                        (1 = 33.3%) {33.3%}
6  -O                                                                        (1 = 33.3%) {66.7%}
7  ... 

Histogram: V8.GC.Cycle.MainThread.Full.Atomic.Cpp recorded 3 samples, mean = 4.7 (flags = 0x41)
0  O                                                                         (0 = 0.0%)
1  -O                                                                        (1 = 33.3%) {0.0%}
2  ... 
6  -O                                                                        (1 = 33.3%) {33.3%}
7  -O                                                                        (1 = 33.3%) {66.7%}
8  ... 

Histogram: V8.GC.Cycle.MainThread.Full.Atomic.Mark recorded 3 samples, mean = 0.0 (flags = 0x41)
0  ---O                                                                      (3 = 100.0%)
1  ... 

Histogram: V8.GC.Cycle.MainThread.Full.Atomic.Mark.Cpp recorded 3 samples, mean = 0.0 (flags = 0x41)
0  ---O                                                                      (3 = 100.0%)
1  ... 

Histogram: V8.GC.Cycle.MainThread.Full.Atomic.Sweep recorded 3 samples, mean = 0.0 (flags = 0x41)
0  ---O                                                                      (3 = 100.0%)
1  ... 

Histogram: V8.GC.Cycle.MainThread.Full.Atomic.Sweep.Cpp recorded 3 samples, mean = 0.0 (flags = 0x41)
0  ---O                                                                      (3 = 100.0%)
1  ... 

Histogram: V8.GC.Cycle.MainThread.Full.Atomic.Weak recorded 3 samples, mean = 0.3 (flags = 0x41)
0  --O                                                                       (2 = 66.7%)
1  -O                                                                        (1 = 33.3%) {66.7%}
2  ... 

Histogram: V8.GC.Cycle.MainThread.Full.Atomic.Weak.Cpp recorded 3 samples, mean = 0.0 (flags = 0x41)
0  ---O                                                                      (3 = 100.0%)
1  ... 

Histogram: V8.GC.Cycle.MainThread.Full.Compact recorded 3 samples, mean = 2.0 (flags = 0x41)
0  O                                                                         (0 = 0.0%)
1  -O                                                                        (1 = 33.3%) {0.0%}
2  -O                                                                        (1 = 33.3%) {33.3%}
3  -O                                                                        (1 = 33.3%) {66.7%}
4  ... 

Histogram: V8.GC.Cycle.MainThread.Full.Compact.Cpp recorded 3 samples, mean = 4.0 (flags = 0x41)
0  O                                                                         (0 = 0.0%)
1  -O                                                                        (1 = 33.3%) {0.0%}
2  ... 
5  -O                                                                        (1 = 33.3%) {33.3%}
6  -O                                                                        (1 = 33.3%) {66.7%}
7  ... 

Histogram: V8.GC.Cycle.MainThread.Full.Cpp recorded 3 samples, mean = 9.0 (flags = 0x41)
0   ... 
3   -O                                                                        (1 = 33.3%) {0.0%}
4   ... 
10  -O                                                                        (1 = 33.3%) {33.3%}
12  -O                                                                        (1 = 33.3%) {66.7%}
14  ... 

Histogram: V8.GC.Cycle.MainThread.Full.Incremental.Mark recorded 3 samples, mean = 2.0 (flags = 0x41)
0  O                                                                         (0 = 0.0%)
1  -O                                                                        (1 = 33.3%) {0.0%}
2  -O                                                                        (1 = 33.3%) {33.3%}
3  -O                                                                        (1 = 33.3%) {66.7%}
4  ... 

Histogram: V8.GC.Cycle.MainThread.Full.Incremental.Mark.Cpp recorded 3 samples, mean = 2.3 (flags = 0x41)
0  ... 
2  --O                                                                       (2 = 66.7%) {0.0%}
3  -O                                                                        (1 = 33.3%) {66.7%}
4  ... 

Histogram: V8.GC.Cycle.MainThread.Full.Incremental.Mark.StartStop recorded 3 samples, mean = 5.3 (flags = 0x41)
0  ... 
4  -O                                                                        (1 = 33.3%) {0.0%}
5  -O                                                                        (1 = 33.3%) {33.3%}
6  O                                                                         (0 = 0.0%) {66.7%}
7  -O                                                                        (1 = 33.3%) {66.7%}
8  ... 

Histogram: V8.GC.Cycle.MainThread.Full.Incremental.Sweep recorded 3 samples, mean = 0.0 (flags = 0x41)
0  ---O                                                                      (3 = 100.0%)
1  ... 

Histogram: V8.GC.Cycle.MainThread.Full.Incremental.Sweep.Cpp recorded 3 samples, mean = 1.7 (flags = 0x41)
0  -O                                                                        (1 = 33.3%)
1  O                                                                         (0 = 0.0%) {33.3%}
2  -O                                                                        (1 = 33.3%) {33.3%}
3  -O                                                                        (1 = 33.3%) {66.7%}
4  ... 

Histogram: V8.GC.Cycle.MainThread.Full.Mark recorded 3 samples, mean = 2.3 (flags = 0x41)
0  ... 
2  --O                                                                       (2 = 66.7%) {0.0%}
3  -O                                                                        (1 = 33.3%) {66.7%}
4  ... 

Histogram: V8.GC.Cycle.MainThread.Full.Mark.Cpp recorded 3 samples, mean = 2.7 (flags = 0x41)
0  ... 
2  --O                                                                       (2 = 66.7%) {0.0%}
3  O                                                                         (0 = 0.0%) {66.7%}
4  -O                                                                        (1 = 33.3%) {66.7%}
5  ... 

Histogram: V8.GC.Cycle.MainThread.Full.Sweep recorded 3 samples, mean = 0.0 (flags = 0x41)
0  ---O                                                                      (3 = 100.0%)
1  ... 

Histogram: V8.GC.Cycle.MainThread.Full.Sweep.Cpp recorded 3 samples, mean = 2.0 (flags = 0x41)
0  -O                                                                        (1 = 33.3%)
1  O                                                                         (0 = 0.0%) {33.3%}
2  -O                                                                        (1 = 33.3%) {33.3%}
3  O                                                                         (0 = 0.0%) {66.7%}
4  -O                                                                        (1 = 33.3%) {66.7%}
5  ... 

Histogram: V8.GC.Cycle.MainThread.Full.Weak recorded 3 samples, mean = 0.3 (flags = 0x41)
0  --O                                                                       (2 = 66.7%)
1  -O                                                                        (1 = 33.3%) {66.7%}
2  ... 

Histogram: V8.GC.Cycle.MainThread.Full.Weak.Cpp recorded 3 samples, mean = 0.0 (flags = 0x41)
0  ---O                                                                      (3 = 100.0%)
1  ... 

Histogram: V8.GC.Cycle.MainThread.Young recorded 27 samples, mean = 0.4 (flags = 0x41)
0  ------------------O                                                       (18 = 66.7%)
1  ------O                                                                   (6 = 22.2%) {66.7%}
2  ---O                                                                      (3 = 11.1%) {88.9%}
3  ... 

Histogram: V8.GC.Cycle.Memory.Freed.Full recorded 3 samples, mean = 2986.7 (flags = 0x41)
0     ... 
222   -O                                                                        (1 = 33.3%) {0.0%}
302   ... 
3542  --O                                                                       (2 = 66.7%) {33.3%}
4818  ... 

Histogram: V8.GC.Cycle.Memory.Freed.Full.Cpp recorded 3 samples, mean = 5077.3 (flags = 0x41)
0     -O                                                                        (1 = 33.3%)
1     ... 
6554  --O                                                                       (2 = 66.7%) {33.3%}
8915  ... 

Histogram: V8.GC.Cycle.Objects.After.Full recorded 3 samples, mean = 11989.7 (flags = 0x41)
0      ... 
8915   --O                                                                       (2 = 66.7%) {0.0%}
12127  -O                                                                        (1 = 33.3%) {66.7%}
16496  ... 

Histogram: V8.GC.Cycle.Objects.After.Full.Cpp recorded 3 samples, mean = 5121.7 (flags = 0x41)
0     ... 
4818  ---O                                                                      (3 = 100.0%) {0.0%}
6554  ... 

Histogram: V8.GC.Cycle.Objects.Before.Full recorded 3 samples, mean = 13006.0 (flags = 0x41)
0      ... 
8915   -O                                                                        (1 = 33.3%) {0.0%}
12127  --O                                                                       (2 = 66.7%) {33.3%}
16496  ... 

Histogram: V8.GC.Cycle.Objects.Before.Full.Cpp recorded 3 samples, mean = 10005.7 (flags = 0x41)
0      ... 
4818   -O                                                                        (1 = 33.3%) {0.0%}
6554   ... 
12127  --O                                                                       (2 = 66.7%) {33.3%}
16496  ... 

Histogram: V8.GC.Cycle.Objects.Freed.Full recorded 3 samples, mean = 1016.0 (flags = 0x41)
0     ... 
88    -O                                                                        (1 = 33.3%) {0.0%}
120   ... 
1034  -O                                                                        (1 = 33.3%) {33.3%}
1407  -O                                                                        (1 = 33.3%) {66.7%}
1914  ... 

Histogram: V8.GC.Cycle.Objects.Freed.Full.Cpp recorded 3 samples, mean = 4883.0 (flags = 0x41)
0     ... 
26    -O                                                                        (1 = 33.3%) {0.0%}
35    ... 
6554  --O                                                                       (2 = 66.7%) {33.3%}
8915  ... 

Histogram: V8.GC.Cycle.Reason.Full recorded 3 samples, mean = 9.0 (flags = 0x41)
0  ... 
9  ---O                                                                      (3 = 100.0%) {0.0%}
10 ... 

Histogram: V8.GC.Cycle.Reason.Young recorded 27 samples, mean = 2.2 (flags = 0x41)
0   O                                                                         (0 = 0.0%)
1   ------------------------O                                                 (24 = 88.9%) {0.0%}
2   ... 
12  ---O                                                                      (3 = 11.1%) {88.9%}
13  ... 

Histogram: V8.GC.Cycle.Young recorded 27 samples, mean = 1.4 (flags = 0x41)
0  ------O                                                                   (6 = 22.2%)
1  --------------O                                                           (14 = 51.9%) {22.2%}
2  --O                                                                       (2 = 7.4%) {74.1%}
3  ---O                                                                      (3 = 11.1%) {81.5%}
4  O                                                                         (0 = 0.0%) {92.6%}
5  --O                                                                       (2 = 7.4%) {92.6%}
6  ... 

Histogram: V8.GC.Event.MainThread.Full.Finalize.Incremental.ReduceMemory recorded 4 samples, mean = 7.8 (flags = 0x41)
0   ... 
3   -O                                                                        (1 = 25.0%) {0.0%}
4   ... 
6   -O                                                                        (1 = 25.0%) {25.0%}
7   O                                                                         (0 = 0.0%) {50.0%}
8   -O                                                                        (1 = 25.0%) {50.0%}
10  O                                                                         (0 = 0.0%) {75.0%}
12  -O                                                                        (1 = 25.0%) {75.0%}
14  ... 

Histogram: V8.GC.Event.MainThread.Full.Finalize.Incremental.ReduceMemory.Foreground recorded 4 samples, mean = 7.8 (flags = 0x41)
0   ... 
3   -O                                                                        (1 = 25.0%) {0.0%}
4   ... 
6   -O                                                                        (1 = 25.0%) {25.0%}
7   O                                                                         (0 = 0.0%) {50.0%}
8   -O                                                                        (1 = 25.0%) {50.0%}
10  O                                                                         (0 = 0.0%) {75.0%}
12  -O                                                                        (1 = 25.0%) {75.0%}
14  ... 

Histogram: V8.GC.Event.MainThread.Full.Incremental.Mark recorded 123 samples, mean = 0.0 (flags = 0x41)
0  ------------------------------------------------------------------------O (123 = 100.0%)
1  ... 

Histogram: V8.GC.Event.MainThread.Full.Incremental.Mark.Cpp recorded 129 samples, mean = 0.0 (flags = 0x41)
0  ------------------------------------------------------------------------O (128 = 99.2%)
1  -O                                                                        (1 = 0.8%) {99.2%}
2  ... 

Histogram: V8.GC.Event.MainThread.Full.Incremental.Sweep.Cpp recorded 376 samples, mean = 0.0 (flags = 0x41)
0  ------------------------------------------------------------------------O (374 = 99.5%)
1  O                                                                         (0 = 0.0%) {99.5%}
2  O                                                                         (1 = 0.3%) {99.5%}
3  O                                                                         (1 = 0.3%) {99.7%}
4  ... 

Histogram: V8.GC.TimeToSafepoint recorded 35 samples, mean = 44.3 (flags = 0x41)
0     -------------------O                                                      (19 = 54.3%)
1     -------------O                                                            (13 = 37.1%) {54.3%}
2     ... 
29    --O                                                                       (2 = 5.7%) {91.4%}
40    ... 
1447  -O                                                                        (1 = 2.9%) {97.1%}
2008  ... 

Histogram: V8.GCIncrementalMarking recorded 130 samples, mean = 0.0 (flags = 0x41)
0  ------------------------------------------------------------------------O (126 = 96.9%)
1  --O                                                                       (4 = 3.1%) {96.9%}
2  ... 

Histogram: V8.GCIncrementalMarkingReason recorded 4 samples, mean = 17.0 (flags = 0x41)
0   ... 
17  ----O                                                                     (4 = 100.0%) {0.0%}
18  ... 

Histogram: V8.GCIncrementalMarkingStart recorded 4 samples, mean = 0.0 (flags = 0x41)
0  ----O                                                                     (4 = 100.0%)
1  ... 

Histogram: V8.GCMarkCompactReason recorded 3 samples, mean = 9.0 (flags = 0x41)
0  ... 
9  ---O                                                                      (3 = 100.0%) {0.0%}
10 ... 

Histogram: V8.GCScavenger.ScavengeMain recorded 27 samples, mean = 0.1 (flags = 0x41)
0  -----------------------O                                                  (23 = 85.2%)
1  ----O                                                                     (4 = 14.8%) {85.2%}
2  ... 

Histogram: V8.GCScavenger.ScavengeRoots recorded 27 samples, mean = 0.0 (flags = 0x41)
0  ---------------------------O                                              (27 = 100.0%)
1  ... 

Histogram: V8.JSDispatchTableEntriesCount recorded 4 samples, mean = 1.5 (flags = 0x41)
0  O                                                                         (0 = 0.0%)
1  --O                                                                       (2 = 50.0%) {0.0%}
2  --O                                                                       (2 = 50.0%) {50.0%}
3  ... 

Histogram: V8.LocalWindowProxy.CreateContextTime recorded 3 samples, mean = 1.3 (flags = 0x41)
0  -O                                                                        (1 = 33.3%)
1  O                                                                         (0 = 0.0%) {33.3%}
2  --O                                                                       (2 = 66.7%) {33.3%}
3  ... 

Histogram: V8.LocalWindowProxy.InitializeTime recorded 3 samples, mean = 3.7 (flags = 0x41)
0  O                                                                         (0 = 0.0%)
1  -O                                                                        (1 = 33.3%) {0.0%}
2  ... 
5  --O                                                                       (2 = 66.7%) {33.3%}
6  ... 

Histogram: V8.MaglevOptimizeExecute recorded 288 samples, mean = 501.6 (flags = 0x41)
0      ... 
20     ---O                                                                      (3 = 1.0%) {0.0%}
25     O                                                                         (0 = 0.0%) {1.0%}
31     --O                                                                       (2 = 0.7%) {1.0%}
39     --------O                                                                 (8 = 2.8%) {1.7%}
49     ------------O                                                             (12 = 4.2%) {4.5%}
61     ----------------O                                                         (16 = 5.6%) {8.7%}
76     ------------O                                                             (12 = 4.2%) {14.2%}
95     ---------------O                                                          (15 = 5.2%) {18.4%}
119    ---------------------------O                                              (27 = 9.4%) {23.6%}
149    --------------------------O                                               (26 = 9.0%) {33.0%}
186    --------------------------O                                               (26 = 9.0%) {42.0%}
233    --------------------------O                                               (26 = 9.0%) {51.0%}
292    ----------------O                                                         (16 = 5.6%) {60.1%}
365    ------------------O                                                       (18 = 6.2%) {65.6%}
457    ---------------O                                                          (15 = 5.2%) {71.9%}
572    -------------O                                                            (13 = 4.5%) {77.1%}
716    -----------O                                                              (11 = 3.8%) {81.6%}
896    ------------O                                                             (12 = 4.2%) {85.4%}
1122   ------O                                                                   (6 = 2.1%) {89.6%}
1404   -------O                                                                  (7 = 2.4%) {91.7%}
1757   ---------O                                                                (9 = 3.1%) {94.1%}
2199   ---O                                                                      (3 = 1.0%) {97.2%}
2753   --O                                                                       (2 = 0.7%) {98.3%}
3446   -O                                                                        (1 = 0.3%) {99.0%}
4313   -O                                                                        (1 = 0.3%) {99.3%}
5399   ... 
10589  -O                                                                        (1 = 0.3%) {99.7%}
13255  ... 

Histogram: V8.MaglevOptimizeFinalize recorded 288 samples, mean = 11.9 (flags = 0x41)
0    --------O                                                                 (8 = 2.8%)
1    ----------O                                                               (10 = 3.5%) {2.8%}
2    ----------------------------O                                             (28 = 9.7%) {6.2%}
3    -----------------------------O                                            (29 = 10.1%) {16.0%}
4    -----------------------O                                                  (23 = 8.0%) {26.0%}
5    -----------------------O                                                  (23 = 8.0%) {34.0%}
6    ---------------------------------------O                                  (39 = 13.5%) {42.0%}
8    ----------------------------O                                             (28 = 9.7%) {55.6%}
10   -------------------------------O                                          (31 = 10.8%) {65.3%}
13   -----------------O                                                        (17 = 5.9%) {76.0%}
16   -----------------O                                                        (17 = 5.9%) {81.9%}
20   ----------O                                                               (10 = 3.5%) {87.8%}
25   -----O                                                                    (5 = 1.7%) {91.3%}
31   ---------O                                                                (9 = 3.1%) {93.1%}
39   -----O                                                                    (5 = 1.7%) {96.2%}
49   -O                                                                        (1 = 0.3%) {97.9%}
61   -O                                                                        (1 = 0.3%) {98.3%}
76   -O                                                                        (1 = 0.3%) {98.6%}
95   -O                                                                        (1 = 0.3%) {99.0%}
119  -O                                                                        (1 = 0.3%) {99.3%}
149  ... 
365  -O                                                                        (1 = 0.3%) {99.7%}
457  ... 

Histogram: V8.MaglevOptimizePrepare recorded 288 samples, mean = 0.1 (flags = 0x41)
0  ------------------------------------------------------------------------O (254 = 88.2%)
1  ---------O                                                                (33 = 11.5%) {88.2%}
2  O                                                                         (1 = 0.3%) {99.7%}
3  ... 

Histogram: V8.MaglevOptimizeTotalTime recorded 288 samples, mean = 1073.9 (flags = 0x41)
0      ... 
28     --O                                                                       (2 = 0.7%) {0.0%}
37     O                                                                         (0 = 0.0%) {0.7%}
49     ------O                                                                   (6 = 2.1%) {0.7%}
65     ----------O                                                               (10 = 3.5%) {2.8%}
86     ---------------O                                                          (15 = 5.2%) {6.2%}
113    ----------------------O                                                   (22 = 7.6%) {11.5%}
149    -----------------------------O                                            (29 = 10.1%) {19.1%}
196    -----------------------------O                                            (29 = 10.1%) {29.2%}
258    ---------------------------O                                              (27 = 9.4%) {39.2%}
340    ----------------------O                                                   (22 = 7.6%) {48.6%}
448    --------------------O                                                     (20 = 6.9%) {56.2%}
590    ----------------------O                                                   (22 = 7.6%) {63.2%}
777    ---------------------O                                                    (21 = 7.3%) {70.8%}
1023   -----------------O                                                        (17 = 5.9%) {78.1%}
1347   ---------------O                                                          (15 = 5.2%) {84.0%}
1774   ----------O                                                               (10 = 3.5%) {89.2%}
2336   ------O                                                                   (6 = 2.1%) {92.7%}
3077   ----O                                                                     (4 = 1.4%) {94.8%}
4053   O                                                                         (0 = 0.0%) {96.2%}
5338   -----O                                                                    (5 = 1.7%) {96.2%}
7031   ---O                                                                      (3 = 1.0%) {97.9%}
9260   ... 
16063  -O                                                                        (1 = 0.3%) {99.0%}
21156  -O                                                                        (1 = 0.3%) {99.3%}
27864  O                                                                         (0 = 0.0%) {99.7%}
36699  -O                                                                        (1 = 0.3%) {99.7%}
48336  ... 

Histogram: V8.MemoryExternalFragmentationCodeSpace recorded 31 samples, mean = 38.5 (flags = 0x41)
0   ... 
9   --O                                                                       (2 = 6.5%) {0.0%}
10  ... 
14  --O                                                                       (2 = 6.5%) {6.5%}
15  ----O                                                                     (4 = 12.9%) {12.9%}
16  --O                                                                       (2 = 6.5%) {25.8%}
17  --O                                                                       (2 = 6.5%) {32.3%}
18  ... 
21  -O                                                                        (1 = 3.2%) {38.7%}
22  O                                                                         (0 = 0.0%) {41.9%}
23  -O                                                                        (1 = 3.2%) {41.9%}
24  -O                                                                        (1 = 3.2%) {45.2%}
25  ---O                                                                      (3 = 9.7%) {48.4%}
26  ... 
28  -O                                                                        (1 = 3.2%) {58.1%}
29  ... 
40  -O                                                                        (1 = 3.2%) {61.3%}
41  -O                                                                        (1 = 3.2%) {64.5%}
42  ... 
58  -O                                                                        (1 = 3.2%) {67.7%}
59  ... 
70  -O                                                                        (1 = 3.2%) {71.0%}
71  ... 
73  -O                                                                        (1 = 3.2%) {74.2%}
74  O                                                                         (0 = 0.0%) {77.4%}
75  -O                                                                        (1 = 3.2%) {77.4%}
76  --O                                                                       (2 = 6.5%) {80.6%}
77  O                                                                         (0 = 0.0%) {87.1%}
78  -O                                                                        (1 = 3.2%) {87.1%}
79  ... 
84  -O                                                                        (1 = 3.2%) {90.3%}
85  ... 
87  -O                                                                        (1 = 3.2%) {93.5%}
88  ... 
94  -O                                                                        (1 = 3.2%) {96.8%}
95  ... 

Histogram: V8.MemoryExternalFragmentationLoSpace recorded 31 samples, mean = 1.0 (flags = 0x41)
0  O                                                                         (0 = 0.0%)
1  -------------------------------O                                          (31 = 100.0%) {0.0%}
2  ... 

Histogram: V8.MemoryExternalFragmentationOldSpace recorded 31 samples, mean = 8.8 (flags = 0x41)
0   ... 
2   -O                                                                        (1 = 3.2%) {0.0%}
3   --O                                                                       (2 = 6.5%) {3.2%}
4   ---O                                                                      (3 = 9.7%) {9.7%}
5   ----O                                                                     (4 = 12.9%) {19.4%}
6   ------O                                                                   (6 = 19.4%) {32.3%}
7   -----O                                                                    (5 = 16.1%) {51.6%}
8   ----O                                                                     (4 = 12.9%) {67.7%}
9   ----O                                                                     (4 = 12.9%) {80.6%}
10  ... 
29  -O                                                                        (1 = 3.2%) {93.5%}
30  ... 
65  -O                                                                        (1 = 3.2%) {96.8%}
66  ... 

Histogram: V8.MemoryExternalFragmentationTotal recorded 31 samples, mean = 26.5 (flags = 0x41)
0   ... 
11  -O                                                                        (1 = 3.2%) {0.0%}
12  -O                                                                        (1 = 3.2%) {3.2%}
13  --O                                                                       (2 = 6.5%) {6.5%}
14  O                                                                         (0 = 0.0%) {12.9%}
15  -O                                                                        (1 = 3.2%) {12.9%}
16  -O                                                                        (1 = 3.2%) {16.1%}
17  -O                                                                        (1 = 3.2%) {19.4%}
18  -O                                                                        (1 = 3.2%) {22.6%}
19  -O                                                                        (1 = 3.2%) {25.8%}
20  -----O                                                                    (5 = 16.1%) {29.0%}
21  ... 
23  -O                                                                        (1 = 3.2%) {45.2%}
24  -O                                                                        (1 = 3.2%) {48.4%}
25  --O                                                                       (2 = 6.5%) {51.6%}
26  ... 
28  -O                                                                        (1 = 3.2%) {58.1%}
29  O                                                                         (0 = 0.0%) {61.3%}
30  -O                                                                        (1 = 3.2%) {61.3%}
31  ... 
34  -O                                                                        (1 = 3.2%) {64.5%}
35  --O                                                                       (2 = 6.5%) {67.7%}
36  --O                                                                       (2 = 6.5%) {74.2%}
37  --O                                                                       (2 = 6.5%) {80.6%}
38  -O                                                                        (1 = 3.2%) {87.1%}
39  O                                                                         (0 = 0.0%) {90.3%}
40  -O                                                                        (1 = 3.2%) {90.3%}
41  O                                                                         (0 = 0.0%) {93.5%}
42  -O                                                                        (1 = 3.2%) {93.5%}
43  ... 
64  -O                                                                        (1 = 3.2%) {96.8%}
65  ... 

Histogram: V8.MemoryHeapSampleCodeSpaceCommitted recorded 31 samples, mean = 1387.4 (flags = 0x41)
0     ----------O                                                               (10 = 32.3%)
1000  -O                                                                        (1 = 3.2%) {32.3%}
1138  -O                                                                        (1 = 3.2%) {35.5%}
1295  O                                                                         (0 = 0.0%) {38.7%}
1474  -------O                                                                  (7 = 22.6%) {38.7%}
1678  -------O                                                                  (7 = 22.6%) {61.3%}
1910  --O                                                                       (2 = 6.5%) {83.9%}
2174  ---O                                                                      (3 = 9.7%) {90.3%}
2475  ... 

Histogram: V8.MemoryHeapSampleMaximumCommitted recorded 31 samples, mean = 14881.9 (flags = 0x41)
0      ... 
4727   -O                                                                        (1 = 3.2%) {0.0%}
5380   -O                                                                        (1 = 3.2%) {3.2%}
6124   -O                                                                        (1 = 3.2%) {6.5%}
6971   -O                                                                        (1 = 3.2%) {9.7%}
7935   -O                                                                        (1 = 3.2%) {12.9%}
9032   ----O                                                                     (4 = 12.9%) {16.1%}
10281  O                                                                         (0 = 0.0%) {29.0%}
11702  -O                                                                        (1 = 3.2%) {29.0%}
13320  --O                                                                       (2 = 6.5%) {32.3%}
15161  ------------O                                                             (12 = 38.7%) {38.7%}
17257  -O                                                                        (1 = 3.2%) {77.4%}
19642  ------O                                                                   (6 = 19.4%) {80.6%}
22357  ... 

Histogram: V8.MemoryHeapSampleTotalCommitted recorded 31 samples, mean = 13811.7 (flags = 0x41)
0      ... 
4727   -O                                                                        (1 = 3.2%) {0.0%}
5380   -O                                                                        (1 = 3.2%) {3.2%}
6124   --O                                                                       (2 = 6.5%) {6.5%}
6971   O                                                                         (0 = 0.0%) {12.9%}
7935   -O                                                                        (1 = 3.2%) {12.9%}
9032   ----O                                                                     (4 = 12.9%) {16.1%}
10281  O                                                                         (0 = 0.0%) {29.0%}
11702  ---O                                                                      (3 = 9.7%) {29.0%}
13320  ------O                                                                   (6 = 19.4%) {38.7%}
15161  --------O                                                                 (8 = 25.8%) {58.1%}
17257  -O                                                                        (1 = 3.2%) {83.9%}
19642  ----O                                                                     (4 = 12.9%) {87.1%}
22357  ... 

Histogram: V8.MemoryHeapSampleTotalUsed recorded 31 samples, mean = 10358.9 (flags = 0x41)
0      ... 
1678   -O                                                                        (1 = 3.2%) {0.0%}
1910   ... 
3206   -O                                                                        (1 = 3.2%) {3.2%}
3649   O                                                                         (0 = 0.0%) {6.5%}
4153   -O                                                                        (1 = 3.2%) {6.5%}
4727   -O                                                                        (1 = 3.2%) {9.7%}
5380   ---O                                                                      (3 = 9.7%) {12.9%}
6124   --O                                                                       (2 = 6.5%) {22.6%}
6971   -O                                                                        (1 = 3.2%) {29.0%}
7935   -O                                                                        (1 = 3.2%) {32.3%}
9032   -O                                                                        (1 = 3.2%) {35.5%}
10281  ---O                                                                      (3 = 9.7%) {38.7%}
11702  -------O                                                                  (7 = 22.6%) {48.4%}
13320  -------O                                                                  (7 = 22.6%) {71.0%}
15161  --O                                                                       (2 = 6.5%) {93.5%}
17257  ... 

Histogram: V8.ProduceCodeCacheMicroseconds recorded 21 samples, mean = 1108.1 (flags = 0x41)
0      ... 
76     -----O                                                                    (5 = 23.8%) {0.0%}
105    --O                                                                       (2 = 9.5%) {23.8%}
146    --O                                                                       (2 = 9.5%) {33.3%}
203    ---O                                                                      (3 = 14.3%) {42.9%}
282    --O                                                                       (2 = 9.5%) {57.1%}
391    ---O                                                                      (3 = 14.3%) {66.7%}
542    -O                                                                        (1 = 4.8%) {81.0%}
752    ... 
2008   --O                                                                       (2 = 9.5%) {85.7%}
2786   ... 
10321  -O                                                                        (1 = 4.8%) {95.2%}
14319  ... 

Histogram: V8.RegExpBacktracks recorded 526 samples, mean = 1.7 (flags = 0x41)
0    ------O                                                                   (40 = 7.6%)
1    ------------------------------------------------------------------------O (458 = 87.1%) {7.6%}
2    --O                                                                       (10 = 1.9%) {94.7%}
3    -O                                                                        (6 = 1.1%) {96.6%}
4    -O                                                                        (8 = 1.5%) {97.7%}
6    O                                                                         (0 = 0.0%) {99.2%}
9    O                                                                         (2 = 0.4%) {99.2%}
13   ... 
127  O                                                                         (2 = 0.4%) {99.6%}
185  ... 

Histogram: V8.SandboxedCodePointersCount recorded 4 samples, mean = 1264.2 (flags = 0x41)
0     ... 
977   --O                                                                       (2 = 50.0%) {0.0%}
1136  O                                                                         (0 = 0.0%) {50.0%}
1321  --O                                                                       (2 = 50.0%) {50.0%}
1536  ... 

Histogram: V8.SandboxedCppHeapPointersCount recorded 4 samples, mean = 4406.8 (flags = 0x41)
0     ... 
380   -O                                                                        (1 = 25.0%) {0.0%}
452   ... 
758   -O                                                                        (1 = 25.0%) {25.0%}
901   ... 
7152  --O                                                                       (2 = 50.0%) {50.0%}
8499  ... 

Histogram: V8.SandboxedExternalPointersCount recorded 35 samples, mean = 726.2 (flags = 0x41)
0     -------------O                                                            (13 = 37.1%)
1     ... 
6     -O                                                                        (1 = 2.9%) {37.1%}
7     -O                                                                        (1 = 2.9%) {40.0%}
8     ... 
12    -O                                                                        (1 = 2.9%) {42.9%}
14    --O                                                                       (2 = 5.7%) {45.7%}
17    O                                                                         (0 = 0.0%) {51.4%}
20    --O                                                                       (2 = 5.7%) {51.4%}
24    --O                                                                       (2 = 5.7%) {57.1%}
29    -O                                                                        (1 = 2.9%) {62.9%}
34    O                                                                         (0 = 0.0%) {65.7%}
40    -O                                                                        (1 = 2.9%) {65.7%}
48    O                                                                         (0 = 0.0%) {68.6%}
57    -O                                                                        (1 = 2.9%) {68.6%}
68    --O                                                                       (2 = 5.7%) {71.4%}
81    ... 
638   -O                                                                        (1 = 2.9%) {77.1%}
758   O                                                                         (0 = 0.0%) {80.0%}
901   -O                                                                        (1 = 2.9%) {80.0%}
1071  ... 
1513  -O                                                                        (1 = 2.9%) {82.9%}
1798  -O                                                                        (1 = 2.9%) {85.7%}
2137  ... 
4261  --O                                                                       (2 = 5.7%) {88.6%}
5064  --O                                                                       (2 = 5.7%) {94.3%}
6018  ... 

Histogram: V8.SandboxedTrustedPointersCount recorded 4 samples, mean = 3838.0 (flags = 0x41)
0     ... 
3799  ----O                                                                     (4 = 100.0%) {0.0%}
4418  ... 

Histogram: V8.SnapshotDeserializeContextMicroSeconds recorded 5 samples, mean = 816.6 (flags = 0x41)
0     ... 
448   --O                                                                       (2 = 40.0%) {0.0%}
590   O                                                                         (0 = 0.0%) {40.0%}
777   -O                                                                        (1 = 20.0%) {40.0%}
1023  --O                                                                       (2 = 40.0%) {60.0%}
1347  ... 

Histogram: V8.TurboFan1KTicks recorded 11 samples, mean = 19.7 (flags = 0x41)
0   ... 
5   --O                                                                       (2 = 18.2%) {0.0%}
6   ... 
12  -O                                                                        (1 = 9.1%) {18.2%}
13  O                                                                         (0 = 0.0%) {27.3%}
14  ---O                                                                      (3 = 27.3%) {27.3%}
15  --O                                                                       (2 = 18.2%) {54.5%}
16  ... 
31  -O                                                                        (1 = 9.1%) {72.7%}
33  ... 
45  --O                                                                       (2 = 18.2%) {81.8%}
47  ... 

Histogram: V8.TurboFanOptimizeConcurrentTotalTime recorded 9 samples, mean = 5746.8 (flags = 0x41)
0      ... 
752    -O                                                                        (1 = 11.1%) {0.0%}
1043   -O                                                                        (1 = 11.1%) {11.1%}
1447   O                                                                         (0 = 0.0%) {22.2%}
2008   -O                                                                        (1 = 11.1%) {22.2%}
2786   --O                                                                       (2 = 22.2%) {33.3%}
3865   -O                                                                        (1 = 11.1%) {55.6%}
5362   -O                                                                        (1 = 11.1%) {66.7%}
7439   -O                                                                        (1 = 11.1%) {77.8%}
10321  ... 
19866  -O                                                                        (1 = 11.1%) {88.9%}
27562  ... 

Histogram: V8.TurboFanOptimizeExecute recorded 9 samples, mean = 4008.9 (flags = 0x41)
0     ... 
590   -O                                                                        (1 = 11.1%) {0.0%}
777   O                                                                         (0 = 0.0%) {11.1%}
1023  -O                                                                        (1 = 11.1%) {11.1%}
1347  O                                                                         (0 = 0.0%) {22.2%}
1774  -O                                                                        (1 = 11.1%) {22.2%}
2336  --O                                                                       (2 = 22.2%) {33.3%}
3077  O                                                                         (0 = 0.0%) {55.6%}
4053  --O                                                                       (2 = 22.2%) {55.6%}
5338  O                                                                         (0 = 0.0%) {77.8%}
7031  --O                                                                       (2 = 22.2%) {77.8%}
9260  ... 

Histogram: V8.TurboFanOptimizeFinalize recorded 9 samples, mean = 44.7 (flags = 0x41)
0   ... 
12  -O                                                                        (1 = 11.1%) {0.0%}
16  O                                                                         (0 = 0.0%) {11.1%}
21  --O                                                                       (2 = 22.2%) {11.1%}
28  --O                                                                       (2 = 22.2%) {33.3%}
37  O                                                                         (0 = 0.0%) {55.6%}
49  ---O                                                                      (3 = 33.3%) {55.6%}
65  O                                                                         (0 = 0.0%) {88.9%}
86  -O                                                                        (1 = 11.1%) {88.9%}
113 ... 

Histogram: V8.TurboFanOptimizeForOnStackReplacementExecute recorded 2 samples, mean = 2672.0 (flags = 0x41)
0     ... 
1347  -O                                                                        (1 = 50.0%) {0.0%}
1774  ... 
3077  -O                                                                        (1 = 50.0%) {50.0%}
4053  ... 

Histogram: V8.TurboFanOptimizeForOnStackReplacementFinalize recorded 2 samples, mean = 25.5 (flags = 0x41)
0   ... 
16  -O                                                                        (1 = 50.0%) {0.0%}
21  O                                                                         (0 = 0.0%) {50.0%}
28  -O                                                                        (1 = 50.0%) {50.0%}
37  ... 

Histogram: V8.TurboFanOptimizeForOnStackReplacementPrepare recorded 2 samples, mean = 11.0 (flags = 0x41)
0   ... 
5   -O                                                                        (1 = 50.0%) {0.0%}
7   ... 
16  -O                                                                        (1 = 50.0%) {50.0%}
21  ... 

Histogram: V8.TurboFanOptimizeForOnStackReplacementTotalTime recorded 2 samples, mean = 2753.5 (flags = 0x41)
0     ... 
1447  -O                                                                        (1 = 50.0%) {0.0%}
2008  ... 
3865  -O                                                                        (1 = 50.0%) {50.0%}
5362  ... 

Histogram: V8.TurboFanOptimizePrepare recorded 9 samples, mean = 12.7 (flags = 0x41)
0   ... 
4   -O                                                                        (1 = 11.1%) {0.0%}
5   -O                                                                        (1 = 11.1%) {11.1%}
7   -O                                                                        (1 = 11.1%) {22.2%}
9   O                                                                         (0 = 0.0%) {33.3%}
12  --O                                                                       (2 = 22.2%) {33.3%}
16  ---O                                                                      (3 = 33.3%) {55.6%}
21  -O                                                                        (1 = 11.1%) {88.9%}
28  ... 

Histogram: V8.TurboFanOptimizeTotalBackground recorded 9 samples, mean = 4008.9 (flags = 0x41)
0     ... 
542   -O                                                                        (1 = 11.1%) {0.0%}
752   O                                                                         (0 = 0.0%) {11.1%}
1043  -O                                                                        (1 = 11.1%) {11.1%}
1447  O                                                                         (0 = 0.0%) {22.2%}
2008  ---O                                                                      (3 = 33.3%) {22.2%}
2786  O                                                                         (0 = 0.0%) {55.6%}
3865  --O                                                                       (2 = 22.2%) {55.6%}
5362  O                                                                         (0 = 0.0%) {77.8%}
7439  --O                                                                       (2 = 22.2%) {77.8%}
10321 ... 

Histogram: V8.TurboFanOptimizeTotalForeground recorded 9 samples, mean = 57.3 (flags = 0x41)
0    ... 
21   -O                                                                        (1 = 11.1%) {0.0%}
29   ---O                                                                      (3 = 33.3%) {11.1%}
40   -O                                                                        (1 = 11.1%) {44.4%}
55   --O                                                                       (2 = 22.2%) {55.6%}
76   -O                                                                        (1 = 11.1%) {77.8%}
105  -O                                                                        (1 = 11.1%) {88.9%}
146  ... 

Histogram: V8.TurboFanOptimizeTotalTime recorded 9 samples, mean = 5746.8 (flags = 0x41)
0      ... 
752    -O                                                                        (1 = 11.1%) {0.0%}
1043   -O                                                                        (1 = 11.1%) {11.1%}
1447   O                                                                         (0 = 0.0%) {22.2%}
2008   -O                                                                        (1 = 11.1%) {22.2%}
2786   --O                                                                       (2 = 22.2%) {33.3%}
3865   -O                                                                        (1 = 11.1%) {55.6%}
5362   -O                                                                        (1 = 11.1%) {66.7%}
7439   -O                                                                        (1 = 11.1%) {77.8%}
10321  ... 
19866  -O                                                                        (1 = 11.1%) {88.9%}
27562  ... 

Histogram: Variations.ExtendedSafeMode.BeaconFileStateAtStartup recorded 1 samples, mean = 0.0 (flags = 0x41)
0  -O                                                                        (1 = 100.0%)
1  ... 

Histogram: Variations.ExtendedSafeMode.BeaconFileWrite recorded 2 samples, mean = 1.0 (flags = 0x41)
0  O                                                                         (0 = 0.0%)
1  --O                                                                       (2 = 100.0%) {0.0%}
2  O                                                                         (0 = 0.0%) {100.0%}

Histogram: Variations.ForcedFieldTrialsAtStartupForInternalsPage recorded 1 samples, mean = 0.0 (flags = 0x41)
0  -O                                                                        (1 = 100.0%)
1  ... 

Histogram: Variations.Headers.ExperimentCount recorded 92 samples, mean = 1.0 (flags = 0x41)
0  O                                                                         (0 = 0.0%)
1  ------------------------------------------------------------------------O (92 = 100.0%) {0.0%}
2  ... 

Histogram: Variations.Headers.HasLowEntropySourceValue recorded 92 samples, mean = 1.0 (flags = 0x41)
0  O                                                                         (0 = 0.0%)
1  ------------------------------------------------------------------------O (92 = 100.0%) {0.0%}
2  O                                                                         (0 = 0.0%) {100.0%}

Histogram: Variations.Headers.RequestContextCategory recorded 75 samples, mean = 3.0 (flags = 0x41)
0  ------------------O                                                       (18 = 24.0%)
1  ... 
4  ---------------------------------------------------------O                (57 = 76.0%) {24.0%}
5  ... 

Histogram: Variations.Headers.URLValidationResult.Append recorded 75 samples, mean = 2.2 (flags = 0x41)
0  ... 
2  -----------------------------------------------------------O              (59 = 78.7%) {0.0%}
3  ----------------O                                                         (16 = 21.3%) {78.7%}
4  ... 

Histogram: Variations.Headers.URLValidationResult.Remove recorded 2 samples, mean = 2.0 (flags = 0x41)
0  ... 
2  --O                                                                       (2 = 100.0%) {0.0%}
3  ... 

Histogram: Variations.Limits.VariationKeySize.Default recorded 23 samples, mean = 0.0 (flags = 0x41)
0  -----------------------O                                                  (23 = 100.0%)
1  ... 

Histogram: Variations.LoadPermanentConsistencyCountryResult recorded 1 samples, mean = 0.0 (flags = 0x41)
0  -O                                                                        (1 = 100.0%)
1  ... 

Histogram: Variations.PolicyRestriction recorded 1 samples, mean = 0.0 (flags = 0x41)
0  -O                                                                        (1 = 100.0%)
1  ... 

Histogram: Variations.SafeMode.Streak.Crashes recorded 1 samples (flags = 0x41)
0  -O                                                                        (1 = 100.0%)

Histogram: Variations.SafeMode.Streak.FetchFailures recorded 1 samples (flags = 0x41)
0  -O                                                                        (1 = 100.0%)

Histogram: Variations.SeedLoadResult recorded 1 samples, mean = 1.0 (flags = 0x41)
0  O                                                                         (0 = 0.0%)
1  -O                                                                        (1 = 100.0%) {0.0%}
2  ... 

Histogram: Variations.SeedUsage recorded 1 samples, mean = 2.0 (flags = 0x41)
0  ... 
2  -O                                                                        (1 = 100.0%) {0.0%}
3  ... 

Histogram: Variations.UserChannel recorded 1 samples (flags = 0x41)
-1 -O                                                                        (1 = 100.0%)

Histogram: Views.Browser.NumColorProvidersInitializedDuringOnNativeThemeUpdated recorded 3 samples, mean = 0.0 (flags = 0x41)
0  ---O                                                                      (3 = 100.0%)
1  ... 

Histogram: Views.Browser.TimeSpentInitializingColorProvider recorded 3 samples, mean = 0.3 (flags = 0x41)
0  --O                                                                       (2 = 66.7%)
1  -O                                                                        (1 = 33.3%) {66.7%}
2  ... 

Histogram: Views.Browser.TimeSpentProcessingOnNativeThemeUpdatedEvent recorded 3 samples, mean = 0.0 (flags = 0x41)
0  ---O                                                                      (3 = 100.0%)
1  ... 

Histogram: Views.ColorProviderCacheSize recorded 3 samples, mean = 2.0 (flags = 0x41)
0  O                                                                         (0 = 0.0%)
1  -O                                                                        (1 = 33.3%) {0.0%}
2  -O                                                                        (1 = 33.3%) {33.3%}
3  -O                                                                        (1 = 33.3%) {66.7%}
4  ... 

Histogram: Viz.FrameSink.GpuBusyDuration recorded 1 samples, mean = 17898.0 (flags = 0x41)
0      ... 
16171  -O                                                                        (1 = 100.0%) {0.0%}
18732  ... 

Histogram: Viz.FrameSinkVideoCapturer.CaptureDuration recorded 9 samples, mean = 13.6 (flags = 0x41)
0   ... 
3   -O                                                                        (1 = 11.1%) {0.0%}
4   -O                                                                        (1 = 11.1%) {11.1%}
5   -O                                                                        (1 = 11.1%) {22.2%}
6   O                                                                         (0 = 0.0%) {33.3%}
7   --O                                                                       (2 = 22.2%) {33.3%}
8   ... 
10  ---O                                                                      (3 = 33.3%) {55.6%}
11  ... 
60  -O                                                                        (1 = 11.1%) {88.9%}
67  ... 

Histogram: Viz.FrameSinkVideoCapturer.CaptureSucceeded recorded 9 samples, mean = 1.0 (flags = 0x41)
0  O                                                                         (0 = 0.0%)
1  ---------O                                                                (9 = 100.0%) {0.0%}
2  O                                                                         (0 = 0.0%) {100.0%}

Histogram: Viz.FrameSinkVideoCapturer.FrameResurrected recorded 9 samples, mean = 0.0 (flags = 0x41)
0  ---------O                                                                (9 = 100.0%)
1  ... 

Histogram: Viz.FrameSinkVideoCapturer.RGBA.CaptureDuration recorded 9 samples, mean = 13.6 (flags = 0x41)
0   ... 
3   -O                                                                        (1 = 11.1%) {0.0%}
4   -O                                                                        (1 = 11.1%) {11.1%}
5   -O                                                                        (1 = 11.1%) {22.2%}
6   O                                                                         (0 = 0.0%) {33.3%}
7   --O                                                                       (2 = 22.2%) {33.3%}
8   ... 
10  ---O                                                                      (3 = 33.3%) {55.6%}
11  ... 
60  -O                                                                        (1 = 11.1%) {88.9%}
67  ... 

Histogram: Viz.FrameSinkVideoCapturer.RGBA.CaptureSucceeded recorded 9 samples, mean = 1.0 (flags = 0x41)
0  O                                                                         (0 = 0.0%)
1  ---------O                                                                (9 = 100.0%) {0.0%}
2  O                                                                         (0 = 0.0%) {100.0%}

Histogram: Viz.FrameSinkVideoCapturer.ReserveFrameDuration recorded 9 samples, mean = 5.3 (flags = 0x41)
0   --------O                                                                 (8 = 88.9%)
1   ... 
46  -O                                                                        (1 = 11.1%) {88.9%}
50  ... 

Histogram: Viz.FrameSinkVideoCapturer.TotalDuration recorded 9 samples, mean = 13.7 (flags = 0x41)
0   ... 
3   -O                                                                        (1 = 11.1%) {0.0%}
4   O                                                                         (0 = 0.0%) {11.1%}
5   --O                                                                       (2 = 22.2%) {11.1%}
6   O                                                                         (0 = 0.0%) {33.3%}
7   --O                                                                       (2 = 22.2%) {33.3%}
8   ... 
10  ---O                                                                      (3 = 33.3%) {55.6%}
11  ... 
60  -O                                                                        (1 = 11.1%) {88.9%}
67  ... 

Histogram: WebApp.DiyAppsInstalledCount.ByUser recorded 1 samples, mean = 0.0 (flags = 0x41)
0  -O                                                                        (1 = 100.0%)
1  ... 

Histogram: WebApp.GeneratedIconFix.StartUpAttemptCount recorded 1 samples, mean = 0.0 (flags = 0x41)
0  -O                                                                        (1 = 100.0%)
1  ... 

Histogram: WebApp.Icon.AppsWithEmptyDownloadedIconSizes recorded 1 samples, mean = 0.0 (flags = 0x41)
0  -O                                                                        (1 = 100.0%)
1  ... 

Histogram: WebApp.Icon.AppsWithEmptyIconBitmap recorded 1 samples, mean = 0.0 (flags = 0x41)
0  -O                                                                        (1 = 100.0%)
1  ... 

Histogram: WebApp.Icon.AppsWithEmptyIconFile recorded 1 samples, mean = 0.0 (flags = 0x41)
0  -O                                                                        (1 = 100.0%)
1  ... 

Histogram: WebApp.Icon.AppsWithGeneratedIconBitmap recorded 1 samples, mean = 0.0 (flags = 0x41)
0  -O                                                                        (1 = 100.0%)
1  ... 

Histogram: WebApp.Icon.AppsWithGeneratedIconFlag recorded 1 samples, mean = 0.0 (flags = 0x41)
0  -O                                                                        (1 = 100.0%)
1  ... 

Histogram: WebApp.Icon.AppsWithGeneratedIconFlagFalseNegative recorded 1 samples, mean = 0.0 (flags = 0x41)
0  -O                                                                        (1 = 100.0%)
1  ... 

Histogram: WebApp.Icon.AppsWithMissingIconFile recorded 1 samples, mean = 0.0 (flags = 0x41)
0  -O                                                                        (1 = 100.0%)
1  ... 

Histogram: WebApp.InstalledCount.ByUser recorded 1 samples, mean = 0.0 (flags = 0x41)
0  -O                                                                        (1 = 100.0%)
1  ... 

Histogram: WebApp.InstalledCount.ByUserNotLocallyInstalled recorded 1 samples, mean = 0.0 (flags = 0x41)
0  -O                                                                        (1 = 100.0%)
1  ... 

Histogram: WebApp.Preinstalled.AppToReplaceStillDefaultInstalledCount recorded 1 samples, mean = 0.0 (flags = 0x41)
0  -O                                                                        (1 = 100.0%)
1  ... 

Histogram: WebApp.Preinstalled.AppToReplaceStillInstalledCount recorded 1 samples, mean = 0.0 (flags = 0x41)
0  -O                                                                        (1 = 100.0%)
1  ... 

Histogram: WebApp.Preinstalled.AppToReplaceStillInstalledInShelfCount recorded 1 samples, mean = 0.0 (flags = 0x41)
0  -O                                                                        (1 = 100.0%)
1  ... 

Histogram: WebApp.Preinstalled.ConfigErrorCount recorded 1 samples, mean = 0.0 (flags = 0x41)
0  -O                                                                        (1 = 100.0%)
1  ... 

Histogram: WebApp.Preinstalled.CorruptUserUninstallPrefsCount recorded 1 samples, mean = 0.0 (flags = 0x41)
0  -O                                                                        (1 = 100.0%)
1  ... 

Histogram: WebApp.Preinstalled.DisabledCount recorded 1 samples, mean = 0.0 (flags = 0x41)
0  -O                                                                        (1 = 100.0%)
1  ... 

Histogram: WebApp.Preinstalled.EnabledCount recorded 1 samples, mean = 0.0 (flags = 0x41)
0  -O                                                                        (1 = 100.0%)
1  ... 

Histogram: WebApp.Preinstalled.InstallCount recorded 1 samples, mean = 0.0 (flags = 0x41)
0  -O                                                                        (1 = 100.0%)
1  ... 

Histogram: WebApp.Preinstalled.UninstallAndReplaceCount recorded 1 samples, mean = 0.0 (flags = 0x41)
0  -O                                                                        (1 = 100.0%)
1  ... 

Histogram: WebApp.Preinstalled.UninstallAppRemovedCount recorded 1 samples, mean = 0.0 (flags = 0x41)
0  -O                                                                        (1 = 100.0%)
1  ... 

Histogram: WebApp.Preinstalled.UninstallSourceRemovedCount recorded 1 samples, mean = 0.0 (flags = 0x41)
0  -O                                                                        (1 = 100.0%)
1  ... 

Histogram: WebApp.Preinstalled.UninstallTotalCount recorded 1 samples, mean = 0.0 (flags = 0x41)
0  -O                                                                        (1 = 100.0%)
1  ... 

Histogram: WebApp.Uninstall.NonSyncIncompleteCount recorded 1 samples, mean = 0.0 (flags = 0x41)
0  -O                                                                        (1 = 100.0%)
1  ... 

Histogram: WebAuthentication.Windows.KeyCredentialManagerSupported recorded 1 samples, mean = 0.0 (flags = 0x41)
0  -O                                                                        (1 = 100.0%)
1  ... 

Histogram: WebContentsObserver.DOMContentLoaded recorded 2 samples, mean = 0.0 (flags = 0x41)
0  --O                                                                       (2 = 100.0%)
1  ... 

Histogram: WebContentsObserver.DidChangeVisibleSecurityState recorded 4 samples, mean = 0.0 (flags = 0x41)
0  ----O                                                                     (4 = 100.0%)
1  ... 

Histogram: WebContentsObserver.DidFinishLoad recorded 2 samples, mean = 0.0 (flags = 0x41)
0  --O                                                                       (2 = 100.0%)
1  ... 

Histogram: WebContentsObserver.DidFinishNavigation recorded 5 samples, mean = 0.4 (flags = 0x41)
0  ---O                                                                      (3 = 60.0%)
1  --O                                                                       (2 = 40.0%) {60.0%}
2  ... 

Histogram: WebContentsObserver.DidFirstVisuallyNonEmptyPaint recorded 2 samples, mean = 0.0 (flags = 0x41)
0  --O                                                                       (2 = 100.0%)
1  ... 

Histogram: WebContentsObserver.DidStartLoading recorded 3 samples, mean = 0.0 (flags = 0x41)
0  ---O                                                                      (3 = 100.0%)
1  ... 

Histogram: WebContentsObserver.DidStartNavigation recorded 5 samples, mean = 0.0 (flags = 0x41)
0  -----O                                                                    (5 = 100.0%)
1  ... 

Histogram: WebContentsObserver.DidStartNavigation.MainFrame recorded 5 samples, mean = 0.0 (flags = 0x41)
0  -----O                                                                    (5 = 100.0%)
1  ... 

Histogram: WebContentsObserver.DidStopLoading recorded 3 samples, mean = 0.0 (flags = 0x41)
0  ---O                                                                      (3 = 100.0%)
1  ... 

Histogram: WebContentsObserver.DidUpdateNavigationHandleTiming recorded 7 samples, mean = 0.0 (flags = 0x41)
0  -------O                                                                  (7 = 100.0%)
1  ... 

Histogram: WebContentsObserver.LoadProgressChanged recorded 17 samples, mean = 0.0 (flags = 0x41)
0  -----------------O                                                        (17 = 100.0%)
1  ... 

Histogram: WebContentsObserver.NavigationEntryChanged recorded 1 samples, mean = 0.0 (flags = 0x41)
0  -O                                                                        (1 = 100.0%)
1  ... 

Histogram: WebContentsObserver.NavigationEntryCommitted recorded 4 samples, mean = 0.0 (flags = 0x41)
0  ----O                                                                     (4 = 100.0%)
1  ... 

Histogram: WebContentsObserver.PrimaryMainDocumentElementAvailable recorded 2 samples, mean = 0.0 (flags = 0x41)
0  --O                                                                       (2 = 100.0%)
1  ... 

Histogram: WebContentsObserver.RenderFrameCreated recorded 2 samples, mean = 0.0 (flags = 0x41)
0  --O                                                                       (2 = 100.0%)
1  ... 

Histogram: WebContentsObserver.RenderFrameDeleted recorded 2 samples, mean = 0.5 (flags = 0x41)
0  -O                                                                        (1 = 50.0%)
1  -O                                                                        (1 = 50.0%) {50.0%}
2  ... 

Histogram: WebContentsObserver.RenderViewReady recorded 2 samples, mean = 0.0 (flags = 0x41)
0  --O                                                                       (2 = 100.0%)
1  ... 

Histogram: WebContentsObserver.TitleWasSet recorded 1 samples, mean = 0.0 (flags = 0x41)
0  -O                                                                        (1 = 100.0%)
1  ... 

Histogram: WebCore.Scripts.Async.NotStreamingReason recorded 24 samples, mean = 15.0 (flags = 0x41)
0   ... 
15  ------------------------O                                                 (24 = 100.0%) {0.0%}
16  ... 

Histogram: WebCore.Scripts.Async.StartedStreaming recorded 50 samples, mean = 0.5 (flags = 0x41)
0  ------------------------O                                                 (24 = 48.0%)
1  --------------------------O                                               (26 = 52.0%) {48.0%}
2  O                                                                         (0 = 0.0%) {100.0%}

Histogram: WebCore.Scripts.Other.NotStreamingReason recorded 30 samples, mean = 11.0 (flags = 0x41)
0   ... 
11  ------------------------------O                                           (30 = 100.0%) {0.0%}
12  ... 

Histogram: WebCore.Scripts.Other.StartedStreaming recorded 30 samples, mean = 0.0 (flags = 0x41)
0  ------------------------------O                                           (30 = 100.0%)
1  ... 

Histogram: WebCore.Scripts.V8CodeCacheMetadata.Get recorded 70 samples, mean = 2.0 (flags = 0x41)
0  ---------O                                                                (9 = 12.9%)
1  ----------------------------------------O                                 (40 = 57.1%) {12.9%}
2  O                                                                         (0 = 0.0%) {70.0%}
3  -O                                                                        (1 = 1.4%) {70.0%}
4  O                                                                         (0 = 0.0%) {71.4%}
5  --------------------O                                                     (20 = 28.6%) {71.4%}
6  O                                                                         (0 = 0.0%) {100.0%}

Histogram: WebCore.Scripts.V8CodeCacheMetadata.Set recorded 26 samples, mean = 2.5 (flags = 0x41)
0  ---O                                                                      (3 = 11.5%)
1  --O                                                                       (2 = 7.7%) {11.5%}
2  O                                                                         (0 = 0.0%) {19.2%}
3  ---------------------O                                                    (21 = 80.8%) {19.2%}
4  O                                                                         (0 = 0.0%) {100.0%}

Histogram: WebCore.Scripts.V8CompileHintsStatus recorded 83 samples, mean = 9.3 (flags = 0x41)
0   -O                                                                        (1 = 1.2%)
1   ... 
6   --------------------O                                                     (20 = 24.1%) {1.2%}
7   ... 
10  --------------------------O                                               (26 = 31.3%) {25.3%}
11  ------------------------------------O                                     (36 = 43.4%) {56.6%}
12  ... 

Histogram: WebCore.Scripts.V8CrowdsourcedCompileHints.ModelQuality recorded 2 samples, mean = 0.0 (flags = 0x41)
0  --O                                                                       (2 = 100.0%)
1  ... 

Histogram: WebCore.Scripts.V8LocalCompileHintsGenerated recorded 1 samples, mean = 0.0 (flags = 0x41)
0  -O                                                                        (1 = 100.0%)
1  ... 

Histogram: WebCore.Scripts.V8LocalCompileHintsObsoletedByCodeCache recorded 2 samples, mean = 0.0 (flags = 0x41)
0  --O                                                                       (2 = 100.0%)
1  ... 

Histogram: WebDatabase.InitResult recorded 2 samples, mean = 0.0 (flags = 0x41)
0  --O                                                                       (2 = 100.0%)
1  ... 

Histogram: WebFont.CacheHit recorded 10 samples, mean = 2.2 (flags = 0x41)
0  O                                                                         (0 = 0.0%)
1  ----O                                                                     (4 = 40.0%) {0.0%}
2  O                                                                         (0 = 0.0%) {40.0%}
3  ------O                                                                   (6 = 60.0%) {40.0%}
4  O                                                                         (0 = 0.0%) {100.0%}

Histogram: WebFont.Clients.RenderBlockingFonts.ExpiredFonts recorded 2 samples, mean = 1.0 (flags = 0x41)
0  O                                                                         (0 = 0.0%)
1  --O                                                                       (2 = 100.0%) {0.0%}
2  O                                                                         (0 = 0.0%) {100.0%}

Histogram: WebFont.HadBlankText recorded 2 samples, mean = 0.0 (flags = 0x41)
0  --O                                                                       (2 = 100.0%)
1  ... 

Histogram: WebFont.LocalFontUsed recorded 1 samples, mean = 1.0 (flags = 0x41)
0  O                                                                         (0 = 0.0%)
1  -O                                                                        (1 = 100.0%) {0.0%}
2  O                                                                         (0 = 0.0%) {100.0%}

Histogram: Windows.AcLayersLoaded recorded 1 samples, mean = 0.0 (flags = 0x41)
0  -O                                                                        (1 = 100.0%)
1  ... 

Histogram: Windows.CetAvailable recorded 1 samples, mean = 1.0 (flags = 0x41)
0  O                                                                         (0 = 0.0%)
1  -O                                                                        (1 = 100.0%) {0.0%}
2  O                                                                         (0 = 0.0%) {100.0%}

Histogram: Windows.CetEnabled recorded 1 samples, mean = 0.0 (flags = 0x41)
0  -O                                                                        (1 = 100.0%)
1  ... 

Histogram: Windows.DisplayIdFromDeviceId recorded 118 samples, mean = 3.0 (flags = 0x41)
0  ... 
3  ------------------------------------------------------------------------O (118 = 100.0%) {0.0%}
4  O                                                                         (0 = 0.0%) {100.0%}

Histogram: Windows.DisplayIdFromDeviceKey recorded 118 samples, mean = 3.0 (flags = 0x41)
0  ... 
3  ------------------------------------------------------------------------O (118 = 100.0%) {0.0%}
4  O                                                                         (0 = 0.0%) {100.0%}

Histogram: Windows.Enclave.SGX.Available recorded 1 samples, mean = 0.0 (flags = 0x41)
0  -O                                                                        (1 = 100.0%)
1  ... 

Histogram: Windows.Enclave.SGX2.Available recorded 1 samples, mean = 0.0 (flags = 0x41)
0  -O                                                                        (1 = 100.0%)
1  ... 

Histogram: Windows.Enclave.VBS.Available recorded 1 samples, mean = 1.0 (flags = 0x41)
0  O                                                                         (0 = 0.0%)
1  -O                                                                        (1 = 100.0%) {0.0%}
2  O                                                                         (0 = 0.0%) {100.0%}

Histogram: Windows.Enclave.VBSBasic.Available recorded 1 samples, mean = 0.0 (flags = 0x41)
0  -O                                                                        (1 = 100.0%)
1  ... 

Histogram: Windows.HasHighResolutionTimeTicks recorded 1 samples, mean = 1.0 (flags = 0x41)
0  O                                                                         (0 = 0.0%)
1  -O                                                                        (1 = 100.0%) {0.0%}
2  O                                                                         (0 = 0.0%) {100.0%}

Histogram: Windows.HasThreadTicks recorded 1 samples, mean = 1.0 (flags = 0x41)
0  O                                                                         (0 = 0.0%)
1  -O                                                                        (1 = 100.0%) {0.0%}
2  O                                                                         (0 = 0.0%) {100.0%}

Histogram: Windows.HighResolutionTimerUsage recorded 24 samples, mean = 0.0 (flags = 0x41)
0  ------------------------O                                                 (24 = 100.0%)
1  ... 

Histogram: Windows.HypervPresent recorded 1 samples, mean = 1.0 (flags = 0x41)
0  O                                                                         (0 = 0.0%)
1  -O                                                                        (1 = 100.0%) {0.0%}
2  O                                                                         (0 = 0.0%) {100.0%}

Histogram: Windows.LegacyDisplayIdAlgorithm recorded 241 samples, mean = 0.0 (flags = 0x41)
0  ------------------------------------------------------------------------O (241 = 100.0%)
1  ... 

Histogram: Windows.ParallelDllLoadingEnabled recorded 1 samples, mean = 1.0 (flags = 0x41)
0  O                                                                         (0 = 0.0%)
1  -O                                                                        (1 = 100.0%) {0.0%}
2  O                                                                         (0 = 0.0%) {100.0%}

Histogram: Windows.PatchLevel recorded 1 samples (flags = 0x41)
1717051657  -O                                                                        (1 = 100.0%)

Histogram: Windows.PatchLevelKernel32 recorded 1 samples (flags = 0x41)
1710497928  -O                                                                        (1 = 100.0%)

Histogram: Windows.ProcessorFamily recorded 1 samples (flags = 0x41)
205  -O                                                                        (1 = 100.0%)

Histogram: Windows.ProcessorVirtualizationFirmwareEnabled recorded 1 samples, mean = 0.0 (flags = 0x41)
0  -O                                                                        (1 = 100.0%)
1  ... 


